{"hacct":2,"ast":1,"at":5,"hacctRel":3,"szFull":"Woodgrove Investments","amtOpen":0.0000,"dtOpen":"01/00/00 00:00:00","dtEndRec":"01/00/00 00:00:00","dtOpenRec":"01/00/00 00:00:00","fFavorite":1,"fClosed":0,"fInRec":0,"fTaxRel":0,"fRetirement":0,"hfi":9,"hcrnc":45,"fVatEnabled":0,"grp":-1,"fStmtRequested":0,"mNum":"캪닦掏蕲轚逺⧪","fAutobalance":0,"fDebtPlan":0,"cpm":-1,"dtIntRateChg":"01/00/00 00:00:00","frqDebtPay":-1,"dtNextDebtPay":"01/00/00 00:00:00","fEmpMatch":0,"fEmpMatchPost":0,"fAdjustAmtPost":0,"frq":-1,"frqCpd":-1,"iPmtMax":-1,"fCanadian":0,"fCoupon":0,"fLent":0,"fARM":0,"dtNextAdj":"01/00/00 00:00:00","frqAdj":-1,"ctrnPartialChecks":-1,"fGotInterest":0,"fGotService":0,"lDebtHtrn":-1,"dtClose":"01/00/00 00:00:00","grfAdvice":0,"dtCBPost":"01/00/00 00:00:00","lCB":-1,"olatHint":16,"dtCBCut":"01/00/00 00:00:00","lHcrncOrig":-1,"fBusiness":0,"lHacctBonus":-1,"lHacctMonthly":-1,"fTaxExport":1,"uat":-1,"dtSerial":"04/20/07 10:42:30","fUpdated":1,"fWatch":0,"fAutoRecon":0,"fIueIncomplete":0,"lHcrncOpenSaved":-1,"lHpgmCur":-1,"taat":-1,"dtPurchase":"01/00/00 00:00:00","dtExpire":"01/00/00 00:00:00","fRegSoInc":1,"lRegSo":1,"rdr":0,"rtt":0,"fRegDetailMode":0,"fRegEntryByForm":0,"sguid":{"$binary": "e0NDM0ZCMERFLUYxNDMtNDA5MS04NUQyNTYxNEQzNTk4Nzg0fQ==", "$type": "00"},"fAdjustmentView":0,"grfFlags":0,"dtMinPymt":"01/00/00 00:00:00","fMatched":0,"fAdvAbove":0,"fAdvBelow":0,"Balance Sort":-1,"fAcctCollapsed":0,"fAcctInitialized":0}
{"hacct":3,"ast":0,"at":0,"hacctRel":2,"szFull":"Woodgrove Investments (Cash)","amtOpen":0.0000,"dtOpen":"01/00/00 00:00:00","dtEndRec":"01/00/00 00:00:00","dtOpenRec":"01/00/00 00:00:00","fFavorite":0,"fClosed":0,"fInRec":0,"fTaxRel":0,"fRetirement":0,"hfi":9,"hcrnc":45,"fVatEnabled":0,"grp":-1,"fStmtRequested":0,"fAutobalance":0,"fDebtPlan":0,"cpm":-1,"dtIntRateChg":"01/00/00 00:00:00","frqDebtPay":-1,"dtNextDebtPay":"01/00/00 00:00:00","fEmpMatch":0,"fEmpMatchPost":0,"fAdjustAmtPost":0,"frq":-1,"frqCpd":-1,"iPmtMax":-1,"fCanadian":0,"fCoupon":0,"fLent":0,"fARM":0,"dtNextAdj":"01/00/00 00:00:00","frqAdj":-1,"ctrnPartialChecks":0,"fGotInterest":0,"fGotService":0,"lDebtHtrn":-1,"dtClose":"01/00/00 00:00:00","grfAdvice":0,"dtCBPost":"01/00/00 00:00:00","lCB":-1,"olatHint":0,"dtCBCut":"01/00/00 00:00:00","lHcrncOrig":-1,"fBusiness":0,"lHacctBonus":-1,"lHacctMonthly":-1,"fTaxExport":1,"uat":-1,"dtSerial":"04/20/07 10:42:30","fUpdated":1,"fWatch":0,"fAutoRecon":0,"fIueIncomplete":0,"lHcrncOpenSaved":-1,"lHpgmCur":-1,"taat":-1,"dtPurchase":"01/00/00 00:00:00","dtExpire":"01/00/00 00:00:00","fRegSoInc":0,"lRegSo":-1,"rdr":-1,"rtt":-1,"fRegDetailMode":0,"fRegEntryByForm":0,"sguid":{"$binary": "e0IwMDNEMkJBLUQ1RjEtNDRDQi04QzY3M0EwQjgwQTdCMzk5fQ==", "$type": "00"},"fAdjustmentView":0,"grfFlags":0,"dtMinPymt":"01/00/00 00:00:00","fMatched":0,"fAdvAbove":0,"fAdvBelow":0,"Balance Sort":-1,"fAcctCollapsed":0,"fAcctInitialized":0}
{"hacct":66,"ast":1,"at":5,"hacctRel":67,"szFull":"Woodgrove Bond Account","amtOpen":0.0000,"dtOpen":"01/00/00 00:00:00","dtEndRec":"01/00/00 00:00:00","dtOpenRec":"01/00/00 00:00:00","fFavorite":0,"fClosed":0,"fInRec":0,"fTaxRel":0,"fRetirement":0,"hcrnc":45,"fVatEnabled":0,"grp":-1,"fStmtRequested":0,"fAutobalance":0,"fDebtPlan":0,"cpm":-1,"dtIntRateChg":"01/00/00 00:00:00","frqDebtPay":-1,"dtNextDebtPay":"01/00/00 00:00:00","fEmpMatch":0,"fEmpMatchPost":0,"fAdjustAmtPost":0,"frq":-1,"frqCpd":-1,"iPmtMax":-1,"fCanadian":0,"fCoupon":0,"fLent":0,"fARM":0,"dtNextAdj":"01/00/00 00:00:00","frqAdj":-1,"ctrnPartialChecks":-1,"fGotInterest":0,"fGotService":0,"lDebtHtrn":-1,"dtClose":"01/00/00 00:00:00","grfAdvice":0,"dtCBPost":"01/00/00 00:00:00","lCB":-1,"olatHint":16,"dtCBCut":"01/00/00 00:00:00","lHcrncOrig":-1,"fBusiness":0,"lHacctBonus":-1,"lHacctMonthly":-1,"fTaxExport":1,"uat":-1,"dtSerial":"04/20/07 10:42:30","fUpdated":1,"fWatch":0,"fAutoRecon":0,"fIueIncomplete":0,"lHcrncOpenSaved":-1,"lHpgmCur":-1,"taat":-1,"dtPurchase":"01/00/00 00:00:00","dtExpire":"01/00/00 00:00:00","fRegSoInc":1,"lRegSo":1,"rdr":0,"rtt":0,"fRegDetailMode":0,"fRegEntryByForm":0,"sguid":{"$binary": "ezc3NjRBNTRDLTlBNzAtNEI1OC05MjdCMDYxMDQ4NDgxMDY0fQ==", "$type": "00"},"fAdjustmentView":0,"grfFlags":0,"dtMinPymt":"01/00/00 00:00:00","fMatched":0,"fAdvAbove":0,"fAdvBelow":0,"Balance Sort":-1,"fAcctCollapsed":0,"fAcctInitialized":0}
{"hacct":67,"ast":0,"at":0,"hacctRel":66,"szFull":"Woodgrove Bond Account (Cash)","amtOpen":0.0000,"dtOpen":"01/00/00 00:00:00","dtEndRec":"01/00/00 00:00:00","dtOpenRec":"01/00/00 00:00:00","fFavorite":0,"fClosed":0,"fInRec":0,"fTaxRel":0,"fRetirement":0,"hcrnc":45,"fVatEnabled":0,"grp":-1,"fStmtRequested":0,"fAutobalance":0,"fDebtPlan":0,"cpm":-1,"dtIntRateChg":"01/00/00 00:00:00","frqDebtPay":-1,"dtNextDebtPay":"01/00/00 00:00:00","fEmpMatch":0,"fEmpMatchPost":0,"fAdjustAmtPost":0,"frq":-1,"frqCpd":-1,"iPmtMax":-1,"fCanadian":0,"fCoupon":0,"fLent":0,"fARM":0,"dtNextAdj":"01/00/00 00:00:00","frqAdj":-1,"ctrnPartialChecks":0,"fGotInterest":0,"fGotService":0,"lDebtHtrn":-1,"dtClose":"01/00/00 00:00:00","grfAdvice":0,"dtCBPost":"01/00/00 00:00:00","lCB":-1,"olatHint":0,"dtCBCut":"01/00/00 00:00:00","lHcrncOrig":-1,"fBusiness":0,"lHacctBonus":-1,"lHacctMonthly":-1,"fTaxExport":1,"uat":-1,"dtSerial":"04/20/07 10:42:30","fUpdated":1,"fWatch":0,"fAutoRecon":0,"fIueIncomplete":0,"lHcrncOpenSaved":-1,"lHpgmCur":-1,"taat":-1,"dtPurchase":"01/00/00 00:00:00","dtExpire":"01/00/00 00:00:00","fRegSoInc":0,"lRegSo":-1,"rdr":-1,"rtt":-1,"fRegDetailMode":0,"fRegEntryByForm":0,"sguid":{"$binary": "ezAwMTAwRDc1LUMxRTMtNDBCMC1CNkEwNDVDMzJCRDZCMzNDfQ==", "$type": "00"},"fAdjustmentView":0,"grfFlags":0,"dtMinPymt":"01/00/00 00:00:00","fMatched":0,"fAdvAbove":0,"fAdvBelow":0,"Balance Sort":-1,"fAcctCollapsed":0,"fAcctInitialized":0}
{"hacct":68,"ast":0,"at":0,"szFull":"Woodgrove Bank Savings","amtOpen":4000.0000,"dtOpen":"01/00/00 00:00:00","dtEndRec":"01/00/00 00:00:00","dtOpenRec":"01/00/00 00:00:00","fFavorite":1,"fClosed":0,"fInRec":0,"fTaxRel":0,"fRetirement":0,"hfi":9,"hcrnc":45,"fVatEnabled":0,"grp":-1,"fStmtRequested":0,"fAutobalance":0,"fDebtPlan":0,"cpm":-1,"dtIntRateChg":"01/00/00 00:00:00","frqDebtPay":-1,"dtNextDebtPay":"01/00/00 00:00:00","fEmpMatch":0,"fEmpMatchPost":0,"fAdjustAmtPost":0,"frq":-1,"frqCpd":-1,"iPmtMax":-1,"fCanadian":0,"fCoupon":0,"fLent":0,"fARM":0,"dtNextAdj":"01/00/00 00:00:00","frqAdj":-1,"ctrnPartialChecks":0,"fGotInterest":0,"fGotService":0,"lDebtHtrn":-1,"dtClose":"01/00/00 00:00:00","grfAdvice":0,"dtCBPost":"01/00/00 00:00:00","lCB":-1,"olatHint":1,"dtCBCut":"01/00/00 00:00:00","lHcrncOrig":-1,"fBusiness":0,"lHacctBonus":-1,"lHacctMonthly":-1,"fTaxExport":1,"uat":-1,"dtSerial":"04/30/07 11:33:52","fUpdated":1,"fWatch":0,"fAutoRecon":0,"fIueIncomplete":0,"lHcrncOpenSaved":-1,"lHpgmCur":-1,"taat":-1,"dtPurchase":"01/00/00 00:00:00","dtExpire":"01/00/00 00:00:00","fRegSoInc":1,"lRegSo":1,"rdr":0,"rtt":0,"fRegDetailMode":0,"fRegEntryByForm":0,"sguid":{"$binary": "ezI0ODEyREVDLTU3OTEtNDZFOS05QjVBODY2MjE1NDI2RUYwfQ==", "$type": "00"},"fAdjustmentView":0,"grfFlags":0,"dtMinPymt":"01/00/00 00:00:00","fMatched":0,"fAdvAbove":0,"fAdvBelow":0,"Balance Sort":-1,"fAcctCollapsed":0,"fAcctInitialized":0}
{"hacct":69,"ast":0,"at":3,"szFull":"Escrow Account","amtOpen":1000.0000,"dtOpen":"07/02/02 00:00:00","dtEndRec":"01/00/00 00:00:00","dtOpenRec":"01/00/00 00:00:00","fFavorite":0,"fClosed":0,"fInRec":0,"fTaxRel":0,"fRetirement":0,"hcrnc":45,"fVatEnabled":0,"grp":0,"fStmtRequested":0,"fAutobalance":0,"fDebtPlan":0,"cpm":-1,"dtIntRateChg":"01/00/00 00:00:00","frqDebtPay":-1,"dtNextDebtPay":"01/00/00 00:00:00","fEmpMatch":0,"fEmpMatchPost":0,"fAdjustAmtPost":0,"frq":-1,"frqCpd":-1,"iPmtMax":-1,"fCanadian":0,"fCoupon":0,"fLent":0,"fARM":0,"dtNextAdj":"01/00/00 00:00:00","frqAdj":-1,"ctrnPartialChecks":0,"fGotInterest":0,"fGotService":0,"lDebtHtrn":-1,"dtClose":"01/00/00 00:00:00","grfAdvice":0,"dtCBPost":"01/00/00 00:00:00","lCB":-1,"olatHint":1,"dtCBCut":"01/00/00 00:00:00","lHcrncOrig":-1,"fBusiness":0,"lHacctBonus":-1,"lHacctMonthly":-1,"fTaxExport":1,"uat":-1,"dtSerial":"04/20/07 10:42:30","fUpdated":1,"fWatch":0,"fAutoRecon":0,"fIueIncomplete":0,"lHcrncOpenSaved":-1,"lHpgmCur":-1,"taat":2,"dtPurchase":"01/00/00 00:00:00","dtExpire":"01/00/00 00:00:00","fRegSoInc":1,"lRegSo":1,"rdr":0,"rtt":0,"fRegDetailMode":0,"fRegEntryByForm":0,"sguid":{"$binary": "ezAyOTAxM0FFLTNBODEtNEY1NC04RUMxQzYxNjlDNTkxMTE1fQ==", "$type": "00"},"fAdjustmentView":0,"grfFlags":0,"dtMinPymt":"01/00/00 00:00:00","fMatched":0,"fAdvAbove":0,"fAdvBelow":0,"Balance Sort":-1,"fAcctCollapsed":0,"fAcctInitialized":0}
{"hacct":16,"ast":1,"at":5,"hacctRel":17,"szFull":"Charlie's 401(k)","amtOpen":0.0000,"amtEndRec":252094.1000,"dtOpen":"01/00/00 00:00:00","dtEndRec":"06/29/02 00:00:00","dtOpenRec":"01/00/00 00:00:00","fFavorite":0,"fClosed":0,"fInRec":0,"fTaxRel":1,"fRetirement":1,"hcrnc":45,"fVatEnabled":0,"grp":-1,"fStmtRequested":0,"fAutobalance":0,"fDebtPlan":0,"cpm":-1,"dtIntRateChg":"01/00/00 00:00:00","frqDebtPay":-1,"dtNextDebtPay":"01/00/00 00:00:00","fEmpMatch":0,"fEmpMatchPost":0,"hcatEmpMatch":152,"fAdjustAmtPost":0,"frq":-1,"frqCpd":-1,"iPmtMax":-1,"fCanadian":0,"fCoupon":0,"fLent":0,"fARM":0,"dtNextAdj":"01/00/00 00:00:00","frqAdj":-1,"ctrnPartialChecks":-1,"fGotInterest":0,"fGotService":0,"lDebtHtrn":-1,"dtClose":"01/00/00 00:00:00","grfAdvice":0,"dtCBPost":"01/00/00 00:00:00","lCB":-1,"olatHint":16,"dtCBCut":"01/00/00 00:00:00","lHcrncOrig":-1,"fBusiness":0,"lHacctBonus":-1,"lHacctMonthly":-1,"fTaxExport":1,"uat":1,"dtSerial":"04/20/07 10:42:30","fUpdated":1,"fWatch":0,"fAutoRecon":0,"fIueIncomplete":0,"lHcrncOpenSaved":-1,"lHpgmCur":-1,"taat":-1,"dtPurchase":"01/00/00 00:00:00","dtExpire":"01/00/00 00:00:00","fRegSoInc":1,"lRegSo":1,"rdr":0,"rtt":0,"fRegDetailMode":0,"fRegEntryByForm":0,"sguid":{"$binary": "ezRFN0I3MUFFLTcxMkQtNEU5MC1CM0VFMkE3OERCNTI3OUEyfQ==", "$type": "00"},"fAdjustmentView":0,"grfFlags":0,"dtMinPymt":"01/00/00 00:00:00","fMatched":0,"fAdvAbove":0,"fAdvBelow":0,"Balance Sort":-1,"fAcctCollapsed":0,"fAcctInitialized":0}
{"hacct":17,"ast":0,"at":0,"hacctRel":16,"szFull":"Charlie's 401(k) (Contributions)","amtOpen":250000.0000,"dtOpen":"01/00/00 00:00:00","dtEndRec":"01/00/00 00:00:00","dtOpenRec":"01/00/00 00:00:00","fFavorite":0,"fClosed":0,"fInRec":0,"fTaxRel":0,"fRetirement":0,"hcrnc":45,"fVatEnabled":0,"grp":-2,"fStmtRequested":0,"fAutobalance":0,"fDebtPlan":0,"cpm":-1,"dtIntRateChg":"01/00/00 00:00:00","frqDebtPay":-1,"dtNextDebtPay":"01/00/00 00:00:00","fEmpMatch":0,"fEmpMatchPost":0,"fAdjustAmtPost":0,"frq":-1,"frqCpd":-1,"iPmtMax":-1,"fCanadian":0,"fCoupon":0,"fLent":0,"fARM":0,"dtNextAdj":"01/00/00 00:00:00","frqAdj":-1,"ctrnPartialChecks":0,"fGotInterest":0,"fGotService":0,"lDebtHtrn":-1,"dtClose":"01/00/00 00:00:00","grfAdvice":0,"dtCBPost":"01/00/00 00:00:00","lCB":-1,"olatHint":0,"dtCBCut":"01/00/00 00:00:00","lHcrncOrig":-1,"fBusiness":0,"lHacctBonus":-1,"lHacctMonthly":-1,"fTaxExport":1,"uat":-1,"dtSerial":"04/20/07 10:42:30","fUpdated":1,"fWatch":0,"fAutoRecon":0,"fIueIncomplete":0,"lHcrncOpenSaved":-1,"lHpgmCur":-1,"taat":-1,"dtPurchase":"01/00/00 00:00:00","dtExpire":"01/00/00 00:00:00","fRegSoInc":0,"lRegSo":-1,"rdr":-1,"rtt":-1,"fRegDetailMode":0,"fRegEntryByForm":0,"sguid":{"$binary": "ezRERjc0Q0QzLThGNzAtNERBRC1BMTBFMjhFMEJEMEI0RkQ5fQ==", "$type": "00"},"fAdjustmentView":0,"grfFlags":0,"dtMinPymt":"01/00/00 00:00:00","fMatched":0,"fAdvAbove":0,"fAdvBelow":0,"Balance Sort":-1,"fAcctCollapsed":0,"fAcctInitialized":0}
{"hacct":18,"ast":2,"at":6,"hacctRel":19,"szFull":"Home Loan","amtOpen":-240000.0000,"dtOpen":"12/30/91 00:00:00","dtEndRec":"01/00/00 00:00:00","dtOpenRec":"01/00/00 00:00:00","fFavorite":0,"fClosed":0,"fInRec":0,"fTaxRel":1,"fRetirement":0,"hcrnc":45,"fVatEnabled":0,"grp":-1,"fStmtRequested":0,"fAutobalance":0,"fDebtPlan":0,"cpm":-1,"dIntRate":7.5,"dtIntRateChg":"01/00/00 00:00:00","frqDebtPay":-1,"dtNextDebtPay":"01/00/00 00:00:00","hcatInterest":213,"fEmpMatch":0,"fEmpMatchPost":0,"fAdjustAmtPost":0,"amtBalloon":0.0000,"amtPI":-1678.1100,"amtPayment":-1928.1100,"frq":3,"cFrqInst":1,"frqCpd":3,"cFrqInstCpd":1,"iPmtMax":360,"rateUser":7.5,"rateCalc":7.623468427975364,"fCanadian":0,"fCoupon":1,"fLent":0,"fARM":0,"dtNextAdj":"01/00/00 00:00:00","frqAdj":-1,"cFrqInstAdj":1,"ctrnPartialChecks":-1,"fGotInterest":0,"fGotService":0,"lDebtHtrn":-1,"dtClose":"01/00/00 00:00:00","grfAdvice":-1,"dtCBPost":"01/00/00 00:00:00","lCB":-1,"olatHint":0,"dtCBCut":"01/00/00 00:00:00","lHcrncOrig":-1,"fBusiness":0,"lHacctBonus":-1,"lHacctMonthly":-1,"fTaxExport":1,"uat":-1,"dtSerial":"05/04/07 12:00:37","fUpdated":1,"fWatch":0,"fAutoRecon":0,"fIueIncomplete":0,"lHcrncOpenSaved":-1,"lHpgmCur":-1,"taat":-1,"dtPurchase":"01/00/00 00:00:00","dtExpire":"01/00/00 00:00:00","fRegSoInc":1,"lRegSo":1,"rdr":0,"rtt":0,"fRegDetailMode":0,"fRegEntryByForm":0,"sguid":{"$binary": "e0MzRDQyOTczLTEzNDgtNEZFQS1BMTg3MEM2MkY1RDBDQzVGfQ==", "$type": "00"},"fAdjustmentView":0,"grfFlags":0,"dtMinPymt":"01/00/00 00:00:00","fMatched":0,"fAdvAbove":0,"fAdvBelow":0,"Balance Sort":-1,"fAcctCollapsed":0,"fAcctInitialized":0}
{"hacct":19,"ast":0,"at":3,"szFull":"Primary Residence","amtOpen":355000.0000,"dtOpen":"01/14/92 00:00:00","dtEndRec":"01/00/00 00:00:00","dtOpenRec":"01/00/00 00:00:00","fFavorite":0,"fClosed":0,"fInRec":0,"fTaxRel":0,"fRetirement":0,"hcrnc":45,"fVatEnabled":0,"grp":0,"fStmtRequested":0,"fAutobalance":0,"fDebtPlan":0,"cpm":-1,"dtIntRateChg":"01/00/00 00:00:00","frqDebtPay":-1,"dtNextDebtPay":"01/00/00 00:00:00","fEmpMatch":0,"fEmpMatchPost":0,"fAdjustAmtPost":0,"frq":-1,"frqCpd":-1,"iPmtMax":-1,"fCanadian":0,"fCoupon":0,"fLent":0,"fARM":0,"dtNextAdj":"01/00/00 00:00:00","frqAdj":-1,"ctrnPartialChecks":0,"fGotInterest":0,"fGotService":0,"lDebtHtrn":-1,"dtClose":"01/00/00 00:00:00","grfAdvice":1,"dtCBPost":"01/00/00 00:00:00","lCB":-1,"olatHint":1,"dtCBCut":"01/00/00 00:00:00","lHcrncOrig":-1,"fBusiness":0,"lHacctBonus":-1,"lHacctMonthly":-1,"fTaxExport":1,"uat":-1,"dtSerial":"04/20/07 10:42:30","fUpdated":1,"fWatch":0,"fAutoRecon":0,"fIueIncomplete":0,"lHcrncOpenSaved":-1,"lHpgmCur":-1,"taat":2,"dtPurchase":"01/00/00 00:00:00","dtExpire":"01/00/00 00:00:00","fRegSoInc":0,"lRegSo":-1,"rdr":-1,"rtt":-1,"fRegDetailMode":0,"fRegEntryByForm":0,"sguid":{"$binary": "ezA4NjYzNkY5LTkwMUEtNDY3Ny1CQjA0RTJCMURBQ0I3ODI1fQ==", "$type": "00"},"fAdjustmentView":0,"grfFlags":0,"dtMinPymt":"01/00/00 00:00:00","fMatched":0,"fAdvAbove":0,"fAdvBelow":0,"Balance Sort":-1,"fAcctCollapsed":0,"fAcctInitialized":0}
{"hacct":26,"ast":1,"at":5,"szFull":"Investments to Watch","dtOpen":"01/00/00 00:00:00","dtEndRec":"01/00/00 00:00:00","dtOpenRec":"01/00/00 00:00:00","fFavorite":0,"fClosed":0,"fInRec":0,"fTaxRel":0,"fRetirement":0,"hcrnc":45,"fVatEnabled":0,"grp":-1,"fStmtRequested":0,"fAutobalance":0,"fDebtPlan":0,"cpm":-1,"dtIntRateChg":"01/00/00 00:00:00","frqDebtPay":-1,"dtNextDebtPay":"01/00/00 00:00:00","fEmpMatch":0,"fEmpMatchPost":0,"fAdjustAmtPost":0,"frq":-1,"frqCpd":-1,"iPmtMax":-1,"fCanadian":0,"fCoupon":0,"fLent":0,"fARM":0,"dtNextAdj":"01/00/00 00:00:00","frqAdj":-1,"ctrnPartialChecks":-1,"fGotInterest":0,"fGotService":0,"lDebtHtrn":-1,"dtClose":"01/00/00 00:00:00","grfAdvice":-1,"dtCBPost":"01/00/00 00:00:00","lCB":-1,"olatHint":-1,"dtCBCut":"01/00/00 00:00:00","lHcrncOrig":-1,"fBusiness":0,"lHacctBonus":-1,"lHacctMonthly":-1,"fTaxExport":1,"uat":-1,"dtSerial":"04/20/07 10:42:30","fUpdated":1,"fWatch":1,"fAutoRecon":0,"fIueIncomplete":0,"lHcrncOpenSaved":-1,"lHpgmCur":-1,"taat":-1,"dtPurchase":"01/00/00 00:00:00","dtExpire":"01/00/00 00:00:00","fRegSoInc":0,"lRegSo":-1,"rdr":-1,"rtt":-1,"fRegDetailMode":0,"fRegEntryByForm":0,"sguid":{"$binary": "ezVFNDkxMkQyLTJCRDgtNDU2Ny1CMDhBRkYyMUY3MkJFMjQ5fQ==", "$type": "00"},"fAdjustmentView":0,"grfFlags":0,"dtMinPymt":"01/00/00 00:00:00","fMatched":0,"fAdvAbove":0,"fAdvBelow":0,"Balance Sort":-1,"fAcctCollapsed":0,"fAcctInitialized":0}
{"hacct":39,"ast":0,"at":1,"szFull":"Woodgrove Bank Credit Card","amtLimit":0.0000,"amtOpen":-10000.0000,"amtOpenRec":-561.8800,"amtEndRec":-1364.9800,"dtOpen":"01/00/00 00:00:00","dtEndRec":"11/08/02 00:00:00","dtOpenRec":"01/00/00 00:00:00","fFavorite":1,"fClosed":0,"fInRec":0,"fTaxRel":0,"fRetirement":0,"hfi":9,"hcrnc":45,"fVatEnabled":0,"grp":-1,"fStmtRequested":0,"fAutobalance":0,"fDebtPlan":0,"cpm":0,"dIntRate":18,"dtIntRateChg":"01/00/00 00:00:00","frqDebtPay":3,"cFrqInstDebtPay":1,"dtNextDebtPay":"10/30/02 00:00:00","dPayRateMin":2,"amtPayMin":20.0000,"amtSpending":0.0000,"hcatOpenAdj":216,"fEmpMatch":0,"fEmpMatchPost":0,"fAdjustAmtPost":0,"frq":-1,"frqCpd":-1,"iPmtMax":-1,"fCanadian":0,"fCoupon":0,"fLent":0,"fARM":0,"dtNextAdj":"01/00/00 00:00:00","frqAdj":-1,"ctrnPartialChecks":0,"fGotInterest":0,"fGotService":0,"lDebtHtrn":-1,"dtClose":"01/00/00 00:00:00","grfAdvice":0,"dtCBPost":"01/00/00 00:00:00","lCB":-1,"olatHint":2,"dtCBCut":"01/00/00 00:00:00","lHcrncOrig":-1,"fBusiness":0,"lHacctBonus":-1,"lHacctMonthly":-1,"fTaxExport":1,"uat":-1,"dtSerial":"04/20/07 10:42:30","fUpdated":1,"fWatch":0,"fAutoRecon":0,"fIueIncomplete":0,"lHcrncOpenSaved":-1,"lHpgmCur":-1,"taat":-1,"dtPurchase":"01/00/00 00:00:00","dUnitRec":0,"dtExpire":"01/00/00 00:00:00","fRegSoInc":1,"lRegSo":1,"rdr":0,"rtt":0,"fRegDetailMode":0,"fRegEntryByForm":0,"sguid":{"$binary": "ezE2MDlDNDExLUU5NUYtNDRBOC04OThENzg5OEQzMzE0QTg2fQ==", "$type": "00"},"fAdjustmentView":0,"grfFlags":0,"dtMinPymt":"01/00/00 00:00:00","fMatched":0,"fAdvAbove":0,"fAdvBelow":0,"Balance Sort":21,"fAcctCollapsed":0,"fAcctInitialized":0}
{"hacct":42,"ast":0,"at":0,"szFull":"Woodgrove Bank Checking","amtOpen":-76000.0000,"amtOpenRec":2643.9600,"amtEndRec":2502.5000,"dtOpen":"01/00/00 00:00:00","dtEndRec":"06/30/02 00:00:00","dtOpenRec":"07/01/02 00:00:00","fFavorite":1,"fClosed":0,"fInRec":1,"fTaxRel":0,"fRetirement":0,"hfi":9,"hcrnc":45,"fVatEnabled":0,"grp":-1,"fStmtRequested":0,"fAutobalance":0,"fDebtPlan":0,"cpm":-1,"dIntRate":0,"dtIntRateChg":"01/00/00 00:00:00","frqDebtPay":-1,"dtNextDebtPay":"01/00/00 00:00:00","hcatEndAdj":236,"fEmpMatch":0,"fEmpMatchPost":0,"fAdjustAmtPost":0,"frq":-1,"frqCpd":-1,"iPmtMax":-1,"fCanadian":0,"fCoupon":0,"fLent":0,"fARM":0,"dtNextAdj":"01/00/00 00:00:00","frqAdj":-1,"ctrnPartialChecks":0,"fGotInterest":0,"fGotService":0,"lDebtHtrn":-1,"dtClose":"01/00/00 00:00:00","grfAdvice":0,"dtCBPost":"01/00/00 00:00:00","lCB":-1,"olatHint":0,"dtCBCut":"01/00/00 00:00:00","lHcrncOrig":-1,"fBusiness":0,"lHacctBonus":-1,"lHacctMonthly":-1,"fTaxExport":1,"uat":-1,"dtSerial":"04/20/07 10:42:30","fUpdated":1,"fWatch":0,"fAutoRecon":0,"fIueIncomplete":0,"lHcrncOpenSaved":-1,"lHpgmCur":-1,"taat":-1,"dtPurchase":"01/00/00 00:00:00","dUnitRec":0,"dtExpire":"01/00/00 00:00:00","fRegSoInc":1,"lRegSo":1,"rdr":0,"rtt":0,"fRegDetailMode":0,"fRegEntryByForm":0,"sguid":{"$binary": "ezVFODQ1MzRBLUZBMzktNEUwQS1CNTVEOTU5ODIyNURFQTlFfQ==", "$type": "00"},"fAdjustmentView":0,"grfFlags":0,"dtMinPymt":"01/00/00 00:00:00","fMatched":0,"fAdvAbove":0,"fAdvBelow":0,"Balance Sort":20,"fAcctCollapsed":0,"fAcctInitialized":0}
{"hacct":63,"ast":0,"at":1,"szFull":"Woodgrove Platinum Card","amtLimit":-10000.0000,"amtOpen":-836.0000,"dtOpen":"01/00/00 00:00:00","dtEndRec":"01/00/00 00:00:00","dtOpenRec":"01/00/00 00:00:00","fFavorite":0,"fClosed":0,"fInRec":0,"fTaxRel":0,"fRetirement":0,"hfi":9,"hcrnc":45,"fVatEnabled":0,"grp":-1,"fStmtRequested":0,"fAutobalance":0,"fDebtPlan":1,"cpm":0,"dIntRate":18,"dtIntRateChg":"01/00/00 00:00:00","frqDebtPay":3,"cFrqInstDebtPay":1,"dtNextDebtPay":"05/07/08 00:00:00","dPayRateMin":2,"amtPayMin":20.0000,"amtSpending":0.0000,"fEmpMatch":0,"fEmpMatchPost":0,"fAdjustAmtPost":0,"frq":-1,"frqCpd":-1,"iPmtMax":-1,"fCanadian":0,"fCoupon":0,"fLent":0,"fARM":0,"dtNextAdj":"01/00/00 00:00:00","frqAdj":-1,"ctrnPartialChecks":0,"fGotInterest":0,"fGotService":0,"lDebtHtrn":-1,"dtClose":"01/00/00 00:00:00","grfAdvice":0,"dtCBPost":"01/00/00 00:00:00","lCB":-1,"olatHint":2,"dtCBCut":"01/00/00 00:00:00","lHcrncOrig":-1,"fBusiness":0,"lHacctBonus":-1,"lHacctMonthly":-1,"fTaxExport":1,"uat":-1,"dtSerial":"07/10/07 08:38:12","fUpdated":1,"fWatch":0,"fAutoRecon":0,"fIueIncomplete":0,"lHcrncOpenSaved":-1,"lHpgmCur":1,"taat":-1,"dtPurchase":"01/00/00 00:00:00","dtExpire":"01/00/00 00:00:00","fRegSoInc":1,"lRegSo":1,"rdr":0,"rtt":0,"fRegDetailMode":0,"fRegEntryByForm":0,"sguid":{"$binary": "ezc2ODVGRDE0LTM1MDgtNDVFRC04QjRFRjg3NEVGRTQyN0ZCfQ==", "$type": "00"},"fAdjustmentView":0,"grfFlags":0,"dtMinPymt":"01/00/00 00:00:00","fMatched":0,"fAdvAbove":0,"fAdvBelow":0,"Balance Sort":-1,"fAcctCollapsed":0,"fAcctInitialized":0}
{"hacct":72,"ast":1,"at":5,"hacctRel":73,"szFull":"Charlie & May’s Joint Investment","amtOpen":0.0000,"dtOpen":"01/01/03 00:00:00","dtEndRec":"01/00/00 00:00:00","dtOpenRec":"01/00/00 00:00:00","fFavorite":0,"fClosed":0,"fInRec":0,"fTaxRel":0,"fRetirement":0,"hfi":9,"hcrnc":45,"fVatEnabled":0,"grp":-1,"fStmtRequested":0,"fAutobalance":0,"fDebtPlan":0,"cpm":-1,"dtIntRateChg":"01/00/00 00:00:00","frqDebtPay":-1,"dtNextDebtPay":"01/00/00 00:00:00","fEmpMatch":0,"fEmpMatchPost":0,"fAdjustAmtPost":0,"frq":-1,"frqCpd":-1,"iPmtMax":-1,"fCanadian":0,"fCoupon":0,"fLent":0,"fARM":0,"dtNextAdj":"01/00/00 00:00:00","frqAdj":-1,"ctrnPartialChecks":-1,"fGotInterest":0,"fGotService":0,"lDebtHtrn":-1,"dtClose":"01/00/00 00:00:00","grfAdvice":0,"dtCBPost":"01/00/00 00:00:00","lCB":-1,"olatHint":16,"dtCBCut":"01/00/00 00:00:00","lHcrncOrig":-1,"fBusiness":0,"lHacctBonus":-1,"lHacctMonthly":-1,"fTaxExport":1,"uat":-1,"dtSerial":"04/20/07 10:42:30","fUpdated":1,"fWatch":0,"fAutoRecon":0,"fIueIncomplete":0,"lHcrncOpenSaved":-1,"lHpgmCur":-1,"taat":-1,"dtPurchase":"01/00/00 00:00:00","dtExpire":"01/00/00 00:00:00","fRegSoInc":1,"lRegSo":1,"rdr":0,"rtt":0,"fRegDetailMode":0,"fRegEntryByForm":0,"sguid":{"$binary": "e0Q3MzZEOUFFLTdDQzktNDBFOS1BNjYwNzc4Q0E3QTk2Mjk1fQ==", "$type": "00"},"fAdjustmentView":0,"grfFlags":0,"dtMinPymt":"01/00/00 00:00:00","fMatched":0,"fAdvAbove":0,"fAdvBelow":0,"Balance Sort":-1,"fAcctCollapsed":0,"fAcctInitialized":0}
{"hacct":73,"ast":0,"at":0,"hacctRel":72,"szFull":"Charlie & May’s Joint Inv (Cash)","amtOpen":0.0000,"dtOpen":"01/01/03 00:00:00","dtEndRec":"01/00/00 00:00:00","dtOpenRec":"01/00/00 00:00:00","fFavorite":0,"fClosed":0,"fInRec":0,"fTaxRel":0,"fRetirement":0,"hfi":9,"hcrnc":45,"fVatEnabled":0,"grp":-1,"fStmtRequested":0,"fAutobalance":0,"fDebtPlan":0,"cpm":-1,"dtIntRateChg":"01/00/00 00:00:00","frqDebtPay":-1,"dtNextDebtPay":"01/00/00 00:00:00","fEmpMatch":0,"fEmpMatchPost":0,"fAdjustAmtPost":0,"frq":-1,"frqCpd":-1,"iPmtMax":-1,"fCanadian":0,"fCoupon":0,"fLent":0,"fARM":0,"dtNextAdj":"01/00/00 00:00:00","frqAdj":-1,"ctrnPartialChecks":0,"fGotInterest":0,"fGotService":0,"lDebtHtrn":-1,"dtClose":"01/00/00 00:00:00","grfAdvice":0,"dtCBPost":"01/00/00 00:00:00","lCB":-1,"olatHint":0,"dtCBCut":"01/00/00 00:00:00","lHcrncOrig":-1,"fBusiness":0,"lHacctBonus":-1,"lHacctMonthly":-1,"fTaxExport":1,"uat":-1,"dtSerial":"04/20/07 10:42:30","fUpdated":1,"fWatch":0,"fAutoRecon":0,"fIueIncomplete":0,"lHcrncOpenSaved":-1,"lHpgmCur":-1,"taat":-1,"dtPurchase":"01/00/00 00:00:00","dtExpire":"01/00/00 00:00:00","fRegSoInc":0,"lRegSo":-1,"rdr":-1,"rtt":-1,"fRegDetailMode":0,"fRegEntryByForm":0,"sguid":{"$binary": "ezQyQTEyNDgwLTc0QTctNDc2OS05MDUyMzVGNDBCQTQ4MDhCfQ==", "$type": "00"},"fAdjustmentView":0,"grfFlags":0,"dtMinPymt":"01/00/00 00:00:00","fMatched":0,"fAdvAbove":0,"fAdvBelow":0,"Balance Sort":-1,"fAcctCollapsed":0,"fAcctInitialized":0}
{"hacct":74,"ast":0,"at":1,"szFull":"Previous card (No longer used)","amtLimit":-2500.0000,"amtOpen":-984.2500,"dtOpen":"01/01/03 00:00:00","dtEndRec":"01/00/00 00:00:00","dtOpenRec":"01/00/00 00:00:00","fFavorite":0,"fClosed":0,"fInRec":0,"fTaxRel":0,"fRetirement":0,"hfi":9,"hcrnc":45,"fVatEnabled":0,"grp":-1,"fStmtRequested":0,"mNum":"캯다掎蕷轚逿⧩㦟嫟","fAutobalance":0,"fDebtPlan":0,"cpm":0,"dIntRate":21.5,"dtIntRateChg":"01/00/00 00:00:00","frqDebtPay":-1,"dtNextDebtPay":"01/00/00 00:00:00","fEmpMatch":0,"fEmpMatchPost":0,"fAdjustAmtPost":0,"frq":-1,"frqCpd":-1,"iPmtMax":-1,"fCanadian":0,"fCoupon":0,"fLent":0,"fARM":0,"dtNextAdj":"01/00/00 00:00:00","frqAdj":-1,"ctrnPartialChecks":0,"fGotInterest":0,"fGotService":0,"lDebtHtrn":-1,"dtClose":"01/00/00 00:00:00","grfAdvice":0,"dtCBPost":"01/00/00 00:00:00","lCB":-1,"olatHint":2,"dtCBCut":"01/00/00 00:00:00","lHcrncOrig":-1,"fBusiness":0,"lHacctBonus":-1,"lHacctMonthly":-1,"fTaxExport":1,"uat":-1,"dtSerial":"04/20/07 10:42:30","fUpdated":1,"fWatch":0,"fAutoRecon":0,"fIueIncomplete":0,"lHcrncOpenSaved":-1,"lHpgmCur":-1,"taat":-1,"dtPurchase":"01/00/00 00:00:00","dtExpire":"01/00/00 00:00:00","fRegSoInc":0,"lRegSo":-1,"rdr":-1,"rtt":-1,"fRegDetailMode":0,"fRegEntryByForm":0,"sguid":{"$binary": "e0NDRTkyRUQzLUM5MUEtNEE0Ri1CRkNCQkMzNzNBNEJDQzRCfQ==", "$type": "00"},"fAdjustmentView":0,"grfFlags":0,"dtMinPymt":"01/00/00 00:00:00","fMatched":0,"fAdvAbove":0,"fAdvBelow":0,"Balance Sort":-1,"fAcctCollapsed":0,"fAcctInitialized":0}
{"hacct":75,"ast":1,"at":5,"hacctRel":76,"szFull":"WoodGrove Finance Stock Options","dtOpen":"01/00/00 00:00:00","dtEndRec":"01/00/00 00:00:00","dtOpenRec":"01/00/00 00:00:00","fFavorite":0,"fClosed":0,"fInRec":0,"fTaxRel":0,"fRetirement":0,"hfi":10,"hcrnc":45,"fVatEnabled":0,"grp":-1,"fStmtRequested":0,"fAutobalance":0,"fDebtPlan":0,"cpm":-1,"dtIntRateChg":"01/00/00 00:00:00","frqDebtPay":-1,"dtNextDebtPay":"01/00/00 00:00:00","fEmpMatch":0,"fEmpMatchPost":0,"fAdjustAmtPost":0,"frq":-1,"frqCpd":-1,"iPmtMax":-1,"fCanadian":0,"fCoupon":0,"fLent":0,"fARM":0,"dtNextAdj":"01/00/00 00:00:00","frqAdj":-1,"ctrnPartialChecks":-1,"fGotInterest":0,"fGotService":0,"lDebtHtrn":-1,"dtClose":"01/00/00 00:00:00","grfAdvice":-1,"dtCBPost":"01/00/00 00:00:00","lCB":-1,"olatHint":-1,"dtCBCut":"01/00/00 00:00:00","lHcrncOrig":-1,"fBusiness":0,"lHacctBonus":-1,"lHacctMonthly":-1,"fTaxExport":1,"uat":-1,"dtSerial":"05/03/07 10:59:13","fUpdated":1,"fWatch":0,"fAutoRecon":0,"fIueIncomplete":0,"lHcrncOpenSaved":-1,"lHpgmCur":-1,"taat":-1,"dtPurchase":"01/00/00 00:00:00","dtExpire":"01/00/00 00:00:00","fRegSoInc":1,"lRegSo":1,"rdr":0,"rtt":0,"fRegDetailMode":0,"fRegEntryByForm":0,"sguid":{"$binary": "ezUzQjZFNzQ0LTg0NkYtNDY5RS04QTgxMEJCRkQyMUMwMTg3fQ==", "$type": "00"},"dfltLast":-1,"fAdjustmentView":0,"grfFlags":0,"dtMinPymt":"01/00/00 00:00:00","fMatched":0,"fAdvAbove":0,"fAdvBelow":0,"Balance Sort":-1,"fAcctCollapsed":0,"fAcctInitialized":0}
{"hacct":76,"ast":0,"at":0,"hacctRel":75,"szFull":"WoodGrove Finance Stock Options (Cash)","amtOpen":0.0000,"dtOpen":"01/00/00 00:00:00","dtEndRec":"01/00/00 00:00:00","dtOpenRec":"01/00/00 00:00:00","fFavorite":0,"fClosed":0,"fInRec":0,"fTaxRel":0,"fRetirement":0,"hfi":10,"hcrnc":45,"fVatEnabled":0,"grp":-1,"fStmtRequested":0,"fAutobalance":0,"fDebtPlan":0,"cpm":-1,"dtIntRateChg":"01/00/00 00:00:00","frqDebtPay":-1,"dtNextDebtPay":"01/00/00 00:00:00","fEmpMatch":0,"fEmpMatchPost":0,"fAdjustAmtPost":0,"frq":-1,"frqCpd":-1,"iPmtMax":-1,"fCanadian":0,"fCoupon":0,"fLent":0,"fARM":0,"dtNextAdj":"01/00/00 00:00:00","frqAdj":-1,"ctrnPartialChecks":0,"fGotInterest":0,"fGotService":0,"lDebtHtrn":-1,"dtClose":"01/00/00 00:00:00","grfAdvice":0,"dtCBPost":"01/00/00 00:00:00","lCB":-1,"olatHint":0,"dtCBCut":"01/00/00 00:00:00","lHcrncOrig":-1,"fBusiness":0,"lHacctBonus":-1,"lHacctMonthly":-1,"fTaxExport":1,"uat":-1,"dtSerial":"05/03/07 10:59:13","fUpdated":1,"fWatch":0,"fAutoRecon":0,"fIueIncomplete":0,"lHcrncOpenSaved":-1,"lHpgmCur":-1,"taat":-1,"dtPurchase":"01/00/00 00:00:00","dtExpire":"01/00/00 00:00:00","fRegSoInc":0,"lRegSo":-1,"rdr":-1,"rtt":-1,"fRegDetailMode":0,"fRegEntryByForm":0,"sguid":{"$binary": "ezQ5QzZCRjhGLTMzNUUtNEJGNi05OEFDQkEwNEMxNjhGMDVCfQ==", "$type": "00"},"dfltLast":-1,"fAdjustmentView":0,"grfFlags":0,"dtMinPymt":"01/00/00 00:00:00","fMatched":0,"fAdvAbove":0,"fAdvBelow":0,"Balance Sort":-1,"fAcctCollapsed":0,"fAcctInitialized":0}
{"hacct":77,"ast":1,"at":5,"hacctRel":78,"szFull":"Commodities","amtOpen":0.0000,"dtOpen":"01/00/00 00:00:00","dtEndRec":"01/00/00 00:00:00","dtOpenRec":"01/00/00 00:00:00","fFavorite":0,"fClosed":0,"fInRec":0,"fTaxRel":0,"fRetirement":0,"hfi":11,"hcrnc":45,"fVatEnabled":0,"grp":-1,"fStmtRequested":0,"fAutobalance":0,"fDebtPlan":0,"cpm":-1,"dtIntRateChg":"01/00/00 00:00:00","frqDebtPay":-1,"dtNextDebtPay":"01/00/00 00:00:00","fEmpMatch":0,"fEmpMatchPost":0,"fAdjustAmtPost":0,"frq":-1,"frqCpd":-1,"iPmtMax":-1,"fCanadian":0,"fCoupon":0,"fLent":0,"fARM":0,"dtNextAdj":"01/00/00 00:00:00","frqAdj":-1,"ctrnPartialChecks":-1,"fGotInterest":0,"fGotService":0,"lDebtHtrn":-1,"dtClose":"01/00/00 00:00:00","grfAdvice":0,"dtCBPost":"01/00/00 00:00:00","lCB":-1,"olatHint":16,"dtCBCut":"01/00/00 00:00:00","lHcrncOrig":-1,"fBusiness":0,"lHacctBonus":-1,"lHacctMonthly":-1,"fTaxExport":1,"uat":-1,"dtSerial":"04/30/07 11:31:21","fUpdated":1,"fWatch":0,"fAutoRecon":0,"fIueIncomplete":0,"lHcrncOpenSaved":-1,"lHpgmCur":-1,"taat":-1,"dtPurchase":"01/00/00 00:00:00","dtExpire":"01/00/00 00:00:00","fRegSoInc":1,"lRegSo":1,"rdr":0,"rtt":0,"fRegDetailMode":0,"fRegEntryByForm":0,"sguid":{"$binary": "ezMwODQ3OTAwLTNERDEtNDAxNi1CNkExNTFBMkE4NDhFMkUyfQ==", "$type": "00"},"dfltLast":-1,"fAdjustmentView":0,"grfFlags":0,"dtMinPymt":"01/00/00 00:00:00","fMatched":0,"fAdvAbove":0,"fAdvBelow":0,"Balance Sort":-1,"fAcctCollapsed":0,"fAcctInitialized":0}
{"hacct":78,"ast":0,"at":0,"hacctRel":77,"szFull":"Commodities (Cash)","amtOpen":0.0000,"dtOpen":"01/00/00 00:00:00","dtEndRec":"01/00/00 00:00:00","dtOpenRec":"01/00/00 00:00:00","fFavorite":0,"fClosed":0,"fInRec":0,"fTaxRel":0,"fRetirement":0,"hfi":11,"hcrnc":45,"fVatEnabled":0,"grp":-1,"fStmtRequested":0,"fAutobalance":0,"fDebtPlan":0,"cpm":-1,"dtIntRateChg":"01/00/00 00:00:00","frqDebtPay":-1,"dtNextDebtPay":"01/00/00 00:00:00","fEmpMatch":0,"fEmpMatchPost":0,"fAdjustAmtPost":0,"frq":-1,"frqCpd":-1,"iPmtMax":-1,"fCanadian":0,"fCoupon":0,"fLent":0,"fARM":0,"dtNextAdj":"01/00/00 00:00:00","frqAdj":-1,"ctrnPartialChecks":0,"fGotInterest":0,"fGotService":0,"lDebtHtrn":-1,"dtClose":"01/00/00 00:00:00","grfAdvice":0,"dtCBPost":"01/00/00 00:00:00","lCB":-1,"olatHint":0,"dtCBCut":"01/00/00 00:00:00","lHcrncOrig":-1,"fBusiness":0,"lHacctBonus":-1,"lHacctMonthly":-1,"fTaxExport":1,"uat":-1,"dtSerial":"04/30/07 11:31:29","fUpdated":1,"fWatch":0,"fAutoRecon":0,"fIueIncomplete":0,"lHcrncOpenSaved":-1,"lHpgmCur":-1,"taat":-1,"dtPurchase":"01/00/00 00:00:00","dtExpire":"01/00/00 00:00:00","fRegSoInc":1,"lRegSo":1,"rdr":0,"rtt":0,"fRegDetailMode":0,"fRegEntryByForm":0,"sguid":{"$binary": "e0UyM0QyRDJFLTM3M0UtNDY4NC1BODk1QkIyQ0UxOUEzNEYyfQ==", "$type": "00"},"dfltLast":-1,"fAdjustmentView":0,"grfFlags":0,"dtMinPymt":"01/00/00 00:00:00","fMatched":0,"fAdvAbove":0,"fAdvBelow":0,"Balance Sort":-1,"fAcctCollapsed":0,"fAcctInitialized":0}
{"hacct":79,"ast":1,"at":5,"hacctRel":80,"szFull":"ETF Brokerage Account","amtOpen":0.0000,"dtOpen":"01/00/00 00:00:00","dtEndRec":"01/00/00 00:00:00","dtOpenRec":"01/00/00 00:00:00","fFavorite":0,"fClosed":0,"fInRec":0,"fTaxRel":0,"fRetirement":0,"hfi":12,"hcrnc":45,"fVatEnabled":0,"grp":-1,"fStmtRequested":0,"fAutobalance":0,"fDebtPlan":0,"cpm":-1,"dtIntRateChg":"01/00/00 00:00:00","frqDebtPay":-1,"dtNextDebtPay":"01/00/00 00:00:00","fEmpMatch":0,"fEmpMatchPost":0,"fAdjustAmtPost":0,"frq":-1,"frqCpd":-1,"iPmtMax":-1,"fCanadian":0,"fCoupon":0,"fLent":0,"fARM":0,"dtNextAdj":"01/00/00 00:00:00","frqAdj":-1,"ctrnPartialChecks":-1,"fGotInterest":0,"fGotService":0,"lDebtHtrn":-1,"dtClose":"01/00/00 00:00:00","grfAdvice":0,"dtCBPost":"01/00/00 00:00:00","lCB":-1,"olatHint":16,"dtCBCut":"01/00/00 00:00:00","lHcrncOrig":-1,"fBusiness":0,"lHacctBonus":-1,"lHacctMonthly":-1,"fTaxExport":1,"uat":-1,"dtSerial":"05/02/07 09:57:58","fUpdated":1,"fWatch":0,"fAutoRecon":0,"fIueIncomplete":0,"lHcrncOpenSaved":-1,"lHpgmCur":-1,"taat":-1,"dtPurchase":"01/00/00 00:00:00","dtExpire":"01/00/00 00:00:00","fRegSoInc":1,"lRegSo":1,"rdr":0,"rtt":0,"fRegDetailMode":0,"fRegEntryByForm":0,"sguid":{"$binary": "ezUwQkQxOUFFLTVENDQtNEU3OS1BQ0ZERDE1NkJDMjhFNUI4fQ==", "$type": "00"},"dfltLast":-1,"fAdjustmentView":0,"grfFlags":0,"dtMinPymt":"01/00/00 00:00:00","fMatched":0,"fAdvAbove":0,"fAdvBelow":0,"Balance Sort":-1,"fAcctCollapsed":0,"fAcctInitialized":0}
{"hacct":80,"ast":0,"at":0,"hacctRel":79,"szFull":"ETF Brokerage Account (Cash)","amtOpen":0.0000,"dtOpen":"01/00/00 00:00:00","dtEndRec":"01/00/00 00:00:00","dtOpenRec":"01/00/00 00:00:00","fFavorite":0,"fClosed":0,"fInRec":0,"fTaxRel":0,"fRetirement":0,"hfi":12,"hcrnc":45,"fVatEnabled":0,"grp":-1,"fStmtRequested":0,"fAutobalance":0,"fDebtPlan":0,"cpm":-1,"dtIntRateChg":"01/00/00 00:00:00","frqDebtPay":-1,"dtNextDebtPay":"01/00/00 00:00:00","fEmpMatch":0,"fEmpMatchPost":0,"fAdjustAmtPost":0,"frq":-1,"frqCpd":-1,"iPmtMax":-1,"fCanadian":0,"fCoupon":0,"fLent":0,"fARM":0,"dtNextAdj":"01/00/00 00:00:00","frqAdj":-1,"ctrnPartialChecks":0,"fGotInterest":0,"fGotService":0,"lDebtHtrn":-1,"dtClose":"01/00/00 00:00:00","grfAdvice":0,"dtCBPost":"01/00/00 00:00:00","lCB":-1,"olatHint":0,"dtCBCut":"01/00/00 00:00:00","lHcrncOrig":-1,"fBusiness":0,"lHacctBonus":-1,"lHacctMonthly":-1,"fTaxExport":1,"uat":-1,"dtSerial":"05/02/07 09:57:58","fUpdated":1,"fWatch":0,"fAutoRecon":0,"fIueIncomplete":0,"lHcrncOpenSaved":-1,"lHpgmCur":-1,"taat":-1,"dtPurchase":"01/00/00 00:00:00","dtExpire":"01/00/00 00:00:00","fRegSoInc":1,"lRegSo":1,"rdr":0,"rtt":0,"fRegDetailMode":0,"fRegEntryByForm":0,"sguid":{"$binary": "ezI2MkNBODMwLUFBOTQtNDA2MS05NzY1Njc2Q0REOUI1QTEwfQ==", "$type": "00"},"dfltLast":-1,"fAdjustmentView":0,"grfFlags":0,"dtMinPymt":"01/00/00 00:00:00","fMatched":0,"fAdvAbove":0,"fAdvBelow":0,"Balance Sort":-1,"fAcctCollapsed":0,"fAcctInitialized":0}
