{"haddr":12,"addrt":1,"mNameUserLast":"WoodgroveBank","mAddr1":"P. O. Box 2000","mCity":"Springfield","mState":"WA","mCountry":"USA","lISOCountry":-1,"mPostalCode":"99000","mPhoneWork":"(206) 003-0030","mURL":"http://www.microsoft.com/money/partner/woodgrove/default.asp"}
{"haddr":13,"addrt":4,"lISOCountry":-1,"mURL":"http://www.microsoft.com/money/partner/woodgrove/default.asp"}
{"haddr":14,"addrt":4,"lISOCountry":-1}
{"haddr":16,"addrt":4,"lISOCountry":-1}
{"haddr":20,"addrt":4,"lISOCountry":-1}
{"haddr":21,"addrt":2,"lISOCountry":-1}
{"haddr":22,"addrt":2,"lISOCountry":-1}
{"haddr":23,"addrt":2,"lISOCountry":-1}
{"haddr":24,"addrt":2,"lISOCountry":-1}
{"haddr":25,"addrt":2,"lISOCountry":-1}
{"haddr":26,"addrt":2,"lISOCountry":-1}
{"haddr":27,"addrt":2,"lISOCountry":-1}
{"haddr":28,"addrt":2,"lISOCountry":-1}
{"haddr":29,"addrt":2,"lISOCountry":-1}
{"haddr":30,"addrt":2,"lISOCountry":-1}
{"haddr":31,"addrt":2,"lISOCountry":-1}
{"haddr":32,"addrt":2,"lISOCountry":-1}
{"haddr":33,"addrt":4,"lISOCountry":-1}
{"haddr":34,"addrt":4,"lISOCountry":-1}
{"haddr":35,"addrt":1,"lISOCountry":-1,"mURL":"http://moneycentral.msn.com/investor/market/commodities.aspx"}
{"haddr":36,"addrt":4,"lISOCountry":-1}
{"haddr":37,"addrt":1,"lISOCountry":-1}
