{"hadv":1,"lAdvId":249,"lType":2,"lStatus":0,"dtTrigger":"07/10/07 00:00:00","dtSerial":"07/10/07 08:31:42","lAdvCat":6,"lAdvGoal":2,"lBaseImportance":90,"lCurImportance":-90,"lHobjChartFilter":-1,"tblChartFilter":-1,"lAge":0}
{"hadv":2,"lAdvId":250,"lType":2,"lStatus":0,"dtTrigger":"07/10/07 00:00:00","dtSerial":"07/10/07 08:31:42","lAdvCat":6,"lAdvGoal":10,"lBaseImportance":40,"lCurImportance":-40,"lHobjChartFilter":-1,"tblChartFilter":-1,"lAge":0}
{"hadv":3,"lAdvId":142,"lType":1,"lStatus":5,"dtTrigger":"03/16/07 00:00:00","dtSerial":"04/20/07 10:42:30","lAdvCat":8,"lAdvGoal":17,"lBaseImportance":66,"lCurImportance":-111,"lHobjChartFilter":-1,"tblChartFilter":-1,"lAge":4}
{"hadv":5,"lAdvId":171,"lType":1,"lStatus":5,"dtTrigger":"03/16/07 00:00:00","dtSerial":"04/20/07 10:42:30","lAdvCat":8,"lAdvGoal":16,"lBaseImportance":66,"lCurImportance":-111,"lHobjChartFilter":-1,"tblChartFilter":-1,"lAge":4}
{"hadv":6,"lAdvId":262,"lType":2,"lStatus":0,"dtTrigger":"04/05/07 00:00:00","dtSerial":"04/20/07 10:42:30","lAdvCat":8,"lAdvGoal":4,"lBaseImportance":50,"lCurImportance":-50,"lHobjChartFilter":-1,"tblChartFilter":-1,"lAge":0}
{"hadv":7,"lAdvId":170,"lType":1,"lStatus":5,"dtTrigger":"02/15/06 00:00:00","dtSerial":"04/20/07 10:42:30","lAdvCat":8,"lAdvGoal":16,"lBaseImportance":66,"lCurImportance":-96,"lHobjChartFilter":-1,"tblChartFilter":-1,"lAge":4}
{"hadv":8,"lAdvId":144,"lType":1,"lStatus":5,"dtTrigger":"08/17/02 00:00:00","dtSerial":"04/20/07 10:42:30","lAdvCat":8,"lAdvGoal":16,"lBaseImportance":66,"lCurImportance":-66,"lHobjChartFilter":-1,"tblChartFilter":-1,"lAge":4}
{"hadv":9,"lAdvId":172,"lType":1,"lStatus":5,"dtTrigger":"08/17/02 00:00:00","dtSerial":"04/20/07 10:42:30","lAdvCat":8,"lAdvGoal":16,"lBaseImportance":66,"lCurImportance":-66,"lHobjChartFilter":-1,"tblChartFilter":-1,"lAge":4}
{"hadv":10,"lAdvId":259,"lType":2,"lStatus":0,"dtTrigger":"07/10/07 00:00:00","dtSerial":"07/10/07 08:31:42","lAdvCat":0,"lAdvGoal":3,"lBaseImportance":70,"lCurImportance":-70,"mReplacements":"19;","lHobjChartFilter":-1,"tblChartFilter":-1,"lAge":0}
{"hadv":11,"lAdvId":160,"lType":1,"lStatus":5,"dtTrigger":"09/02/02 00:00:00","dtSerial":"04/20/07 10:42:30","lAdvCat":5,"lAdvGoal":6,"lBaseImportance":66,"lCurImportance":-111,"mReplacements":"<ul><li>Worldcom Inc 6.4% 8/05</ul>;","lHobjChartFilter":-1,"tblChartFilter":-1,"lAge":4}
{"hadv":12,"lAdvId":232,"lType":2,"lStatus":0,"dtTrigger":"09/08/02 00:00:00","dtSerial":"04/20/07 10:42:30","lAdvCat":5,"lAdvGoal":5,"lBaseImportance":80,"lCurImportance":-80,"mReplacements":"<ul><li>Worldcom Inc 6.4% 8/05</ul>;","lHobjChartFilter":-1,"tblChartFilter":-1,"lAge":0}
{"hadv":16,"lAdvId":159,"lType":1,"lStatus":5,"dtTrigger":"11/07/02 00:00:00","dtSerial":"04/20/07 10:42:30","lAdvCat":5,"lAdvGoal":6,"lBaseImportance":66,"lCurImportance":-171,"lHobjChartFilter":-1,"tblChartFilter":-1,"lAge":4}
{"hadv":17,"lAdvId":118,"lType":1,"lStatus":5,"dtTrigger":"08/17/02 00:00:00","dtSerial":"04/20/07 10:42:30","lAdvCat":6,"lAdvGoal":12,"lBaseImportance":66,"lCurImportance":-66,"mReplacements":"Primary Residence;","lHobjChartFilter":19,"tblChartFilter":-4000,"lAge":4}
{"hadv":18,"lAdvId":244,"lType":2,"lStatus":0,"dtTrigger":"08/17/02 00:00:00","dtSerial":"04/20/07 10:42:30","lAdvCat":6,"lAdvGoal":12,"lBaseImportance":40,"lCurImportance":-40,"lHobjChartFilter":-1,"tblChartFilter":-1,"lAge":0}
{"hadv":22,"lAdvId":108,"lType":1,"lStatus":5,"dtTrigger":"08/23/02 00:00:00","dtSerial":"04/20/07 10:42:30","lAdvCat":4,"lAdvGoal":8,"lBaseImportance":66,"lCurImportance":-66,"lHobjChartFilter":-1,"tblChartFilter":-1,"lAge":4}
{"hadv":23,"lAdvId":180,"lType":1,"lStatus":5,"dtTrigger":"04/19/08 00:00:00","dtSerial":"05/02/07 09:34:17","lAdvCat":4,"lAdvGoal":8,"lBaseImportance":45,"lCurImportance":-195,"mReplacements":"Previous card (No longer used);","lHobjChartFilter":-1,"tblChartFilter":-1,"lAge":4}
{"hadv":26,"lAdvId":224,"lType":2,"lStatus":0,"dtTrigger":"06/27/02 00:00:00","dtSerial":"04/20/07 10:42:30","lAdvCat":7,"lAdvGoal":7,"lBaseImportance":40,"lCurImportance":-40,"mReplacements":"Car Payment;$140.00;Automobile : Car Payment;","lHobjChartFilter":-1,"tblChartFilter":-1,"lAge":0}
{"hadv":27,"lAdvId":158,"lType":1,"lStatus":5,"dtTrigger":"05/30/03 00:00:00","dtSerial":"04/20/07 10:42:30","lAdvCat":5,"lAdvGoal":6,"lBaseImportance":66,"lCurImportance":-156,"lHobjChartFilter":-1,"tblChartFilter":-1,"lAge":4}
{"hadv":28,"lAdvId":141,"lType":1,"lStatus":5,"dtTrigger":"09/02/02 00:00:00","dtSerial":"04/20/07 10:42:30","lAdvCat":8,"lAdvGoal":16,"lBaseImportance":66,"lCurImportance":-66,"mReplacements":"28%;15%;","lHobjChartFilter":-1,"tblChartFilter":-1,"lAge":4}
{"hadv":30,"lAdvId":218,"lType":1,"lStatus":5,"dtTrigger":"09/26/02 00:00:00","dtSerial":"04/20/07 10:42:30","lAdvCat":5,"lAdvGoal":5,"lBaseImportance":65,"lCurImportance":-65,"mReplacements":"Oakmark Fund;3/17/2000;","lHobjChartFilter":69,"tblChartFilter":-4028,"lAge":4}
{"hadv":31,"lAdvId":257,"lType":2,"lStatus":0,"dtTrigger":"09/26/02 00:00:00","dtSerial":"04/20/07 10:42:30","lAdvCat":5,"lAdvGoal":5,"lBaseImportance":40,"lCurImportance":-40,"mReplacements":"Oakmark Fund;3/17/2000;","lHobjChartFilter":-1,"tblChartFilter":-1,"lAge":0}
{"hadv":34,"lAdvId":143,"lType":1,"lStatus":5,"dtTrigger":"04/05/07 00:00:00","dtSerial":"04/20/07 10:42:30","lAdvCat":8,"lAdvGoal":17,"lBaseImportance":66,"lCurImportance":-96,"lHobjChartFilter":-1,"tblChartFilter":-1,"lAge":4}
{"hadv":46,"lAdvId":110,"lType":1,"lStatus":5,"dtTrigger":"10/05/02 00:00:00","dtSerial":"04/20/07 10:42:30","lAdvCat":4,"lAdvGoal":8,"lBaseImportance":66,"lCurImportance":-66,"lHobjChartFilter":-1,"tblChartFilter":-1,"lAge":4}
{"hadv":48,"lAdvId":106,"lType":1,"lStatus":5,"dtTrigger":"04/19/08 00:00:00","dtSerial":"05/02/07 09:34:17","lAdvCat":4,"lAdvGoal":8,"lBaseImportance":66,"lCurImportance":-216,"lHobjChartFilter":-1,"tblChartFilter":-1,"lAge":4}
{"hadv":56,"lAdvId":140,"lType":1,"lStatus":5,"dtTrigger":"10/05/02 00:00:00","dtSerial":"04/20/07 10:42:30","lAdvCat":8,"lAdvGoal":16,"lBaseImportance":66,"lCurImportance":-66,"mReplacements":"$271.19;","lHobjChartFilter":-1,"tblChartFilter":-1,"lAge":4}
{"hadv":82,"lAdvId":130,"lType":1,"lStatus":5,"dtTrigger":"04/19/08 00:00:00","dtSerial":"05/02/07 09:34:17","lAdvCat":4,"lAdvGoal":8,"lBaseImportance":66,"lCurImportance":-231,"mReplacements":"6/8/2006;5/8/2007;","lHobjChartFilter":-1,"tblChartFilter":-1,"lAge":4}
{"hadv":94,"lAdvId":164,"lType":1,"lStatus":0,"dtTrigger":"07/10/07 00:00:00","dtSerial":"07/10/07 08:31:44","lAdvCat":5,"lAdvGoal":5,"lBaseImportance":66,"lCurImportance":-681,"mReplacements":"<ul><li>McDonalds, <li>Toys R Us, <li>Walt Disney Company, <li>White Oak Growth Stock, <li>Coho Winery, <li>Fabrikam, Inc., <li>Litware, Inc., <li>Lucerne Publishing, <li>Oakmark Fund, <li>Trey Research, <li>Woodgrove Money Market Fund, <li>New Bond, <li>Proseware, Inc., <li>The Phone Company, <li>Wingtip Toys</ul>;","lHobjChartFilter":-1,"tblChartFilter":-1,"lAge":0}
{"hadv":95,"lAdvId":234,"lType":2,"lStatus":0,"dtTrigger":"07/10/07 00:00:00","dtSerial":"07/10/07 08:31:44","lAdvCat":5,"lAdvGoal":5,"lBaseImportance":30,"lCurImportance":-30,"lHobjChartFilter":-1,"tblChartFilter":-1,"lAge":0}
{"hadv":96,"lAdvId":235,"lType":2,"lStatus":0,"dtTrigger":"07/10/07 00:00:00","dtSerial":"07/10/07 08:31:44","lAdvCat":5,"lAdvGoal":6,"lBaseImportance":50,"lCurImportance":-50,"lHobjChartFilter":-1,"tblChartFilter":-1,"lAge":0}
{"hadv":97,"lAdvId":265,"lType":2,"lStatus":0,"dtTrigger":"11/07/02 00:00:00","dtSerial":"04/20/07 10:42:30","lAdvCat":0,"lAdvGoal":14,"lBaseImportance":30,"lCurImportance":-30,"lHobjChartFilter":-1,"tblChartFilter":-1,"lAge":0}
{"hadv":98,"lAdvId":267,"lType":2,"lStatus":0,"dtTrigger":"11/07/02 00:00:00","dtSerial":"04/20/07 10:42:30","lAdvCat":0,"lAdvGoal":10,"lBaseImportance":30,"lCurImportance":-30,"lHobjChartFilter":-1,"tblChartFilter":-1,"lAge":0}
{"hadv":99,"lAdvId":221,"lType":1,"lStatus":5,"dtTrigger":"04/19/08 00:00:00","dtSerial":"05/02/07 09:34:17","lAdvCat":7,"lAdvGoal":6,"lBaseImportance":63,"lCurImportance":-408,"mReplacements":"$12,196.30;Woodgrove Bank Savings;68;","lHobjChartFilter":68,"tblChartFilter":-4000,"lAge":4}
{"hadv":120,"lAdvId":125,"lType":1,"lStatus":5,"dtTrigger":"04/19/08 00:00:00","dtSerial":"05/02/07 09:34:17","lAdvCat":7,"lAdvGoal":7,"lBaseImportance":66,"lCurImportance":-201,"lHobjChartFilter":-1,"tblChartFilter":-1,"lAge":4}
{"hadv":145,"lAdvId":124,"lType":1,"lStatus":5,"dtTrigger":"12/14/02 00:00:00","dtSerial":"04/20/07 10:42:30","lAdvCat":0,"lAdvGoal":7,"lBaseImportance":66,"lCurImportance":-66,"lHobjChartFilter":-1,"tblChartFilter":-1,"lAge":4}
{"hadv":147,"lAdvId":204,"lType":1,"lStatus":5,"dtTrigger":"12/14/02 00:00:00","dtSerial":"04/20/07 10:42:30","lAdvCat":0,"lAdvGoal":7,"lBaseImportance":65,"lCurImportance":-65,"mReplacements":"Groceries;$44.26;Food : Groceries;","lHobjChartFilter":187,"tblChartFilter":-4005,"lAge":4}
{"hadv":161,"lAdvId":258,"lType":2,"lStatus":0,"dtTrigger":"07/10/07 00:00:00","dtSerial":"07/10/07 08:31:44","lAdvCat":8,"lAdvGoal":16,"lBaseImportance":90,"lCurImportance":-90,"mReplacements":"$729.77;2007;","lHobjChartFilter":-1,"tblChartFilter":-1,"lAge":0}
{"hadv":162,"lAdvId":215,"lType":1,"lStatus":0,"dtTrigger":"07/10/07 00:00:00","dtSerial":"07/10/07 08:31:44","lAdvCat":8,"lAdvGoal":16,"lBaseImportance":75,"lCurImportance":-135,"mReplacements":"$729.77;2007;","lHobjChartFilter":222,"tblChartFilter":-4005,"lAge":0}
{"hadv":168,"lAdvId":251,"lType":2,"lStatus":0,"dtTrigger":"07/10/07 00:00:00","dtSerial":"07/10/07 08:31:42","lAdvCat":5,"lAdvGoal":5,"lBaseImportance":75,"lCurImportance":-75,"lHobjChartFilter":-1,"tblChartFilter":-1,"lAge":0}
{"hadv":169,"lAdvId":252,"lType":2,"lStatus":0,"dtTrigger":"07/10/07 00:00:00","dtSerial":"07/10/07 08:31:42","lAdvCat":5,"lAdvGoal":6,"lBaseImportance":90,"lCurImportance":-90,"lHobjChartFilter":-1,"tblChartFilter":-1,"lAge":0}
{"hadv":173,"lAdvId":136,"lType":1,"lStatus":5,"dtTrigger":"04/19/08 00:00:00","dtSerial":"05/02/07 09:34:17","lAdvCat":0,"lAdvGoal":7,"lBaseImportance":66,"lCurImportance":-141,"lHobjChartFilter":-1,"tblChartFilter":-1,"lAge":4}
{"hadv":180,"lAdvId":231,"lType":2,"lStatus":0,"dtTrigger":"05/02/07 00:00:00","dtSerial":"05/02/07 09:58:17","lAdvCat":8,"lAdvGoal":5,"lBaseImportance":90,"lCurImportance":-90,"lHobjChartFilter":-1,"tblChartFilter":-1,"lAge":0}
{"hadv":194,"lAdvId":109,"lType":1,"lStatus":5,"dtTrigger":"05/22/03 00:00:00","dtSerial":"04/20/07 10:42:30","lAdvCat":4,"lAdvGoal":8,"lBaseImportance":66,"lCurImportance":-66,"mReplacements":"Previous card (No longer used);21.5;18;","lHobjChartFilter":-1,"tblChartFilter":-1,"lAge":4}
{"hadv":203,"lAdvId":161,"lType":1,"lStatus":5,"dtTrigger":"01/24/04 00:00:00","dtSerial":"04/20/07 10:42:30","lAdvCat":5,"lAdvGoal":6,"lBaseImportance":66,"lCurImportance":-66,"mReplacements":"<ul><li>Loan Banks</ul>;","lHobjChartFilter":-1,"tblChartFilter":-1,"lAge":4}
{"hadv":205,"lAdvId":109,"lType":1,"lStatus":5,"dtTrigger":"01/24/04 00:00:00","dtSerial":"04/20/07 10:42:30","lAdvCat":4,"lAdvGoal":8,"lBaseImportance":66,"lCurImportance":-66,"mReplacements":"Previous card (No longer used);21.5;18;","lHobjChartFilter":-1,"tblChartFilter":-1,"lAge":4}
{"hadv":206,"lAdvId":117,"lType":1,"lStatus":5,"dtTrigger":"01/24/04 00:00:00","dtSerial":"04/20/07 10:42:30","lAdvCat":6,"lAdvGoal":12,"lBaseImportance":66,"lCurImportance":-66,"mReplacements":"1.94;Home Loan;18;","lHobjChartFilter":18,"tblChartFilter":-4000,"lAge":4}
{"hadv":212,"lAdvId":117,"lType":1,"lStatus":5,"dtTrigger":"04/08/04 00:00:00","dtSerial":"04/20/07 10:42:30","lAdvCat":6,"lAdvGoal":12,"lBaseImportance":66,"lCurImportance":-66,"mReplacements":"1.94;Home Loan;18;","lHobjChartFilter":18,"tblChartFilter":-4000,"lAge":4}
{"hadv":219,"lAdvId":109,"lType":1,"lStatus":5,"dtTrigger":"05/24/05 00:00:00","dtSerial":"04/20/07 10:42:30","lAdvCat":4,"lAdvGoal":-1,"lBaseImportance":66,"lCurImportance":-66,"mReplacements":"Previous card (No longer used);21.5;18;","lHobjChartFilter":-1,"tblChartFilter":-1,"lAge":4}
{"hadv":220,"lAdvId":117,"lType":1,"lStatus":5,"dtTrigger":"05/24/05 00:00:00","dtSerial":"04/20/07 10:42:30","lAdvCat":6,"lAdvGoal":-1,"lBaseImportance":66,"lCurImportance":-66,"mReplacements":"1.94;Home Loan;18;","lHobjChartFilter":18,"tblChartFilter":-4000,"lAge":4}
{"hadv":222,"lAdvId":117,"lType":1,"lStatus":5,"dtTrigger":"07/06/05 00:00:00","dtSerial":"04/20/07 10:42:30","lAdvCat":6,"lAdvGoal":-1,"lBaseImportance":66,"lCurImportance":-66,"mReplacements":"1.94;Home Loan;18;","lHobjChartFilter":18,"tblChartFilter":-4000,"lAge":4}
{"hadv":234,"lAdvId":109,"lType":1,"lStatus":5,"dtTrigger":"02/15/06 00:00:00","dtSerial":"04/20/07 10:42:30","lAdvCat":4,"lAdvGoal":-1,"lBaseImportance":66,"lCurImportance":-66,"mReplacements":"Previous card (No longer used);21.5;18;","lHobjChartFilter":-1,"tblChartFilter":-1,"lAge":4}
{"hadv":235,"lAdvId":117,"lType":1,"lStatus":5,"dtTrigger":"02/15/06 00:00:00","dtSerial":"04/20/07 10:42:30","lAdvCat":6,"lAdvGoal":-1,"lBaseImportance":66,"lCurImportance":-66,"mReplacements":"1.94;Home Loan;18;","lHobjChartFilter":18,"tblChartFilter":-4000,"lAge":4}
{"hadv":236,"lAdvId":117,"lType":1,"lStatus":5,"dtTrigger":"07/04/06 00:00:00","dtSerial":"04/20/07 10:42:30","lAdvCat":6,"lAdvGoal":-1,"lBaseImportance":66,"lCurImportance":-66,"mReplacements":"1.94;Home Loan;18;","lHobjChartFilter":18,"tblChartFilter":-4000,"lAge":4}
{"hadv":249,"lAdvId":216,"lType":1,"lStatus":0,"dtTrigger":"07/10/07 00:00:00","dtSerial":"07/10/07 08:31:49","lAdvCat":7,"lAdvGoal":-1,"lBaseImportance":56,"lCurImportance":-116,"mReplacements":"Dining Out;$900.00;$98.50;$98.50;$98.50;","lHobjChartFilter":-1,"tblChartFilter":-3999,"lAge":0}
{"hadv":250,"lAdvId":280,"lType":1,"lStatus":5,"dtTrigger":"03/16/07 00:00:00","dtSerial":"07/10/07 08:31:49","lAdvCat":10,"lAdvGoal":-1,"lBaseImportance":75,"lCurImportance":-75,"mReplacements":"Automobile : Gasoline;","lHobjChartFilter":-1,"tblChartFilter":-3999,"lAge":4}
{"hadv":251,"lAdvId":109,"lType":1,"lStatus":5,"dtTrigger":"03/16/07 00:00:00","dtSerial":"04/20/07 10:42:30","lAdvCat":4,"lAdvGoal":-1,"lBaseImportance":66,"lCurImportance":-66,"mReplacements":"Previous card (No longer used);21.5;18;","lHobjChartFilter":-1,"tblChartFilter":-1,"lAge":4}
{"hadv":252,"lAdvId":117,"lType":1,"lStatus":5,"dtTrigger":"03/16/07 00:00:00","dtSerial":"04/20/07 10:42:30","lAdvCat":6,"lAdvGoal":-1,"lBaseImportance":66,"lCurImportance":-66,"mReplacements":"1.94;Home Loan;18;","lHobjChartFilter":18,"tblChartFilter":-4000,"lAge":4}
{"hadv":260,"lAdvId":196,"lType":2,"lStatus":0,"dtTrigger":"07/10/07 00:00:00","dtSerial":"07/10/07 08:31:49","lAdvCat":7,"lAdvGoal":-1,"lBaseImportance":90,"lCurImportance":-90,"lHobjChartFilter":-1,"tblChartFilter":-3999,"lAge":0}
{"hadv":261,"lAdvId":228,"lType":2,"lStatus":0,"dtTrigger":"07/10/07 00:00:00","dtSerial":"07/10/07 08:31:49","lAdvCat":7,"lAdvGoal":-1,"lBaseImportance":50,"lCurImportance":-50,"lHobjChartFilter":-1,"tblChartFilter":-3999,"lAge":0}
{"hadv":262,"lAdvId":109,"lType":1,"lStatus":5,"dtTrigger":"04/19/08 00:00:00","dtSerial":"05/02/07 09:34:17","lAdvCat":4,"lAdvGoal":-1,"lBaseImportance":66,"lCurImportance":-66,"mReplacements":"Previous card (No longer used);21.5;18;","lHobjChartFilter":-1,"tblChartFilter":-1,"lAge":4}
{"hadv":263,"lAdvId":117,"lType":1,"lStatus":5,"dtTrigger":"04/19/08 00:00:00","dtSerial":"05/02/07 09:34:17","lAdvCat":6,"lAdvGoal":-1,"lBaseImportance":66,"lCurImportance":-66,"mReplacements":"1.94;Home Loan;18;","lHobjChartFilter":18,"tblChartFilter":-4000,"lAge":4}
{"hadv":264,"lAdvId":122,"lType":1,"lStatus":0,"dtTrigger":"07/10/07 00:00:00","dtSerial":"07/10/07 08:31:49","lAdvCat":7,"lAdvGoal":-1,"lBaseImportance":66,"lCurImportance":-66,"mReplacements":"($3,300.00);$0.00;","lHobjChartFilter":-1,"tblChartFilter":-3999,"lAge":0}
