{"lAdvId":249,"dtLatest":"07/10/07 00:00:00","cAdv":11}
{"lAdvId":250,"dtLatest":"07/10/07 00:00:00","cAdv":11}
{"lAdvId":180,"dtLatest":"04/19/08 00:00:00","cAdv":3}
{"lAdvId":181,"cAdv":0}
{"lAdvId":184,"cAdv":0}
{"lAdvId":188,"cAdv":0}
{"lAdvId":189,"cAdv":0}
{"lAdvId":224,"dtLatest":"06/27/02 00:00:00","cAdv":13}
{"lAdvId":205,"cAdv":0}
{"lAdvId":207,"cAdv":0}
{"lAdvId":264,"cAdv":0}
{"lAdvId":266,"cAdv":0}
{"lAdvId":211,"cAdv":0}
{"lAdvId":215,"dtLatest":"07/10/07 00:00:00","cAdv":2}
{"lAdvId":218,"dtLatest":"09/26/02 00:00:00","cAdv":1}
{"lAdvId":142,"dtLatest":"03/16/07 00:00:00","cAdv":1}
{"lAdvId":202,"dtLatest":"04/05/07 00:00:00","cAdv":35}
{"lAdvId":171,"dtLatest":"03/16/07 00:00:00","cAdv":1}
{"lAdvId":262,"dtLatest":"04/05/07 00:00:00","cAdv":35}
{"lAdvId":170,"dtLatest":"02/15/06 00:00:00","cAdv":1}
{"lAdvId":144,"dtLatest":"08/17/02 00:00:00","cAdv":1}
{"lAdvId":172,"dtLatest":"08/17/02 00:00:00","cAdv":1}
{"lAdvId":259,"dtLatest":"07/10/07 00:00:00","cAdv":11}
{"lAdvId":160,"dtLatest":"09/02/02 00:00:00","cAdv":3}
{"lAdvId":232,"dtLatest":"09/08/02 00:00:00","cAdv":15}
{"lAdvId":164,"dtLatest":"07/10/07 00:00:00","cAdv":1}
{"lAdvId":234,"dtLatest":"07/10/07 00:00:00","cAdv":11}
{"lAdvId":235,"dtLatest":"07/10/07 00:00:00","cAdv":11}
{"lAdvId":159,"dtLatest":"11/07/02 00:00:00","cAdv":3}
{"lAdvId":109,"dtLatest":"04/19/08 00:00:00","cAdv":1}
{"lAdvId":118,"dtLatest":"08/17/02 00:00:00","cAdv":1}
{"lAdvId":244,"dtLatest":"08/17/02 00:00:00","cAdv":2}
{"lAdvId":219,"dtLatest":"06/12/03 00:00:00","cAdv":1}
{"lAdvId":236,"dtLatest":"06/12/03 00:00:00","cAdv":12}
{"lAdvId":221,"dtLatest":"04/19/08 00:00:00","cAdv":1}
{"lAdvId":108,"dtLatest":"08/23/02 00:00:00","cAdv":1}
{"lAdvId":248,"dtLatest":"04/19/08 00:00:00","cAdv":39}
{"lAdvId":216,"dtLatest":"07/10/07 00:00:00","cAdv":1}
{"lAdvId":158,"dtLatest":"05/30/03 00:00:00","cAdv":1}
{"lAdvId":141,"dtLatest":"09/02/02 00:00:00","cAdv":1}
{"lAdvId":201,"dtLatest":"09/02/02 00:00:00","cAdv":1}
{"lAdvId":257,"dtLatest":"09/26/02 00:00:00","cAdv":1}
{"lAdvId":154,"dtLatest":"03/16/07 00:00:00","cAdv":42}
{"lAdvId":143,"dtLatest":"04/05/07 00:00:00","cAdv":1}
{"lAdvId":203,"dtLatest":"04/05/07 00:00:00","cAdv":15}
{"lAdvId":196,"dtLatest":"07/10/07 00:00:00","cAdv":67}
{"lAdvId":122,"dtLatest":"07/10/07 00:00:00","cAdv":1}
{"lAdvId":228,"dtLatest":"07/10/07 00:00:00","cAdv":67}
{"lAdvId":110,"dtLatest":"10/05/02 00:00:00","cAdv":1}
{"lAdvId":191,"dtLatest":"10/05/02 00:00:00","cAdv":1}
{"lAdvId":106,"dtLatest":"04/19/08 00:00:00","cAdv":2}
{"lAdvId":130,"dtLatest":"04/19/08 00:00:00","cAdv":5}
{"lAdvId":102,"cAdv":0}
{"lAdvId":140,"dtLatest":"10/05/02 00:00:00","cAdv":1}
{"lAdvId":200,"dtLatest":"10/05/02 00:00:00","cAdv":1}
{"lAdvId":186,"dtLatest":"04/08/04 00:00:00","cAdv":1}
{"lAdvId":178,"dtLatest":"11/07/02 00:00:00","cAdv":1}
{"lAdvId":190,"dtLatest":"04/25/07 00:00:00","cAdv":1}
{"lAdvId":265,"dtLatest":"11/07/02 00:00:00","cAdv":1}
{"lAdvId":267,"dtLatest":"11/07/02 00:00:00","cAdv":1}
{"lAdvId":152,"dtLatest":"11/20/02 00:00:00","cAdv":11}
{"lAdvId":256,"dtLatest":"11/20/02 00:00:00","cAdv":1}
{"lAdvId":125,"dtLatest":"04/19/08 00:00:00","cAdv":2}
{"lAdvId":251,"dtLatest":"07/10/07 00:00:00","cAdv":11}
{"lAdvId":252,"dtLatest":"07/10/07 00:00:00","cAdv":11}
{"lAdvId":253,"dtLatest":"04/08/04 00:00:00","cAdv":16}
{"lAdvId":254,"dtLatest":"04/08/04 00:00:00","cAdv":16}
{"lAdvId":255,"dtLatest":"04/08/04 00:00:00","cAdv":16}
{"lAdvId":199,"dtLatest":"05/02/07 00:00:00","cAdv":1}
{"lAdvId":124,"dtLatest":"12/14/02 00:00:00","cAdv":1}
{"lAdvId":204,"dtLatest":"12/14/02 00:00:00","cAdv":1}
{"lAdvId":271,"cAdv":0}
{"lAdvId":258,"dtLatest":"07/10/07 00:00:00","cAdv":36}
{"lAdvId":214,"cAdv":0}
{"lAdvId":187,"dtLatest":"07/05/02 00:00:00","cAdv":1}
{"lAdvId":136,"dtLatest":"04/19/08 00:00:00","cAdv":1}
{"lAdvId":231,"dtLatest":"05/02/07 00:00:00","cAdv":3}
{"lAdvId":138,"dtLatest":"05/02/07 00:00:00","cAdv":3}
{"lAdvId":111,"cAdv":0}
{"lAdvId":278,"cAdv":0}
{"lAdvId":275,"cAdv":0}
{"lAdvId":161,"dtLatest":"01/24/04 00:00:00","cAdv":1}
{"lAdvId":117,"dtLatest":"04/19/08 00:00:00","cAdv":2}
{"lAdvId":276,"cAdv":0}
{"lAdvId":280,"dtLatest":"03/16/07 00:00:00","cAdv":1}
{"lAdvId":270,"dtLatest":"03/23/07 00:00:00","cAdv":1}
