{"hawd":1,"hpgm":1,"lHacct":-1,"awdt":1,"dt":"10/05/02 00:00:00","dUnits":1200,"mMemo":"Opening balance","fExpireEntered":0,"dtSerial":"04/20/07 10:42:30","dtExpire":"01/00/00 00:00:00"}
{"hawd":2,"hpgm":1,"lHacct":-1,"awdt":1,"dt":"12/07/02 00:00:00","dUnits":1000,"mMemo":"Credit Card Purchase","fExpireEntered":0,"dtSerial":"04/20/07 10:42:30","dtExpire":"01/00/00 00:00:00"}
{"hawd":3,"hpgm":1,"lHacct":-1,"awdt":0,"dt":"12/13/02 00:00:00","dUnits":800,"mMemo":"Trip to Los Angeles","fExpireEntered":0,"dtSerial":"04/20/07 10:42:30","dtExpire":"01/00/00 00:00:00"}
{"hawd":4,"hpgm":1,"lHacct":-1,"awdt":0,"dt":"01/13/03 00:00:00","dUnits":1000,"mMemo":"Trip to San Francisco","fExpireEntered":0,"dtSerial":"04/20/07 10:42:30","dtExpire":"01/00/00 00:00:00"}
{"hawd":5,"hpgm":1,"lHacct":39,"awdt":1,"dt":"03/01/03 00:00:00","dUnits":500,"mMemo":"Credit Card Purchase","fExpireEntered":0,"dtSerial":"04/20/07 10:42:30","dtExpire":"01/00/00 00:00:00"}
{"hawd":6,"hpgm":1,"lHacct":-1,"awdt":0,"dt":"03/19/03 00:00:00","dUnits":2000,"mMemo":"Trip to Denver","fExpireEntered":0,"dtSerial":"04/20/07 10:42:30","dtExpire":"01/00/00 00:00:00"}
{"hawd":7,"hpgm":1,"lHacct":-1,"awdt":0,"dt":"06/19/03 00:00:00","dUnits":2000,"mMemo":"Trip to Chicago","fExpireEntered":0,"dtSerial":"04/20/07 10:42:30","dtExpire":"01/00/00 00:00:00"}
