{"hbgt":3,"szFull":"\u0001\u0002\u0004","bf":1,"dtStart":"03/16/07 00:00:00","dtEnd":"01/00/00 00:00:00","dtSerial":"04/20/07 10:42:30","frq":3,"cFrqInst":1,"grfBgtStep":4343,"sguid":{"$binary": "e0FBRUJCNDZELUQzODItNDQ3Ni1BOEM5NjA1QUQ3MkEwRjQ1fQ==", "$type": "00"},"fUpdated":1,"bm":3}
{"hbgt":8,"szFull":"Advanced Budget 7/15/2005","bf":4,"dtStart":"07/14/06 00:00:00","dtEnd":"07/15/06 00:00:00","dtSerial":"04/20/07 10:42:30","frq":3,"cFrqInst":1,"grfBgtStep":4159,"sguid":{"$binary": "e0EwRTkxMUU2LTVCQ0MtNDNGNi04RDBDMUNBNjZFODcyNUUwfQ==", "$type": "00"},"fUpdated":1,"bm":3}
{"hbgt":14,"szFull":"Archived Budget","bf":4,"dtStart":"05/22/07 00:00:00","dtEnd":"05/23/07 00:00:00","dtSerial":"04/20/07 10:42:30","frq":3,"cFrqInst":1,"grfBgtStep":959,"sguid":{"$binary": "e0M4RDA0OThDLUE2RTMtNEM1QS1CNjM5Qzc1MUJEQTRDMEJCfQ==", "$type": "00"},"fUpdated":1,"bm":1}
{"hbgt":15,"szFull":"\u0001\u0002\u0003","bf":2,"dtStart":"05/22/07 00:00:00","dtEnd":"05/23/07 00:00:00","dtSerial":"05/04/07 12:07:18","frq":-1,"grfBgtStep":2532,"sguid":{"$binary": "ezVDQUZDQ0RCLTU3RjQtNEEzMS05RDAzRjExNDdFRjU4RTI0fQ==", "$type": "00"},"fUpdated":1,"bm":2}
