{"hbgtitm":325,"hbgt":3,"hcat":149,"bif":0,"amtPerFrq":0.0000,"dtSerial":"04/20/07 10:42:30","hbgtbkt":29,"frq":3,"cFrqInst":1,"dt":"01/00/00 00:00:00","grfFlags":0,"sguid":{"$binary": "e0NBRjk5NUYzLTM0NjYtNEUzRi05MkRDQkY5NDUwNkQ1RkQ2fQ==", "$type": "00"},"fUpdated":1,"xbit":0,"lHacct":-1}
{"hbgtitm":326,"hbgt":3,"hcat":153,"bif":0,"amtPerFrq":0.0000,"dtSerial":"04/20/07 10:42:30","hbgtbkt":29,"frq":3,"cFrqInst":1,"dt":"01/00/00 00:00:00","grfFlags":0,"sguid":{"$binary": "ezk2QUY0MkM1LUYxNzAtNDk5Qy1BNENCNUI5REMzQ0I0NEYzfQ==", "$type": "00"},"fUpdated":1,"xbit":0,"lHacct":-1}
{"hbgtitm":327,"hbgt":3,"hcat":132,"bif":0,"amtPerFrq":0.0000,"dtSerial":"04/20/07 10:42:30","hbgtbkt":30,"frq":3,"cFrqInst":1,"dt":"01/00/00 00:00:00","grfFlags":0,"sguid":{"$binary": "ezZEMkRGOTI5LTYzNjUtNDJDRi05MUExQUU0Rjg2OTUyRjJEfQ==", "$type": "00"},"fUpdated":1,"xbit":0,"lHacct":-1}
{"hbgtitm":328,"hbgt":3,"hcat":137,"bif":0,"amtPerFrq":0.0000,"dtSerial":"04/20/07 10:42:30","hbgtbkt":31,"frq":3,"cFrqInst":1,"dt":"01/00/00 00:00:00","grfFlags":0,"sguid":{"$binary": "ezNGQzVGREM5LUQ3NTItNDZFNC05NzhBNEFERUQ4RjMyMDMyfQ==", "$type": "00"},"fUpdated":1,"xbit":0,"lHacct":-1}
{"hbgtitm":329,"hbgt":3,"hcat":145,"bif":0,"amtPerFrq":0.0000,"dtSerial":"04/20/07 10:42:30","hbgtbkt":31,"frq":3,"cFrqInst":1,"dt":"01/00/00 00:00:00","grfFlags":0,"sguid":{"$binary": "ezhGRDNDRDUzLUEzQzgtNEMzRS04QTk1RUIwQjM2RjU2RkY0fQ==", "$type": "00"},"fUpdated":1,"xbit":0,"lHacct":-1}
{"hbgtitm":330,"hbgt":3,"hcat":150,"bif":0,"amtPerFrq":0.0000,"dtSerial":"04/20/07 10:42:30","hbgtbkt":30,"frq":3,"cFrqInst":1,"dt":"01/00/00 00:00:00","grfFlags":0,"sguid":{"$binary": "ezMyRDIwMkYwLTU4NzEtNDE2OS1BMUU4Q0JFMDlGODdFMzdGfQ==", "$type": "00"},"fUpdated":1,"xbit":0,"lHacct":-1}
{"hbgtitm":331,"hbgt":3,"hcat":151,"bif":0,"amtPerFrq":0.0000,"dtSerial":"04/20/07 10:42:30","hbgtbkt":30,"frq":3,"cFrqInst":1,"dt":"01/00/00 00:00:00","grfFlags":0,"sguid":{"$binary": "ezM2ODRDNTQ4LUIzMzMtNDYyQi1BQ0VBMkVFNTY1N0NCOTkwfQ==", "$type": "00"},"fUpdated":1,"xbit":0,"lHacct":-1}
{"hbgtitm":332,"hbgt":3,"hcat":155,"bif":0,"amtPerFrq":0.0000,"dtSerial":"04/20/07 10:42:30","hbgtbkt":30,"frq":3,"cFrqInst":1,"dt":"01/00/00 00:00:00","grfFlags":0,"sguid":{"$binary": "ezVBOTA0NENFLTAwNjYtNDk5Mi05Qjg3ODQyODBDN0JBNTY2fQ==", "$type": "00"},"fUpdated":1,"xbit":0,"lHacct":-1}
{"hbgtitm":333,"hbgt":3,"hcat":159,"bif":0,"amtPerFrq":0.0000,"dtSerial":"04/20/07 10:42:30","hbgtbkt":32,"frq":3,"cFrqInst":1,"dt":"01/00/00 00:00:00","grfFlags":0,"sguid":{"$binary": "ezJGOTA2RDQ4LUY1MEEtNERGNC1COTg3RjZBNDg3MjM3MERCfQ==", "$type": "00"},"fUpdated":1,"xbit":0,"lHacct":-1}
{"hbgtitm":334,"hbgt":3,"hcat":161,"bif":0,"amtPerFrq":0.0000,"dtSerial":"04/20/07 10:42:30","hbgtbkt":33,"frq":3,"cFrqInst":1,"dt":"01/00/00 00:00:00","grfFlags":0,"sguid":{"$binary": "ezExQzlCQjk2LUU3MEUtNDBCMy04NDE2NDNDNzUxOTQxRUE5fQ==", "$type": "00"},"fUpdated":1,"xbit":0,"lHacct":-1}
{"hbgtitm":335,"hbgt":3,"hcat":172,"bif":0,"amtPerFrq":0.0000,"dtSerial":"04/20/07 10:42:30","hbgtbkt":33,"frq":3,"cFrqInst":1,"dt":"01/00/00 00:00:00","grfFlags":0,"sguid":{"$binary": "ezk5OTAwNDdFLTkzOTAtNDZGRC1BRDZCMTMyQkM0NTUzNThEfQ==", "$type": "00"},"fUpdated":1,"xbit":0,"lHacct":-1}
{"hbgtitm":336,"hbgt":3,"hcat":162,"bif":0,"amtPerFrq":0.0000,"dtSerial":"04/20/07 10:42:30","hbgtbkt":33,"frq":3,"cFrqInst":1,"dt":"01/00/00 00:00:00","grfFlags":0,"sguid":{"$binary": "ezlEMDQ2RTYxLTlCRUEtNDNGQy05N0Q4NUQ5ODYyOEFCRjg2fQ==", "$type": "00"},"fUpdated":1,"xbit":0,"lHacct":-1}
{"hbgtitm":337,"hbgt":3,"hcat":170,"bif":0,"amtPerFrq":0.0000,"dtSerial":"04/20/07 10:42:30","hbgtbkt":33,"frq":3,"cFrqInst":1,"dt":"01/00/00 00:00:00","grfFlags":0,"sguid":{"$binary": "e0VFN0M2M0FGLUU4NTgtNEQ3Mi04QTdDMjNEREI4QTlGQkVCfQ==", "$type": "00"},"fUpdated":1,"xbit":0,"lHacct":-1}
{"hbgtitm":338,"hbgt":3,"hcat":167,"bif":0,"amtPerFrq":0.0000,"dtSerial":"04/20/07 10:42:30","hbgtbkt":33,"frq":3,"cFrqInst":1,"dt":"01/00/00 00:00:00","grfFlags":0,"sguid":{"$binary": "e0FFRUE1Njk5LUYwRDUtNDMxMi05MDRFQkQxRUVDMzY3REJFfQ==", "$type": "00"},"fUpdated":1,"xbit":0,"lHacct":-1}
{"hbgtitm":339,"hbgt":3,"hcat":168,"bif":0,"amtPerFrq":0.0000,"dtSerial":"04/20/07 10:42:30","hbgtbkt":33,"frq":3,"cFrqInst":1,"dt":"01/00/00 00:00:00","grfFlags":0,"sguid":{"$binary": "e0JGQ0NGQTFBLTdFQTMtNDVBMy1CRDc4NjEyQ0YxMzY5Q0FBfQ==", "$type": "00"},"fUpdated":1,"xbit":0,"lHacct":-1}
{"hbgtitm":340,"hbgt":3,"hcat":222,"bif":0,"amtPerFrq":0.0000,"dtSerial":"04/20/07 10:42:30","hbgtbkt":34,"frq":3,"cFrqInst":1,"dt":"01/00/00 00:00:00","grfFlags":0,"sguid":{"$binary": "ezNBMUYwMzkwLTVCRDktNDVFMC05OUZGQzk0Q0JGREJFQkQyfQ==", "$type": "00"},"fUpdated":1,"xbit":0,"lHacct":-1}
{"hbgtitm":341,"hbgt":3,"hcat":229,"bif":0,"amtPerFrq":0.0000,"dtSerial":"04/20/07 10:42:30","hbgtbkt":34,"frq":3,"cFrqInst":1,"dt":"01/00/00 00:00:00","grfFlags":0,"sguid":{"$binary": "ezAzRDE3N0FFLTk4MjUtNEFGNC1BODBBOUVBNzk1OTdCQTE1fQ==", "$type": "00"},"fUpdated":1,"xbit":0,"lHacct":-1}
{"hbgtitm":342,"hbgt":3,"hcat":227,"bif":0,"amtPerFrq":0.0000,"dtSerial":"04/20/07 10:42:30","hbgtbkt":34,"frq":3,"cFrqInst":1,"dt":"01/00/00 00:00:00","grfFlags":0,"sguid":{"$binary": "e0EyM0UxN0Q3LURCRUYtNDQ3MS1CRkVFODkwOENDQTI5QjA1fQ==", "$type": "00"},"fUpdated":1,"xbit":0,"lHacct":-1}
{"hbgtitm":343,"hbgt":3,"hcat":158,"bif":0,"amtPerFrq":0.0000,"dtSerial":"04/20/07 10:42:30","hbgtbkt":32,"frq":5,"cFrqInst":1,"dt":"01/00/00 00:00:00","grfFlags":0,"sguid":{"$binary": "e0I0ODBFM0NDLTZFMDItNEVCMi1COTlBQzFCMUNERUE5NzIyfQ==", "$type": "00"},"fUpdated":1,"xbit":0,"lHacct":-1}
{"hbgtitm":344,"hbgt":3,"hcat":157,"bif":0,"amtPerFrq":0.0000,"dtSerial":"04/20/07 10:42:30","hbgtbkt":32,"frq":2,"cFrqInst":1,"dt":"01/00/00 00:00:00","grfFlags":0,"sguid":{"$binary": "e0EzNkFGMEI4LUYxREEtNEIwNS04NTM2ODU1NURBMzM5NUU5fQ==", "$type": "00"},"fUpdated":1,"xbit":0,"lHacct":-1}
{"hbgtitm":345,"hbgt":3,"hcat":184,"bif":0,"amtPerFrq":0.0000,"dtSerial":"04/20/07 10:42:30","hbgtbkt":35,"frq":5,"cFrqInst":1,"dt":"01/00/00 00:00:00","grfFlags":0,"sguid":{"$binary": "e0ZGQUVGMEFCLTQyOTEtNDY1Mi05NjdEQUFGQ0Q1MDg3OTEyfQ==", "$type": "00"},"fUpdated":1,"xbit":0,"lHacct":-1}
{"hbgtitm":346,"hbgt":3,"hcat":188,"bif":0,"amtPerFrq":0.0000,"dtSerial":"04/20/07 10:42:30","hbgtbkt":36,"frq":3,"cFrqInst":1,"dt":"01/00/00 00:00:00","grfFlags":0,"sguid":{"$binary": "ezM4MUVCOURFLUMyQUUtNDEzNC04NTg2NDlEQTZGQ0Y0RkVGfQ==", "$type": "00"},"fUpdated":1,"xbit":0,"lHacct":-1}
{"hbgtitm":347,"hbgt":3,"hcat":338,"bif":0,"amtPerFrq":0.0000,"dtSerial":"04/20/07 10:42:30","hbgtbkt":37,"frq":3,"cFrqInst":1,"dt":"01/00/00 00:00:00","grfFlags":0,"sguid":{"$binary": "ezY2RkFGNUYyLUYzMEItNDc4Qy1CQjlGMzBGQThBODlGNzJDfQ==", "$type": "00"},"fUpdated":1,"xbit":0,"lHacct":-1}
{"hbgtitm":348,"hbgt":3,"hcat":180,"bif":0,"amtPerFrq":0.0000,"dtSerial":"04/20/07 10:42:30","hbgtbkt":35,"frq":3,"cFrqInst":1,"dt":"01/00/00 00:00:00","grfFlags":0,"sguid":{"$binary": "ezRENEVFMENBLTVFMTgtNDY1MC1CNTExNDVBQ0E3OTQ2MkNBfQ==", "$type": "00"},"fUpdated":1,"xbit":0,"lHacct":-1}
{"hbgtitm":349,"hbgt":3,"hcat":339,"bif":0,"amtPerFrq":0.0000,"dtSerial":"04/20/07 10:42:30","hbgtbkt":37,"frq":3,"cFrqInst":1,"dt":"01/00/00 00:00:00","grfFlags":0,"sguid":{"$binary": "ezlGRDg0QzE3LTY1RDMtNEM2MC1CQUQ0NURERkY3OUI0OUREfQ==", "$type": "00"},"fUpdated":1,"xbit":0,"lHacct":-1}
{"hbgtitm":350,"hbgt":3,"hcat":196,"bif":0,"amtPerFrq":0.0000,"dtSerial":"04/20/07 10:42:30","hbgtbkt":32,"frq":5,"cFrqInst":1,"dt":"01/00/00 00:00:00","grfFlags":0,"sguid":{"$binary": "ezZEOUQxMzFGLTM3QzMtNEExNi1BMTEyNTQ0NjI5NEVCMEJDfQ==", "$type": "00"},"fUpdated":1,"xbit":0,"lHacct":-1}
{"hbgtitm":351,"hbgt":3,"hcat":208,"bif":0,"amtPerFrq":0.0000,"dtSerial":"04/20/07 10:42:30","hbgtbkt":38,"frq":5,"cFrqInst":1,"dt":"01/00/00 00:00:00","grfFlags":0,"sguid":{"$binary": "e0ExMDVEMjA5LTY5MDItNDg5Qy04RUNEN0Y5NUFFNzNDMkZBfQ==", "$type": "00"},"fUpdated":1,"xbit":0,"lHacct":-1}
{"hbgtitm":352,"hbgt":3,"hcat":216,"bif":0,"amtPerFrq":0.0000,"dtSerial":"04/20/07 10:42:30","hbgtbkt":36,"frq":3,"cFrqInst":1,"dt":"01/00/00 00:00:00","grfFlags":0,"sguid":{"$binary": "e0M1Mjg3QTA5LTlGM0EtNEZCMC1CRDhBRkI1QjA5M0Y1RERGfQ==", "$type": "00"},"fUpdated":1,"xbit":0,"lHacct":-1}
{"hbgtitm":353,"hbgt":3,"hcat":211,"bif":0,"amtPerFrq":0.0000,"dtSerial":"04/20/07 10:42:30","hbgtbkt":38,"frq":3,"cFrqInst":1,"dt":"01/00/00 00:00:00","grfFlags":0,"sguid":{"$binary": "ezAzQUZDNEFBLTNFOEMtNEI5QS05RjA2NzZDMDg0RDdEQ0IyfQ==", "$type": "00"},"fUpdated":1,"xbit":0,"lHacct":-1}
{"hbgtitm":354,"hbgt":3,"hcat":209,"bif":0,"amtPerFrq":0.0000,"dtSerial":"04/20/07 10:42:30","hbgtbkt":38,"frq":3,"cFrqInst":1,"dt":"01/00/00 00:00:00","grfFlags":0,"sguid":{"$binary": "e0IwNzgzMUUyLUFDMkQtNEFEOC1BMERFMDRBQjgyMjI0ODhFfQ==", "$type": "00"},"fUpdated":1,"xbit":0,"lHacct":-1}
{"hbgtitm":355,"hbgt":3,"hcat":232,"bif":0,"amtPerFrq":0.0000,"dtSerial":"04/20/07 10:42:30","hbgtbkt":38,"frq":3,"cFrqInst":1,"dt":"01/00/00 00:00:00","grfFlags":0,"sguid":{"$binary": "ezhCMUZFMjVDLTlDRDgtNEYxQi04NDcyN0U5NjA0MUNCOEE1fQ==", "$type": "00"},"fUpdated":1,"xbit":0,"lHacct":-1}
{"hbgtitm":356,"hbgt":3,"hcat":233,"bif":0,"amtPerFrq":0.0000,"dtSerial":"04/20/07 10:42:30","hbgtbkt":38,"frq":3,"cFrqInst":1,"dt":"01/00/00 00:00:00","grfFlags":0,"sguid":{"$binary": "e0Y1NDExNjVBLURDQTQtNDUwMy1BRTkxOUFFQzdGMTRCMEY1fQ==", "$type": "00"},"fUpdated":1,"xbit":0,"lHacct":-1}
{"hbgtitm":357,"hbgt":3,"hcat":238,"bif":0,"amtPerFrq":0.0000,"dtSerial":"04/20/07 10:42:30","hbgtbkt":39,"frq":5,"cFrqInst":1,"dt":"01/00/00 00:00:00","grfFlags":0,"sguid":{"$binary": "e0M2MkRFM0NGLTc4N0UtNDQ0Qi04ODY5QjI2Qzk3OEU2MkUxfQ==", "$type": "00"},"fUpdated":1,"xbit":0,"lHacct":-1}
{"hbgtitm":358,"hbgt":3,"hcat":237,"bif":0,"amtPerFrq":0.0000,"dtSerial":"04/20/07 10:42:30","hbgtbkt":39,"frq":5,"cFrqInst":1,"dt":"01/00/00 00:00:00","grfFlags":0,"sguid":{"$binary": "e0E2RjUwMDNGLUUxQUMtNDY1Ny05NEE5ODIyNjYzQTM1MDQ5fQ==", "$type": "00"},"fUpdated":1,"xbit":0,"lHacct":-1}
{"hbgtitm":359,"hbgt":3,"hcat":241,"bif":0,"amtPerFrq":0.0000,"dtSerial":"04/20/07 10:42:30","hbgtbkt":36,"frq":5,"cFrqInst":1,"dt":"01/00/00 00:00:00","grfFlags":0,"sguid":{"$binary": "e0FGMDI0RTU5LUNCNjktNEI4MC1CRDVCRjNCOTQ1MjBGMjI3fQ==", "$type": "00"},"fUpdated":1,"xbit":0,"lHacct":-1}
{"hbgtitm":360,"hbgt":3,"hcat":311,"bif":0,"amtPerFrq":0.0000,"dtSerial":"04/20/07 10:42:30","hbgtbkt":36,"frq":5,"cFrqInst":1,"dt":"01/00/00 00:00:00","grfFlags":0,"sguid":{"$binary": "e0MwQkIyQTQ3LUI4QTQtNDg0MC05MUE1MUQ0MDRCRUU1ODYxfQ==", "$type": "00"},"fUpdated":1,"xbit":0,"lHacct":-1}
{"hbgtitm":361,"hbgt":3,"hcat":236,"bif":0,"amtPerFrq":0.0000,"dtSerial":"04/20/07 10:42:30","hbgtbkt":36,"frq":3,"cFrqInst":1,"dt":"01/00/00 00:00:00","grfFlags":0,"sguid":{"$binary": "ezk1OEY3NENBLUY5MUMtNEMxRS04RkI5NjY3N0MxMkZENkEwfQ==", "$type": "00"},"fUpdated":1,"xbit":0,"lHacct":-1}
{"hbgtitm":362,"hbgt":3,"hcat":160,"bif":0,"amtPerFrq":0.0000,"dtSerial":"04/20/07 10:42:30","hbgtbkt":33,"frq":3,"cFrqInst":1,"dt":"01/00/00 00:00:00","grfFlags":0,"sguid":{"$binary": "e0Q3MTJDNzZELTYxNDgtNDM4NC04Q0YxREQ2OEM4MzUxRTYxfQ==", "$type": "00"},"fUpdated":1,"xbit":0,"lHacct":-1}
{"hbgtitm":363,"hbgt":3,"hcat":163,"bif":0,"amtPerFrq":0.0000,"dtSerial":"04/20/07 10:42:30","hbgtbkt":33,"frq":3,"cFrqInst":1,"dt":"01/00/00 00:00:00","grfFlags":0,"sguid":{"$binary": "ezgxMjlBNkU1LTY1RDMtNEI4RS1CQTMwNjQ0MDY5MDA1NTlGfQ==", "$type": "00"},"fUpdated":1,"xbit":0,"lHacct":-1}
{"hbgtitm":364,"hbgt":3,"hcat":174,"bif":0,"amtPerFrq":0.0000,"dtSerial":"04/20/07 10:42:30","hbgtbkt":33,"frq":3,"cFrqInst":1,"dt":"01/00/00 00:00:00","grfFlags":0,"sguid":{"$binary": "e0ZCREZCNzlDLTUxRDgtNEI5MS04NzY3RDA3RDBFRDIzRDIyfQ==", "$type": "00"},"fUpdated":1,"xbit":0,"lHacct":-1}
{"hbgtitm":365,"hbgt":3,"hcat":165,"bif":0,"amtPerFrq":0.0000,"dtSerial":"04/20/07 10:42:30","hbgtbkt":33,"frq":3,"cFrqInst":1,"dt":"01/00/00 00:00:00","grfFlags":0,"sguid":{"$binary": "ezFDNzVEQjVCLUY4OEYtNDBCQi1CMUI5NzNGMzI2NTEzRTVGfQ==", "$type": "00"},"fUpdated":1,"xbit":0,"lHacct":-1}
{"hbgtitm":366,"hbgt":3,"hcat":177,"bif":0,"amtPerFrq":0.0000,"dtSerial":"04/20/07 10:42:30","hbgtbkt":36,"frq":3,"cFrqInst":1,"dt":"01/00/00 00:00:00","grfFlags":0,"sguid":{"$binary": "ezZFNjBBMTcxLTE0NEYtNDlDOC04MEJFQjlCQjAyMDVCQzM0fQ==", "$type": "00"},"fUpdated":1,"xbit":0,"lHacct":-1}
{"hbgtitm":367,"hbgt":3,"hcat":178,"bif":0,"amtPerFrq":0.0000,"dtSerial":"04/20/07 10:42:30","hbgtbkt":36,"frq":3,"cFrqInst":1,"dt":"01/00/00 00:00:00","grfFlags":0,"sguid":{"$binary": "e0FFNkQxRDZDLTRFRkMtNEZDNi1BMERGNzYyMjZEQTRFM0M1fQ==", "$type": "00"},"fUpdated":1,"xbit":0,"lHacct":-1}
{"hbgtitm":368,"hbgt":3,"hcat":179,"bif":0,"amtPerFrq":0.0000,"dtSerial":"04/20/07 10:42:30","hbgtbkt":35,"frq":3,"cFrqInst":1,"dt":"01/00/00 00:00:00","grfFlags":0,"sguid":{"$binary": "ezVCNTIzREQ3LUIwNUQtNDI2NC05NjQ1MzQzOTBFNkYzQzhCfQ==", "$type": "00"},"fUpdated":1,"xbit":0,"lHacct":-1}
{"hbgtitm":369,"hbgt":3,"hcat":185,"bif":0,"amtPerFrq":0.0000,"dtSerial":"04/20/07 10:42:30","hbgtbkt":37,"frq":3,"cFrqInst":1,"dt":"01/00/00 00:00:00","grfFlags":0,"sguid":{"$binary": "e0IzMUY2MTY2LTlEM0EtNEFCRC1CQjdDQzIxNzQxNDhBNTg2fQ==", "$type": "00"},"fUpdated":1,"xbit":0,"lHacct":-1}
{"hbgtitm":370,"hbgt":3,"hcat":189,"bif":0,"amtPerFrq":0.0000,"dtSerial":"04/20/07 10:42:30","hbgtbkt":35,"frq":3,"cFrqInst":1,"dt":"01/00/00 00:00:00","grfFlags":0,"sguid":{"$binary": "e0IyMDk5RkY3LTgzMDItNDI3Ri05MEFDQTgyQTFGODE5QzM2fQ==", "$type": "00"},"fUpdated":1,"xbit":0,"lHacct":-1}
{"hbgtitm":371,"hbgt":3,"hcat":190,"bif":0,"amtPerFrq":0.0000,"dtSerial":"04/20/07 10:42:30","hbgtbkt":35,"frq":3,"cFrqInst":1,"dt":"01/00/00 00:00:00","grfFlags":0,"sguid":{"$binary": "ezc3MkVCQ0E3LTYwQjgtNDc5Ni05QkREQkE2OUU0OEZCQ0REfQ==", "$type": "00"},"fUpdated":1,"xbit":0,"lHacct":-1}
{"hbgtitm":372,"hbgt":3,"hcat":191,"bif":0,"amtPerFrq":0.0000,"dtSerial":"04/20/07 10:42:30","hbgtbkt":35,"frq":3,"cFrqInst":1,"dt":"01/00/00 00:00:00","grfFlags":0,"sguid":{"$binary": "e0JBRjIwRDU3LThEOUEtNDM5Qi04NUNGQ0MxNEVDRUU2MEY5fQ==", "$type": "00"},"fUpdated":1,"xbit":0,"lHacct":-1}
{"hbgtitm":373,"hbgt":3,"hcat":193,"bif":0,"amtPerFrq":0.0000,"dtSerial":"04/20/07 10:42:30","hbgtbkt":35,"frq":3,"cFrqInst":1,"dt":"01/00/00 00:00:00","grfFlags":0,"sguid":{"$binary": "e0E0MkU1NzhFLUNCQjMtNEU0MS1BRjk2Nzc2RTJFQ0JEMkU4fQ==", "$type": "00"},"fUpdated":1,"xbit":0,"lHacct":-1}
{"hbgtitm":374,"hbgt":3,"hcat":198,"bif":0,"amtPerFrq":0.0000,"dtSerial":"04/20/07 10:42:30","hbgtbkt":39,"frq":3,"cFrqInst":1,"dt":"01/00/00 00:00:00","grfFlags":0,"sguid":{"$binary": "ezcyRjUxNkIzLTQ4RUQtNDA5NS05RjA0NzE0OTk3QURFODk1fQ==", "$type": "00"},"fUpdated":1,"xbit":0,"lHacct":-1}
{"hbgtitm":375,"hbgt":3,"hcat":203,"bif":0,"amtPerFrq":0.0000,"dtSerial":"04/20/07 10:42:30","hbgtbkt":38,"frq":3,"cFrqInst":1,"dt":"01/00/00 00:00:00","grfFlags":0,"sguid":{"$binary": "e0RDNTBCOEFELUM1RTctNDU0NS1BNEE2MTI3QUQwM0U1QjgwfQ==", "$type": "00"},"fUpdated":1,"xbit":0,"lHacct":-1}
{"hbgtitm":376,"hbgt":3,"hcat":204,"bif":0,"amtPerFrq":0.0000,"dtSerial":"04/20/07 10:42:30","hbgtbkt":38,"frq":3,"cFrqInst":1,"dt":"01/00/00 00:00:00","grfFlags":0,"sguid":{"$binary": "ezc4MTc5NTYxLTYwMzEtNDdBQS05QUE5ODQ1MjYzMkIyQUFCfQ==", "$type": "00"},"fUpdated":1,"xbit":0,"lHacct":-1}
{"hbgtitm":377,"hbgt":3,"hcat":207,"bif":0,"amtPerFrq":0.0000,"dtSerial":"04/20/07 10:42:30","hbgtbkt":38,"frq":3,"cFrqInst":1,"dt":"01/00/00 00:00:00","grfFlags":0,"sguid":{"$binary": "ezg2NDMzOTkzLUNFNzYtNDRCQi05N0FBMjVCQjIxQkUzNkI1fQ==", "$type": "00"},"fUpdated":1,"xbit":0,"lHacct":-1}
{"hbgtitm":378,"hbgt":3,"hcat":225,"bif":0,"amtPerFrq":0.0000,"dtSerial":"04/20/07 10:42:30","hbgtbkt":34,"frq":3,"cFrqInst":1,"dt":"01/00/00 00:00:00","grfFlags":0,"sguid":{"$binary": "ezg4MjU2Q0MyLUU0ODgtNDBFMi04NUM3NTE4N0UwOUJDQTJGfQ==", "$type": "00"},"fUpdated":1,"xbit":0,"lHacct":-1}
{"hbgtitm":379,"hbgt":3,"hcat":228,"bif":0,"amtPerFrq":0.0000,"dtSerial":"04/20/07 10:42:30","hbgtbkt":34,"frq":3,"cFrqInst":1,"dt":"01/00/00 00:00:00","grfFlags":0,"sguid":{"$binary": "e0UyMkE0OEFDLTUxNUQtNDM4Qy05RjBCNzkxMTBFNzRBRjkzfQ==", "$type": "00"},"fUpdated":1,"xbit":0,"lHacct":-1}
{"hbgtitm":380,"hbgt":3,"hcat":231,"bif":0,"amtPerFrq":0.0000,"dtSerial":"04/20/07 10:42:30","hbgtbkt":38,"frq":3,"cFrqInst":1,"dt":"01/00/00 00:00:00","grfFlags":0,"sguid":{"$binary": "ezc4MEIyMTVDLUE0RjQtNDg4RS1CNjVENTIwREU3MkJDNTBCfQ==", "$type": "00"},"fUpdated":1,"xbit":0,"lHacct":-1}
{"hbgtitm":479,"hbgt":8,"hcat":149,"bif":0,"amtPerFrq":0.0000,"dtSerial":"04/20/07 10:42:30","hbgtbkt":88,"frq":3,"cFrqInst":1,"dt":"01/00/00 00:00:00","grfFlags":0,"sguid":{"$binary": "ezg1QTA1MEQxLTVDMkMtNEM1Qy04OEJGRTEzMjYyOEJERUMzfQ==", "$type": "00"},"fUpdated":1,"xbit":0,"lHacct":-1}
{"hbgtitm":480,"hbgt":8,"hcat":153,"bif":0,"amtPerFrq":0.0000,"dtSerial":"04/20/07 10:42:30","hbgtbkt":88,"frq":3,"cFrqInst":1,"dt":"01/00/00 00:00:00","grfFlags":0,"sguid":{"$binary": "e0YxNEM4QzcxLTQwNjMtNEFBMi04MDQ5REZCOTM1OTBGMEUzfQ==", "$type": "00"},"fUpdated":1,"xbit":0,"lHacct":-1}
{"hbgtitm":481,"hbgt":8,"hcat":132,"bif":0,"amtPerFrq":0.0000,"dtSerial":"04/20/07 10:42:30","hbgtbkt":89,"frq":3,"cFrqInst":1,"dt":"01/00/00 00:00:00","grfFlags":0,"sguid":{"$binary": "e0M0Q0U4RTdGLUE1QkEtNDY2Ni1CQjdEOEU4NUZENEQxMURBfQ==", "$type": "00"},"fUpdated":1,"xbit":0,"lHacct":-1}
{"hbgtitm":482,"hbgt":8,"hcat":135,"bif":0,"amtPerFrq":0.0000,"dtSerial":"04/20/07 10:42:30","hbgtbkt":89,"frq":3,"cFrqInst":1,"dt":"01/00/00 00:00:00","grfFlags":0,"sguid":{"$binary": "ezY4ODM3RjZCLUVBRDgtNDg2Qi1BNDNBMjg5ODNEMTMxQTE1fQ==", "$type": "00"},"fUpdated":1,"xbit":0,"lHacct":-1}
{"hbgtitm":483,"hbgt":8,"hcat":133,"bif":0,"amtPerFrq":0.0000,"dtSerial":"04/20/07 10:42:30","hbgtbkt":89,"frq":3,"cFrqInst":1,"dt":"01/00/00 00:00:00","grfFlags":0,"sguid":{"$binary": "ezczMDNFMzlGLTU4MTYtNDVBNC1BRDk0MkIyOEU2MEJDRTgyfQ==", "$type": "00"},"fUpdated":1,"xbit":0,"lHacct":-1}
{"hbgtitm":484,"hbgt":8,"hcat":134,"bif":0,"amtPerFrq":0.0000,"dtSerial":"04/20/07 10:42:30","hbgtbkt":89,"frq":3,"cFrqInst":1,"dt":"01/00/00 00:00:00","grfFlags":0,"sguid":{"$binary": "ezc0Q0U0MDhDLUE0MTctNEFBMS1COUZFODMyOTY3RkUxRkE3fQ==", "$type": "00"},"fUpdated":1,"xbit":0,"lHacct":-1}
{"hbgtitm":485,"hbgt":8,"hcat":136,"bif":0,"amtPerFrq":0.0000,"dtSerial":"04/20/07 10:42:30","hbgtbkt":89,"frq":3,"cFrqInst":1,"dt":"01/00/00 00:00:00","grfFlags":0,"sguid":{"$binary": "ezA1RkEyMzgzLThBNjgtNDk0QS05NDVEOUJDRERENTgyMTlEfQ==", "$type": "00"},"fUpdated":1,"xbit":0,"lHacct":-1}
{"hbgtitm":486,"hbgt":8,"hcat":137,"bif":0,"amtPerFrq":0.0000,"dtSerial":"04/20/07 10:42:30","hbgtbkt":90,"frq":3,"cFrqInst":1,"dt":"01/00/00 00:00:00","grfFlags":0,"sguid":{"$binary": "e0YzRDQyMEMyLTg0MkItNEJDOS04NUI2QzIwNjYwNDhCMUVBfQ==", "$type": "00"},"fUpdated":1,"xbit":0,"lHacct":-1}
{"hbgtitm":487,"hbgt":8,"hcat":138,"bif":0,"amtPerFrq":0.0000,"dtSerial":"04/20/07 10:42:30","hbgtbkt":89,"frq":3,"cFrqInst":1,"dt":"01/00/00 00:00:00","grfFlags":0,"sguid":{"$binary": "ezEwRDBFRDgxLUJGMTQtNEZBNi04REZCMTQ5MTgwMUVBRkY4fQ==", "$type": "00"},"fUpdated":1,"xbit":0,"lHacct":-1}
{"hbgtitm":488,"hbgt":8,"hcat":144,"bif":0,"amtPerFrq":0.0000,"dtSerial":"04/20/07 10:42:30","hbgtbkt":89,"frq":3,"cFrqInst":1,"dt":"01/00/00 00:00:00","grfFlags":0,"sguid":{"$binary": "e0RBMDEwMUY2LUMzODYtNDBEMy1BOEM3QTNCRjdBQzE4NTE2fQ==", "$type": "00"},"fUpdated":1,"xbit":0,"lHacct":-1}
{"hbgtitm":489,"hbgt":8,"hcat":139,"bif":0,"amtPerFrq":0.0000,"dtSerial":"04/20/07 10:42:30","hbgtbkt":89,"frq":3,"cFrqInst":1,"dt":"01/00/00 00:00:00","grfFlags":0,"sguid":{"$binary": "e0Q5OTYxQzA1LUZCREQtNDREQy1BOEFFRTlGNjBCMjZGRjNGfQ==", "$type": "00"},"fUpdated":1,"xbit":0,"lHacct":-1}
{"hbgtitm":490,"hbgt":8,"hcat":140,"bif":0,"amtPerFrq":0.0000,"dtSerial":"04/20/07 10:42:30","hbgtbkt":89,"frq":3,"cFrqInst":1,"dt":"01/00/00 00:00:00","grfFlags":0,"sguid":{"$binary": "ezZBMTY1REUzLUU4ODctNDA0OS05MEY3QjhFOUY2QzJGMzI1fQ==", "$type": "00"},"fUpdated":1,"xbit":0,"lHacct":-1}
{"hbgtitm":491,"hbgt":8,"hcat":141,"bif":0,"amtPerFrq":0.0000,"dtSerial":"04/20/07 10:42:30","hbgtbkt":90,"frq":3,"cFrqInst":1,"dt":"01/00/00 00:00:00","grfFlags":0,"sguid":{"$binary": "e0MwQjdBNTNFLTBCQ0ItNERBNS05NTUyQjMxM0QwMDQ4MDJGfQ==", "$type": "00"},"fUpdated":1,"xbit":0,"lHacct":-1}
{"hbgtitm":492,"hbgt":8,"hcat":145,"bif":0,"amtPerFrq":0.0000,"dtSerial":"04/20/07 10:42:30","hbgtbkt":90,"frq":3,"cFrqInst":1,"dt":"01/00/00 00:00:00","grfFlags":0,"sguid":{"$binary": "ezVBMzdEMTY0LTlBQkQtNDNDOS05NEY2RTFBOTVDREYyRDMxfQ==", "$type": "00"},"fUpdated":1,"xbit":0,"lHacct":-1}
{"hbgtitm":493,"hbgt":8,"hcat":146,"bif":0,"amtPerFrq":0.0000,"dtSerial":"04/20/07 10:42:30","hbgtbkt":88,"frq":3,"cFrqInst":1,"dt":"01/00/00 00:00:00","grfFlags":0,"sguid":{"$binary": "ezA2MUM5NTY1LTNFMDQtNEM2Qy04ODg5NTQ3MjFEODBGQ0NFfQ==", "$type": "00"},"fUpdated":1,"xbit":0,"lHacct":-1}
{"hbgtitm":494,"hbgt":8,"hcat":147,"bif":0,"amtPerFrq":0.0000,"dtSerial":"04/20/07 10:42:30","hbgtbkt":88,"frq":3,"cFrqInst":1,"dt":"01/00/00 00:00:00","grfFlags":0,"sguid":{"$binary": "e0YxMEQwQzJELTE2QTItNDNENy1COEQ2MjAxQjY2Qzc2QkY0fQ==", "$type": "00"},"fUpdated":1,"xbit":0,"lHacct":-1}
{"hbgtitm":495,"hbgt":8,"hcat":148,"bif":0,"amtPerFrq":0.0000,"dtSerial":"04/20/07 10:42:30","hbgtbkt":88,"frq":3,"cFrqInst":1,"dt":"01/00/00 00:00:00","grfFlags":0,"sguid":{"$binary": "e0NFMzIyOUY1LUQzQzQtNDlGMS05NTk5MzI4RTM0QjY0QzlCfQ==", "$type": "00"},"fUpdated":1,"xbit":0,"lHacct":-1}
{"hbgtitm":496,"hbgt":8,"hcat":150,"bif":0,"amtPerFrq":0.0000,"dtSerial":"04/20/07 10:42:30","hbgtbkt":89,"frq":3,"cFrqInst":1,"dt":"01/00/00 00:00:00","grfFlags":0,"sguid":{"$binary": "e0YyN0MwRTMyLTgxMDMtNEVCQi1BRkNDMTdENDA1OTVDMkM0fQ==", "$type": "00"},"fUpdated":1,"xbit":0,"lHacct":-1}
{"hbgtitm":497,"hbgt":8,"hcat":151,"bif":0,"amtPerFrq":0.0000,"dtSerial":"04/20/07 10:42:30","hbgtbkt":89,"frq":3,"cFrqInst":1,"dt":"01/00/00 00:00:00","grfFlags":0,"sguid":{"$binary": "ezdFM0Y2QjQ1LUQ1MDItNDREQS1CNzlBRjQ5ODcxOTlCRDgyfQ==", "$type": "00"},"fUpdated":1,"xbit":0,"lHacct":-1}
{"hbgtitm":498,"hbgt":8,"hcat":154,"bif":0,"amtPerFrq":0.0000,"dtSerial":"04/20/07 10:42:30","hbgtbkt":88,"frq":3,"cFrqInst":1,"dt":"01/00/00 00:00:00","grfFlags":0,"sguid":{"$binary": "ezczNDFDOEUwLTkwMDYtNDcyMi1BODk2OEEyRDkxRDAxNTFGfQ==", "$type": "00"},"fUpdated":1,"xbit":0,"lHacct":-1}
{"hbgtitm":499,"hbgt":8,"hcat":155,"bif":0,"amtPerFrq":0.0000,"dtSerial":"04/20/07 10:42:30","hbgtbkt":89,"frq":3,"cFrqInst":1,"dt":"01/00/00 00:00:00","grfFlags":0,"sguid":{"$binary": "ezgxMDI0QzcwLTY2RDMtNDU4NS05RjFFRDYyNEU0MUVFQzFDfQ==", "$type": "00"},"fUpdated":1,"xbit":0,"lHacct":-1}
{"hbgtitm":500,"hbgt":8,"hcat":310,"bif":0,"amtPerFrq":0.0000,"dtSerial":"04/20/07 10:42:30","hbgtbkt":90,"frq":3,"cFrqInst":1,"dt":"01/00/00 00:00:00","grfFlags":0,"sguid":{"$binary": "e0VGMzdBMjZELUQ1ODUtNDZENC05MDM5QkNFRTYzODA5ODJCfQ==", "$type": "00"},"fUpdated":1,"xbit":0,"lHacct":-1}
{"hbgtitm":501,"hbgt":8,"hcat":159,"bif":0,"amtPerFrq":0.0000,"dtSerial":"04/20/07 10:42:30","hbgtbkt":91,"frq":3,"cFrqInst":1,"dt":"01/00/00 00:00:00","grfFlags":0,"sguid":{"$binary": "e0MzMjhFM0NBLTQ2MUUtNDNCMC05MjhDMUNCNDlBNTk2QjE3fQ==", "$type": "00"},"fUpdated":1,"xbit":0,"lHacct":-1}
{"hbgtitm":502,"hbgt":8,"hcat":161,"bif":0,"amtPerFrq":0.0000,"dtSerial":"04/20/07 10:42:30","hbgtbkt":92,"frq":3,"cFrqInst":1,"dt":"01/00/00 00:00:00","grfFlags":0,"sguid":{"$binary": "ezYwMTFGMTk4LTA0MTQtNDQ1QS1CNUQ1RjYxRTI1QTRCRjkyfQ==", "$type": "00"},"fUpdated":1,"xbit":0,"lHacct":-1}
{"hbgtitm":503,"hbgt":8,"hcat":172,"bif":0,"amtPerFrq":0.0000,"dtSerial":"04/20/07 10:42:30","hbgtbkt":92,"frq":3,"cFrqInst":1,"dt":"01/00/00 00:00:00","grfFlags":0,"sguid":{"$binary": "e0U1MDdCMDY4LTZBNDUtNDU0OC1BMjY3ODZFRkIyQTlCNjcxfQ==", "$type": "00"},"fUpdated":1,"xbit":0,"lHacct":-1}
{"hbgtitm":504,"hbgt":8,"hcat":162,"bif":0,"amtPerFrq":0.0000,"dtSerial":"04/20/07 10:42:30","hbgtbkt":92,"frq":3,"cFrqInst":1,"dt":"01/00/00 00:00:00","grfFlags":0,"sguid":{"$binary": "ezEzMTc2QzJFLTg0RTItNEExOC04QUE3NEM0MERENTU2Q0RDfQ==", "$type": "00"},"fUpdated":1,"xbit":0,"lHacct":-1}
{"hbgtitm":505,"hbgt":8,"hcat":170,"bif":0,"amtPerFrq":0.0000,"dtSerial":"04/20/07 10:42:30","hbgtbkt":92,"frq":3,"cFrqInst":1,"dt":"01/00/00 00:00:00","grfFlags":0,"sguid":{"$binary": "ezIyOEU0Q0I0LTBEMTAtNEQ2RC1CMDlDMjgyREJDM0NBNzQ2fQ==", "$type": "00"},"fUpdated":1,"xbit":0,"lHacct":-1}
{"hbgtitm":506,"hbgt":8,"hcat":167,"bif":0,"amtPerFrq":0.0000,"dtSerial":"04/20/07 10:42:30","hbgtbkt":92,"frq":3,"cFrqInst":1,"dt":"01/00/00 00:00:00","grfFlags":0,"sguid":{"$binary": "ezAzNjBEQTQ4LTI4NTktNDdBNi1CQkE2OTIxNzIxQzM5M0RCfQ==", "$type": "00"},"fUpdated":1,"xbit":0,"lHacct":-1}
{"hbgtitm":507,"hbgt":8,"hcat":168,"bif":2,"amtPerFrq":0.0000,"dtSerial":"04/20/07 10:42:30","hbgtbkt":92,"frq":3,"cFrqInst":1,"dt":"01/00/00 00:00:00","grfFlags":0,"sguid":{"$binary": "e0UxRTc4MzIxLURBRDgtNDZFOC04MDcxM0NEQTQzNTk0NEZDfQ==", "$type": "00"},"fUpdated":1,"xbit":0,"lHacct":-1}
{"hbgtitm":508,"hbgt":8,"hcat":222,"bif":0,"amtPerFrq":0.0000,"dtSerial":"04/20/07 10:42:30","hbgtbkt":93,"frq":3,"cFrqInst":1,"dt":"01/00/00 00:00:00","grfFlags":0,"sguid":{"$binary": "ezI0QzNDRUMyLUVEQjAtNDczNy04MTI0QzhEM0NFQzI5RDUyfQ==", "$type": "00"},"fUpdated":1,"xbit":0,"lHacct":-1}
{"hbgtitm":509,"hbgt":8,"hcat":229,"bif":0,"amtPerFrq":0.0000,"dtSerial":"04/20/07 10:42:30","hbgtbkt":93,"frq":3,"cFrqInst":1,"dt":"01/00/00 00:00:00","grfFlags":0,"sguid":{"$binary": "ezQwQUZDQjRDLTA3RTAtNDVERS04Qjc1M0I2MEMyNDQ4OTE0fQ==", "$type": "00"},"fUpdated":1,"xbit":0,"lHacct":-1}
{"hbgtitm":510,"hbgt":8,"hcat":227,"bif":0,"amtPerFrq":0.0000,"dtSerial":"04/20/07 10:42:30","hbgtbkt":93,"frq":3,"cFrqInst":1,"dt":"01/00/00 00:00:00","grfFlags":0,"sguid":{"$binary": "ezNFOTJBNjA5LTdGQUQtNDdEMS1BM0JFOTA3RDNFOEUyMEIzfQ==", "$type": "00"},"fUpdated":1,"xbit":0,"lHacct":-1}
{"hbgtitm":511,"hbgt":8,"hcat":156,"bif":0,"amtPerFrq":0.0000,"dtSerial":"04/20/07 10:42:30","hbgtbkt":91,"frq":3,"cFrqInst":1,"dt":"01/00/00 00:00:00","grfFlags":0,"sguid":{"$binary": "ezBBQUU2N0IwLUU3RjItNDM0Ri1BMDhFOEY3NDE3MjE0MjUyfQ==", "$type": "00"},"fUpdated":1,"xbit":0,"lHacct":-1}
{"hbgtitm":512,"hbgt":8,"hcat":157,"bif":0,"amtPerFrq":0.0000,"dtSerial":"04/20/07 10:42:30","hbgtbkt":91,"frq":3,"cFrqInst":1,"dt":"01/00/00 00:00:00","grfFlags":0,"sguid":{"$binary": "e0ZFQjNGQjc2LUM0NDUtNEIyMC04OTc4Njc3QjlFNEQ5NjU1fQ==", "$type": "00"},"fUpdated":1,"xbit":0,"lHacct":-1}
{"hbgtitm":513,"hbgt":8,"hcat":158,"bif":0,"amtPerFrq":0.0000,"dtSerial":"04/20/07 10:42:30","hbgtbkt":91,"frq":3,"cFrqInst":1,"dt":"01/00/00 00:00:00","grfFlags":0,"sguid":{"$binary": "ezYxRDVEMkY5LUJCNzEtNDEyQS04NDNBRTJDODVFODNBMUYyfQ==", "$type": "00"},"fUpdated":1,"xbit":0,"lHacct":-1}
{"hbgtitm":514,"hbgt":8,"hcat":234,"bif":0,"amtPerFrq":0.0000,"dtSerial":"04/20/07 10:42:30","hbgtbkt":94,"frq":3,"cFrqInst":1,"dt":"01/00/00 00:00:00","grfFlags":0,"sguid":{"$binary": "e0YwRTFDNTdDLTE0RDUtNEZCRS04MTQ2RTlDNEMwNkY4NTlCfQ==", "$type": "00"},"fUpdated":1,"xbit":0,"lHacct":-1}
{"hbgtitm":515,"hbgt":8,"hcat":235,"bif":0,"amtPerFrq":0.0000,"dtSerial":"04/20/07 10:42:30","hbgtbkt":94,"frq":3,"cFrqInst":1,"dt":"01/00/00 00:00:00","grfFlags":0,"sguid":{"$binary": "ezQxRTI4MEM4LTg5RTItNEIyNy1BRDY3QUNGRDFDNUVGMDg2fQ==", "$type": "00"},"fUpdated":1,"xbit":0,"lHacct":-1}
{"hbgtitm":516,"hbgt":8,"hcat":236,"bif":0,"amtPerFrq":0.0000,"dtSerial":"04/20/07 10:42:30","hbgtbkt":94,"frq":3,"cFrqInst":1,"dt":"01/00/00 00:00:00","grfFlags":0,"sguid":{"$binary": "ezM2QzVGQTNELUY0REItNDIxRC1BOTA0RDEzOTM2Q0I4MjExfQ==", "$type": "00"},"fUpdated":1,"xbit":0,"lHacct":-1}
{"hbgtitm":517,"hbgt":8,"hcat":160,"bif":0,"amtPerFrq":0.0000,"dtSerial":"04/20/07 10:42:30","hbgtbkt":92,"frq":3,"cFrqInst":1,"dt":"01/00/00 00:00:00","grfFlags":0,"sguid":{"$binary": "e0RCNDA2REUwLUQ0MzYtNEQ0NC05NzUzNkVGRDE1OTZFQTRBfQ==", "$type": "00"},"fUpdated":1,"xbit":0,"lHacct":-1}
{"hbgtitm":518,"hbgt":8,"hcat":163,"bif":0,"amtPerFrq":0.0000,"dtSerial":"04/20/07 10:42:30","hbgtbkt":92,"frq":3,"cFrqInst":1,"dt":"01/00/00 00:00:00","grfFlags":0,"sguid":{"$binary": "e0FCQzNDNEMwLTU3NTUtNDYzOS1BMDFCMDA2NUY5QkU4MTJGfQ==", "$type": "00"},"fUpdated":1,"xbit":0,"lHacct":-1}
{"hbgtitm":519,"hbgt":8,"hcat":164,"bif":0,"amtPerFrq":0.0000,"dtSerial":"04/20/07 10:42:30","hbgtbkt":92,"frq":3,"cFrqInst":1,"dt":"01/00/00 00:00:00","grfFlags":0,"sguid":{"$binary": "ezA3ODYxN0U2LUE2NTItNDFBMi05QjAyM0UwMTFFNzVBRjg5fQ==", "$type": "00"},"fUpdated":1,"xbit":0,"lHacct":-1}
{"hbgtitm":520,"hbgt":8,"hcat":171,"bif":0,"amtPerFrq":0.0000,"dtSerial":"04/20/07 10:42:30","hbgtbkt":92,"frq":3,"cFrqInst":1,"dt":"01/00/00 00:00:00","grfFlags":0,"sguid":{"$binary": "ezZBQjFDODhBLUREMzctNDZBMy1BQzdCRjM1MEQ5Njk3MjBDfQ==", "$type": "00"},"fUpdated":1,"xbit":0,"lHacct":-1}
{"hbgtitm":521,"hbgt":8,"hcat":174,"bif":0,"amtPerFrq":0.0000,"dtSerial":"04/20/07 10:42:30","hbgtbkt":92,"frq":3,"cFrqInst":1,"dt":"01/00/00 00:00:00","grfFlags":0,"sguid":{"$binary": "ezNENDE3REMzLTYwODctNDBCQi05OURDMkZFMzgyMzUyNjU1fQ==", "$type": "00"},"fUpdated":1,"xbit":0,"lHacct":-1}
{"hbgtitm":522,"hbgt":8,"hcat":165,"bif":0,"amtPerFrq":0.0000,"dtSerial":"04/20/07 10:42:30","hbgtbkt":92,"frq":3,"cFrqInst":1,"dt":"01/00/00 00:00:00","grfFlags":0,"sguid":{"$binary": "e0JFQjgxNzhELTRBQzAtNDBGNS04QjQxMDgzMzc2QUQ2MzVFfQ==", "$type": "00"},"fUpdated":1,"xbit":0,"lHacct":-1}
{"hbgtitm":523,"hbgt":8,"hcat":173,"bif":0,"amtPerFrq":0.0000,"dtSerial":"04/20/07 10:42:30","hbgtbkt":92,"frq":3,"cFrqInst":1,"dt":"01/00/00 00:00:00","grfFlags":0,"sguid":{"$binary": "e0M0RDY5QTlBLTFBRjAtNDJFRS05NEVDMEE2NzA0M0E3RERGfQ==", "$type": "00"},"fUpdated":1,"xbit":0,"lHacct":-1}
{"hbgtitm":524,"hbgt":8,"hcat":169,"bif":0,"amtPerFrq":0.0000,"dtSerial":"04/20/07 10:42:30","hbgtbkt":92,"frq":3,"cFrqInst":1,"dt":"01/00/00 00:00:00","grfFlags":0,"sguid":{"$binary": "e0FEQjNCNUQ3LUMxNUMtNDhFRC05RDE0OURERENCMEIxMTY5fQ==", "$type": "00"},"fUpdated":1,"xbit":0,"lHacct":-1}
{"hbgtitm":525,"hbgt":8,"hcat":175,"bif":0,"amtPerFrq":0.0000,"dtSerial":"04/20/07 10:42:30","hbgtbkt":92,"frq":3,"cFrqInst":1,"dt":"01/00/00 00:00:00","grfFlags":0,"sguid":{"$binary": "ezA3M0Y5QTkyLTBBNDUtNEI5Ny04RTQyMzU3NThCNjBCOUE3fQ==", "$type": "00"},"fUpdated":1,"xbit":0,"lHacct":-1}
{"hbgtitm":526,"hbgt":8,"hcat":166,"bif":0,"amtPerFrq":0.0000,"dtSerial":"04/20/07 10:42:30","hbgtbkt":95,"frq":3,"cFrqInst":1,"dt":"01/00/00 00:00:00","grfFlags":0,"sguid":{"$binary": "e0YwODI4NEEyLThCMEQtNEE1QS05NzVBMzMwMDA4NEM3REQ4fQ==", "$type": "00"},"fUpdated":1,"xbit":0,"lHacct":-1}
{"hbgtitm":527,"hbgt":8,"hcat":176,"bif":0,"amtPerFrq":0.0000,"dtSerial":"04/20/07 10:42:30","hbgtbkt":92,"frq":3,"cFrqInst":1,"dt":"01/00/00 00:00:00","grfFlags":0,"sguid":{"$binary": "ezM5MjYwNDdBLTZEMTItNDdCMi05RTcyQUI5NTg3MDREMTFDfQ==", "$type": "00"},"fUpdated":1,"xbit":0,"lHacct":-1}
{"hbgtitm":528,"hbgt":8,"hcat":177,"bif":0,"amtPerFrq":0.0000,"dtSerial":"04/20/07 10:42:30","hbgtbkt":94,"frq":3,"cFrqInst":1,"dt":"01/00/00 00:00:00","grfFlags":0,"sguid":{"$binary": "e0JENEI2MzgzLUE0NkQtNDkwNC05N0M3MjBDNDhFMDUzNTNGfQ==", "$type": "00"},"fUpdated":1,"xbit":0,"lHacct":-1}
{"hbgtitm":529,"hbgt":8,"hcat":178,"bif":0,"amtPerFrq":0.0000,"dtSerial":"04/20/07 10:42:30","hbgtbkt":94,"frq":3,"cFrqInst":1,"dt":"01/00/00 00:00:00","grfFlags":0,"sguid":{"$binary": "e0MwQ0Q2RDAyLTI2QzYtNDI3MC1CQ0UzODBDRjhDMTM2ODEwfQ==", "$type": "00"},"fUpdated":1,"xbit":0,"lHacct":-1}
{"hbgtitm":530,"hbgt":8,"hcat":179,"bif":0,"amtPerFrq":0.0000,"dtSerial":"04/20/07 10:42:30","hbgtbkt":96,"frq":3,"cFrqInst":1,"dt":"01/00/00 00:00:00","grfFlags":0,"sguid":{"$binary": "ezQ3MUJBQzAxLTVFQUMtNDhGNi04QjI1QTVENjAzMkQ0RUU1fQ==", "$type": "00"},"fUpdated":1,"xbit":0,"lHacct":-1}
{"hbgtitm":531,"hbgt":8,"hcat":180,"bif":0,"amtPerFrq":0.0000,"dtSerial":"04/20/07 10:42:30","hbgtbkt":96,"frq":3,"cFrqInst":1,"dt":"01/00/00 00:00:00","grfFlags":0,"sguid":{"$binary": "ezY5ODc5NTVFLTAyQjEtNDQ2OS04OTM3RjVGMzYzMDA2M0IzfQ==", "$type": "00"},"fUpdated":1,"xbit":0,"lHacct":-1}
{"hbgtitm":532,"hbgt":8,"hcat":181,"bif":0,"amtPerFrq":0.0000,"dtSerial":"04/20/07 10:42:30","hbgtbkt":96,"frq":3,"cFrqInst":1,"dt":"01/00/00 00:00:00","grfFlags":0,"sguid":{"$binary": "e0VDRDVENjkxLTI1MzctNDQxQy1BMjFDMDgzQzcxN0VEMEUyfQ==", "$type": "00"},"fUpdated":1,"xbit":0,"lHacct":-1}
{"hbgtitm":533,"hbgt":8,"hcat":182,"bif":0,"amtPerFrq":0.0000,"dtSerial":"04/20/07 10:42:30","hbgtbkt":96,"frq":3,"cFrqInst":1,"dt":"01/00/00 00:00:00","grfFlags":0,"sguid":{"$binary": "ezY1OEU0MkI0LUZCRjUtNDY1NS1BMjhENTMyQkU5RDAwREE0fQ==", "$type": "00"},"fUpdated":1,"xbit":0,"lHacct":-1}
{"hbgtitm":534,"hbgt":8,"hcat":183,"bif":0,"amtPerFrq":0.0000,"dtSerial":"04/20/07 10:42:30","hbgtbkt":96,"frq":3,"cFrqInst":1,"dt":"01/00/00 00:00:00","grfFlags":0,"sguid":{"$binary": "ezEyNjYzMzFFLTE5MzQtNEEyMC05QjJBMkRBRTZBRkVBRDExfQ==", "$type": "00"},"fUpdated":1,"xbit":0,"lHacct":-1}
{"hbgtitm":535,"hbgt":8,"hcat":184,"bif":0,"amtPerFrq":0.0000,"dtSerial":"04/20/07 10:42:30","hbgtbkt":96,"frq":3,"cFrqInst":1,"dt":"01/00/00 00:00:00","grfFlags":0,"sguid":{"$binary": "ezQ2MzRFODZGLUIxQzYtNEQ5OC1CM0UyMDdBOEQ3NTE2NjlGfQ==", "$type": "00"},"fUpdated":1,"xbit":0,"lHacct":-1}
{"hbgtitm":536,"hbgt":8,"hcat":185,"bif":0,"amtPerFrq":0.0000,"dtSerial":"04/20/07 10:42:30","hbgtbkt":97,"frq":3,"cFrqInst":1,"dt":"01/00/00 00:00:00","grfFlags":0,"sguid":{"$binary": "ezAyNjk2NzczLUJCOTMtNEM4RS05QUZCNjlDODAzQ0MzMEYzfQ==", "$type": "00"},"fUpdated":1,"xbit":0,"lHacct":-1}
{"hbgtitm":537,"hbgt":8,"hcat":338,"bif":0,"amtPerFrq":-75.0000,"dtSerial":"04/20/07 10:42:30","hbgtbkt":97,"frq":3,"cFrqInst":1,"dt":"01/00/00 00:00:00","grfFlags":0,"sguid":{"$binary": "ezVERTZGNTczLUIyQTYtNDI4Ni05NDlDMEYxRkVGM0VEQUI3fQ==", "$type": "00"},"fUpdated":1,"xbit":0,"lHacct":-1}
{"hbgtitm":538,"hbgt":8,"hcat":339,"bif":0,"amtPerFrq":-200.0000,"dtSerial":"04/20/07 10:42:30","hbgtbkt":97,"frq":3,"cFrqInst":1,"dt":"01/00/00 00:00:00","grfFlags":0,"sguid":{"$binary": "e0RDMkM1OUNCLTBDNkQtNDVGRS1CMjNEQjMzOTJFNDkyNTFCfQ==", "$type": "00"},"fUpdated":1,"xbit":0,"lHacct":-1}
{"hbgtitm":539,"hbgt":8,"hcat":189,"bif":0,"amtPerFrq":0.0000,"dtSerial":"04/20/07 10:42:30","hbgtbkt":96,"frq":3,"cFrqInst":1,"dt":"01/00/00 00:00:00","grfFlags":0,"sguid":{"$binary": "ezdCODczNTQxLUEzQUUtNDg2QS1BMUVFNDY5RDlEMDA1QjcyfQ==", "$type": "00"},"fUpdated":1,"xbit":0,"lHacct":-1}
{"hbgtitm":540,"hbgt":8,"hcat":190,"bif":0,"amtPerFrq":0.0000,"dtSerial":"04/20/07 10:42:30","hbgtbkt":96,"frq":3,"cFrqInst":1,"dt":"01/00/00 00:00:00","grfFlags":0,"sguid":{"$binary": "ezcyQjQ5NkIyLUNGMTctNDVDOC1CNEZFOTE1QUQyQkJDM0Y4fQ==", "$type": "00"},"fUpdated":1,"xbit":0,"lHacct":-1}
{"hbgtitm":541,"hbgt":8,"hcat":191,"bif":0,"amtPerFrq":0.0000,"dtSerial":"04/20/07 10:42:30","hbgtbkt":96,"frq":3,"cFrqInst":1,"dt":"01/00/00 00:00:00","grfFlags":0,"sguid":{"$binary": "ezdCMjlDNjI3LUEyRjgtNDhGMC04N0NFOURDQTgyRTcyNEMwfQ==", "$type": "00"},"fUpdated":1,"xbit":0,"lHacct":-1}
{"hbgtitm":542,"hbgt":8,"hcat":192,"bif":0,"amtPerFrq":0.0000,"dtSerial":"04/20/07 10:42:30","hbgtbkt":96,"frq":3,"cFrqInst":1,"dt":"01/00/00 00:00:00","grfFlags":0,"sguid":{"$binary": "ezZEQkVENENELTBFOUYtNDFENi04NTk5OUNFMEMyMkU1MTA1fQ==", "$type": "00"},"fUpdated":1,"xbit":0,"lHacct":-1}
{"hbgtitm":543,"hbgt":8,"hcat":193,"bif":0,"amtPerFrq":0.0000,"dtSerial":"04/20/07 10:42:30","hbgtbkt":96,"frq":3,"cFrqInst":1,"dt":"01/00/00 00:00:00","grfFlags":0,"sguid":{"$binary": "ezEwMzQyNEJGLTFFRkItNEUzQi04QTZCMUZBOTMxQkE4MUE2fQ==", "$type": "00"},"fUpdated":1,"xbit":0,"lHacct":-1}
{"hbgtitm":544,"hbgt":8,"hcat":194,"bif":0,"amtPerFrq":0.0000,"dtSerial":"04/20/07 10:42:30","hbgtbkt":96,"frq":3,"cFrqInst":1,"dt":"01/00/00 00:00:00","grfFlags":0,"sguid":{"$binary": "ezNFMThCMkMxLTMyN0UtNDg4OS1BRDVCNUExNUM5RDE4QzA0fQ==", "$type": "00"},"fUpdated":1,"xbit":0,"lHacct":-1}
{"hbgtitm":545,"hbgt":8,"hcat":237,"bif":0,"amtPerFrq":0.0000,"dtSerial":"04/20/07 10:42:30","hbgtbkt":95,"frq":3,"cFrqInst":1,"dt":"01/00/00 00:00:00","grfFlags":0,"sguid":{"$binary": "ezk1NUI4NzFDLTUwQzktNEEzQS04MzEyRDNDNzFFMEQ1NkY4fQ==", "$type": "00"},"fUpdated":1,"xbit":0,"lHacct":-1}
{"hbgtitm":546,"hbgt":8,"hcat":238,"bif":0,"amtPerFrq":0.0000,"dtSerial":"04/20/07 10:42:30","hbgtbkt":95,"frq":3,"cFrqInst":1,"dt":"01/00/00 00:00:00","grfFlags":0,"sguid":{"$binary": "ezVERURCNzI1LTkzN0UtNEY4OS04MDM0NUVBRTU0QTAyMDA4fQ==", "$type": "00"},"fUpdated":1,"xbit":0,"lHacct":-1}
{"hbgtitm":547,"hbgt":8,"hcat":239,"bif":0,"amtPerFrq":0.0000,"dtSerial":"04/20/07 10:42:30","hbgtbkt":95,"frq":3,"cFrqInst":1,"dt":"01/00/00 00:00:00","grfFlags":0,"sguid":{"$binary": "e0ZCQjIyQ0JDLThGNjktNDUxOS04QzU5RkE1QkEzNjRBNDA1fQ==", "$type": "00"},"fUpdated":1,"xbit":0,"lHacct":-1}
{"hbgtitm":548,"hbgt":8,"hcat":240,"bif":0,"amtPerFrq":0.0000,"dtSerial":"04/20/07 10:42:30","hbgtbkt":95,"frq":3,"cFrqInst":1,"dt":"01/00/00 00:00:00","grfFlags":0,"sguid":{"$binary": "e0I5MDg1MkQ1LTk1MkMtNDA5RS1BNzI3MzIzMTJCQTAzMjkwfQ==", "$type": "00"},"fUpdated":1,"xbit":0,"lHacct":-1}
{"hbgtitm":549,"hbgt":8,"hcat":196,"bif":0,"amtPerFrq":0.0000,"dtSerial":"04/20/07 10:42:30","hbgtbkt":91,"frq":3,"cFrqInst":1,"dt":"01/00/00 00:00:00","grfFlags":0,"sguid":{"$binary": "ezMxQkM5Q0Y1LTc4MkUtNDVENy1CQjM5QjUxNUUzNzRGOTYyfQ==", "$type": "00"},"fUpdated":1,"xbit":0,"lHacct":-1}
{"hbgtitm":550,"hbgt":8,"hcat":197,"bif":0,"amtPerFrq":0.0000,"dtSerial":"04/20/07 10:42:30","hbgtbkt":96,"frq":3,"cFrqInst":1,"dt":"01/00/00 00:00:00","grfFlags":0,"sguid":{"$binary": "ezA0MkU2ODM3LTdBNDItNDgyQS1BQjc0ODhFQUU3MjVCNjhGfQ==", "$type": "00"},"fUpdated":1,"xbit":0,"lHacct":-1}
{"hbgtitm":551,"hbgt":8,"hcat":198,"bif":0,"amtPerFrq":0.0000,"dtSerial":"04/20/07 10:42:30","hbgtbkt":95,"frq":3,"cFrqInst":1,"dt":"01/00/00 00:00:00","grfFlags":0,"sguid":{"$binary": "ezVBOTJENzE2LTJFNjUtNDk2Qy1BNTAzRjM2MTdFMDJDRkY1fQ==", "$type": "00"},"fUpdated":1,"xbit":0,"lHacct":-1}
{"hbgtitm":552,"hbgt":8,"hcat":200,"bif":0,"amtPerFrq":0.0000,"dtSerial":"04/20/07 10:42:30","hbgtbkt":94,"frq":3,"cFrqInst":1,"dt":"01/00/00 00:00:00","grfFlags":0,"sguid":{"$binary": "ezc3RTQzNTI5LUUyMzMtNERFNy1BOEVEMTUwQjg5ODYxMUI2fQ==", "$type": "00"},"fUpdated":1,"xbit":0,"lHacct":-1}
{"hbgtitm":553,"hbgt":8,"hcat":201,"bif":0,"amtPerFrq":0.0000,"dtSerial":"04/20/07 10:42:30","hbgtbkt":94,"frq":3,"cFrqInst":1,"dt":"01/00/00 00:00:00","grfFlags":0,"sguid":{"$binary": "ezI2QTg1REZCLTA0QkItNEY3Qi1CNjk3NEM1ODFGNzQ1Qjg3fQ==", "$type": "00"},"fUpdated":1,"xbit":0,"lHacct":-1}
{"hbgtitm":554,"hbgt":8,"hcat":202,"bif":0,"amtPerFrq":0.0000,"dtSerial":"04/20/07 10:42:30","hbgtbkt":94,"frq":3,"cFrqInst":1,"dt":"01/00/00 00:00:00","grfFlags":0,"sguid":{"$binary": "ezkwQzhEOUQwLURCM0EtNDdGMC1CODgwNURDRTRBNEM5NUEzfQ==", "$type": "00"},"fUpdated":1,"xbit":0,"lHacct":-1}
{"hbgtitm":555,"hbgt":8,"hcat":203,"bif":0,"amtPerFrq":0.0000,"dtSerial":"04/20/07 10:42:30","hbgtbkt":98,"frq":3,"cFrqInst":1,"dt":"01/00/00 00:00:00","grfFlags":0,"sguid":{"$binary": "e0RDODMxQUE1LUE1OEQtNDA1NS04NzI2MTQ0REE0MjQ3NkZEfQ==", "$type": "00"},"fUpdated":1,"xbit":0,"lHacct":-1}
{"hbgtitm":556,"hbgt":8,"hcat":204,"bif":0,"amtPerFrq":0.0000,"dtSerial":"04/20/07 10:42:30","hbgtbkt":98,"frq":3,"cFrqInst":1,"dt":"01/00/00 00:00:00","grfFlags":0,"sguid":{"$binary": "e0M3NDUzNTdDLTE0MzQtNDZFMy04MTMzQjkyMDUxNDBGRUUxfQ==", "$type": "00"},"fUpdated":1,"xbit":0,"lHacct":-1}
{"hbgtitm":557,"hbgt":8,"hcat":205,"bif":0,"amtPerFrq":0.0000,"dtSerial":"04/20/07 10:42:30","hbgtbkt":98,"frq":3,"cFrqInst":1,"dt":"01/00/00 00:00:00","grfFlags":0,"sguid":{"$binary": "ezczOUEwQzZGLTUyQzEtNDc3NS1CNTIzRjJGNDY5MTdDQzY3fQ==", "$type": "00"},"fUpdated":1,"xbit":0,"lHacct":-1}
{"hbgtitm":558,"hbgt":8,"hcat":206,"bif":0,"amtPerFrq":0.0000,"dtSerial":"04/20/07 10:42:30","hbgtbkt":98,"frq":3,"cFrqInst":1,"dt":"01/00/00 00:00:00","grfFlags":0,"sguid":{"$binary": "ezcyRjlGQ0JFLTdFRTQtNDVFQi04ODNEMDA3NzhCOTkyRUY5fQ==", "$type": "00"},"fUpdated":1,"xbit":0,"lHacct":-1}
{"hbgtitm":559,"hbgt":8,"hcat":207,"bif":0,"amtPerFrq":-25.0000,"dtSerial":"04/20/07 10:42:30","hbgtbkt":98,"frq":3,"cFrqInst":1,"dt":"01/00/00 00:00:00","grfFlags":0,"sguid":{"$binary": "ezlDRUJEQzAwLTREREEtNEJCNy05NjFBMjQ5QTlCRkZDNDZCfQ==", "$type": "00"},"fUpdated":1,"xbit":0,"lHacct":-1}
{"hbgtitm":560,"hbgt":8,"hcat":208,"bif":0,"amtPerFrq":0.0000,"dtSerial":"04/20/07 10:42:30","hbgtbkt":98,"frq":3,"cFrqInst":1,"dt":"01/00/00 00:00:00","grfFlags":0,"sguid":{"$binary": "e0M2Q0QwM0JELTQ0QUEtNDZFQi1CQzkwM0U0NDA3OTE3NzMyfQ==", "$type": "00"},"fUpdated":1,"xbit":0,"lHacct":-1}
{"hbgtitm":561,"hbgt":8,"hcat":209,"bif":0,"amtPerFrq":0.0000,"dtSerial":"04/20/07 10:42:30","hbgtbkt":98,"frq":3,"cFrqInst":1,"dt":"01/00/00 00:00:00","grfFlags":0,"sguid":{"$binary": "ezUzM0REMjBELTlFMjktNDUzMC1CMkVFMjdDNjg0Qzg0RUY0fQ==", "$type": "00"},"fUpdated":1,"xbit":0,"lHacct":-1}
{"hbgtitm":562,"hbgt":8,"hcat":210,"bif":0,"amtPerFrq":0.0000,"dtSerial":"04/20/07 10:42:30","hbgtbkt":98,"frq":3,"cFrqInst":1,"dt":"01/00/00 00:00:00","grfFlags":0,"sguid":{"$binary": "e0ZCRUU3MUU4LUY2NjEtNDZCOC1BMTc1REM5MjRFNDcxNzU2fQ==", "$type": "00"},"fUpdated":1,"xbit":0,"lHacct":-1}
{"hbgtitm":563,"hbgt":8,"hcat":211,"bif":0,"amtPerFrq":0.0000,"dtSerial":"04/20/07 10:42:30","hbgtbkt":98,"frq":3,"cFrqInst":1,"dt":"01/00/00 00:00:00","grfFlags":0,"sguid":{"$binary": "e0Q1REQ4QUU1LTYzNzAtNDU0Ni05MUEzNzRDNTZFRUYwMUUwfQ==", "$type": "00"},"fUpdated":1,"xbit":0,"lHacct":-1}
{"hbgtitm":564,"hbgt":8,"hcat":212,"bif":0,"amtPerFrq":0.0000,"dtSerial":"04/20/07 10:42:30","hbgtbkt":87,"frq":3,"cFrqInst":1,"dt":"01/00/00 00:00:00","grfFlags":0,"sguid":{"$binary": "e0Q0OEYxM0FGLTg2QUUtNENENS1BNTU0QzhDMjJDN0E0REExfQ==", "$type": "00"},"fUpdated":1,"xbit":0,"lHacct":-1}
{"hbgtitm":565,"hbgt":8,"hcat":214,"bif":0,"amtPerFrq":0.0000,"dtSerial":"04/20/07 10:42:30","hbgtbkt":87,"frq":3,"cFrqInst":1,"dt":"01/00/00 00:00:00","grfFlags":0,"sguid":{"$binary": "ezE1NjU5QTIyLUZGODgtNEY3NS1CRDJEOUQ5NzE1MzFBRTg2fQ==", "$type": "00"},"fUpdated":1,"xbit":0,"lHacct":-1}
{"hbgtitm":566,"hbgt":8,"hcat":213,"bif":0,"amtPerFrq":0.0000,"dtSerial":"04/20/07 10:42:30","hbgtbkt":87,"frq":3,"cFrqInst":1,"dt":"01/00/00 00:00:00","grfFlags":0,"sguid":{"$binary": "e0ZBQzdEOUJDLUIxRTctNDYxRS05QTQyQjlGMzc0NzAwMTM1fQ==", "$type": "00"},"fUpdated":1,"xbit":0,"lHacct":-1}
{"hbgtitm":567,"hbgt":8,"hcat":215,"bif":0,"amtPerFrq":0.0000,"dtSerial":"04/20/07 10:42:30","hbgtbkt":87,"frq":3,"cFrqInst":1,"dt":"01/00/00 00:00:00","grfFlags":0,"sguid":{"$binary": "e0M5MTg2NzE1LURFMjMtNERDMi05OTA2RDZCOTc2MEIzRjRGfQ==", "$type": "00"},"fUpdated":1,"xbit":0,"lHacct":-1}
{"hbgtitm":568,"hbgt":8,"hcat":221,"bif":0,"amtPerFrq":0.0000,"dtSerial":"04/20/07 10:42:30","hbgtbkt":93,"frq":3,"cFrqInst":1,"dt":"01/00/00 00:00:00","grfFlags":0,"sguid":{"$binary": "ezQzOTBCQzcxLTJGRDctNDhBNy04ODUwQ0ZFNjdFN0Y5MDJBfQ==", "$type": "00"},"fUpdated":1,"xbit":0,"lHacct":-1}
{"hbgtitm":569,"hbgt":8,"hcat":224,"bif":0,"amtPerFrq":0.0000,"dtSerial":"04/20/07 10:42:30","hbgtbkt":93,"frq":3,"cFrqInst":1,"dt":"01/00/00 00:00:00","grfFlags":0,"sguid":{"$binary": "e0M5NDY1QjlGLTFCODktNDUwOS05MzBBOUJDNjQ2QjA3RUQxfQ==", "$type": "00"},"fUpdated":1,"xbit":0,"lHacct":-1}
{"hbgtitm":570,"hbgt":8,"hcat":225,"bif":0,"amtPerFrq":0.0000,"dtSerial":"04/20/07 10:42:30","hbgtbkt":93,"frq":3,"cFrqInst":1,"dt":"01/00/00 00:00:00","grfFlags":0,"sguid":{"$binary": "ezBGREZFMzJDLTA1RTctNDU2Qy04RUVCOEI5MDY4NEU0MEJEfQ==", "$type": "00"},"fUpdated":1,"xbit":0,"lHacct":-1}
{"hbgtitm":571,"hbgt":8,"hcat":226,"bif":0,"amtPerFrq":0.0000,"dtSerial":"04/20/07 10:42:30","hbgtbkt":93,"frq":3,"cFrqInst":1,"dt":"01/00/00 00:00:00","grfFlags":0,"sguid":{"$binary": "ezk1M0NFODg1LThFNDItNEY0My04MzFCM0Q1QzY4RDlFQjA4fQ==", "$type": "00"},"fUpdated":1,"xbit":0,"lHacct":-1}
{"hbgtitm":572,"hbgt":8,"hcat":228,"bif":0,"amtPerFrq":0.0000,"dtSerial":"04/20/07 10:42:30","hbgtbkt":93,"frq":3,"cFrqInst":1,"dt":"01/00/00 00:00:00","grfFlags":0,"sguid":{"$binary": "ezIzMTk5RDEwLTI3NTAtNEFENi1BMEI3MzUxRTQyQTJGNzgyfQ==", "$type": "00"},"fUpdated":1,"xbit":0,"lHacct":-1}
{"hbgtitm":573,"hbgt":8,"hcat":230,"bif":0,"amtPerFrq":0.0000,"dtSerial":"04/20/07 10:42:30","hbgtbkt":93,"frq":3,"cFrqInst":1,"dt":"01/00/00 00:00:00","grfFlags":0,"sguid":{"$binary": "ezlDQjJDMkFFLTUzRjQtNEMzMy05MDk5MTZDRkZDNDAzMTk4fQ==", "$type": "00"},"fUpdated":1,"xbit":0,"lHacct":-1}
{"hbgtitm":574,"hbgt":8,"hcat":231,"bif":0,"amtPerFrq":0.0000,"dtSerial":"04/20/07 10:42:30","hbgtbkt":98,"frq":3,"cFrqInst":1,"dt":"01/00/00 00:00:00","grfFlags":0,"sguid":{"$binary": "ezRBNEZDMURGLURCN0MtNERENC1CNjk0NzdCREQ5MkNCRTY4fQ==", "$type": "00"},"fUpdated":1,"xbit":0,"lHacct":-1}
{"hbgtitm":575,"hbgt":8,"hcat":232,"bif":0,"amtPerFrq":0.0000,"dtSerial":"04/20/07 10:42:30","hbgtbkt":98,"frq":3,"cFrqInst":1,"dt":"01/00/00 00:00:00","grfFlags":0,"sguid":{"$binary": "ezExQUI2RkE4LTNCNjUtNDJFNi1BMUFCMTE1ODExOTE3NDE1fQ==", "$type": "00"},"fUpdated":1,"xbit":0,"lHacct":-1}
{"hbgtitm":576,"hbgt":8,"hcat":233,"bif":0,"amtPerFrq":-100.0000,"dtSerial":"04/20/07 10:42:30","hbgtbkt":98,"frq":3,"cFrqInst":1,"dt":"01/00/00 00:00:00","grfFlags":0,"sguid":{"$binary": "ezQ3NzNENkRELUY2NTgtNDczQS1BQ0RDQThCNTM1MkQ4MTM2fQ==", "$type": "00"},"fUpdated":1,"xbit":0,"lHacct":-1}
{"hbgtitm":709,"hbgt":14,"hcat":221,"szFull":"Taxes","bif":0,"amtPerFrq":-753.3800,"amt1":0.0000,"amt2":0.0000,"amt3":0.0000,"amt4":0.0000,"amt5":0.0000,"amt6":0.0000,"amt7":0.0000,"amt8":0.0000,"amt9":0.0000,"amt10":0.0000,"amt11":0.0000,"amt12":0.0000,"dtSerial":"04/20/07 10:42:30","hbgtbkt":144,"frq":3,"cFrqInst":1,"dt":"01/00/00 00:00:00","amtAlert":0.0000,"grfFlags":0,"sguid":{"$binary": "ezBDNDY5OEI0LURGRTYtNDNENi1CMDY0MUVFNTdFOUNBQjQ1fQ==", "$type": "00"},"fUpdated":1,"xbit":0,"lHacct":-1}
{"hbgtitm":710,"hbgt":14,"hcat":189,"szFull":"Healthcare","bif":0,"amtPerFrq":0.0000,"amt1":0.0000,"amt2":0.0000,"amt3":0.0000,"amt4":0.0000,"amt5":0.0000,"amt6":0.0000,"amt7":0.0000,"amt8":0.0000,"amt9":0.0000,"amt10":0.0000,"amt11":0.0000,"amt12":0.0000,"dtSerial":"04/20/07 10:42:30","hbgtbkt":147,"frq":3,"cFrqInst":1,"dt":"01/00/00 00:00:00","amtAlert":0.0000,"grfFlags":0,"sguid":{"$binary": "e0U4MTMxRTI5LUU0RDAtNDM2MC05MzBENjM2REIwMUY1MzIyfQ==", "$type": "00"},"fUpdated":1,"xbit":0,"lHacct":-1}
{"hbgtitm":711,"hbgt":14,"hcat":156,"szFull":"Automobile","bif":0,"amtPerFrq":0.0000,"amt1":0.0000,"amt2":0.0000,"amt3":0.0000,"amt4":0.0000,"amt5":0.0000,"amt6":0.0000,"amt7":0.0000,"amt8":0.0000,"amt9":0.0000,"amt10":0.0000,"amt11":0.0000,"amt12":0.0000,"dtSerial":"04/20/07 10:42:30","hbgtbkt":142,"frq":3,"cFrqInst":1,"dt":"01/00/00 00:00:00","amtAlert":0.0000,"grfFlags":0,"sguid":{"$binary": "ezgwN0UxRDMzLUIzNzAtNDgwOS05ODU2REIzNTVFRjExNzVGfQ==", "$type": "00"},"fUpdated":1,"xbit":0,"lHacct":-1}
{"hbgtitm":712,"hbgt":14,"hcat":177,"szFull":"Cash Withdrawal","bif":0,"amtPerFrq":0.0000,"amt1":0.0000,"amt2":0.0000,"amt3":0.0000,"amt4":0.0000,"amt5":0.0000,"amt6":0.0000,"amt7":0.0000,"amt8":0.0000,"amt9":0.0000,"amt10":0.0000,"amt11":0.0000,"amt12":0.0000,"dtSerial":"04/20/07 10:42:30","hbgtbkt":145,"frq":3,"cFrqInst":1,"dt":"01/00/00 00:00:00","amtAlert":0.0000,"grfFlags":0,"sguid":{"$binary": "e0FFMUY2M0E1LTVBNjUtNDM5RC1BRTYyRkY1MTNEQjY1Rjg3fQ==", "$type": "00"},"fUpdated":1,"xbit":0,"lHacct":-1}
{"hbgtitm":713,"hbgt":14,"hcat":160,"szFull":"Bills","bif":0,"amtPerFrq":-358.2800,"amt1":0.0000,"amt2":0.0000,"amt3":0.0000,"amt4":0.0000,"amt5":0.0000,"amt6":0.0000,"amt7":0.0000,"amt8":0.0000,"amt9":0.0000,"amt10":0.0000,"amt11":0.0000,"amt12":0.0000,"dtSerial":"04/20/07 10:42:30","hbgtbkt":143,"frq":3,"cFrqInst":1,"dt":"01/00/00 00:00:00","amtAlert":0.0000,"grfFlags":0,"sguid":{"$binary": "ezA4QUI2QzFCLTczNUMtNEE2RC05M0Y1QjBGNEUzNUZBM0I1fQ==", "$type": "00"},"fUpdated":1,"xbit":0,"lHacct":-1}
{"hbgtitm":714,"hbgt":14,"hcat":195,"szFull":"Insurance","bif":0,"amtPerFrq":0.0000,"amt1":0.0000,"amt2":0.0000,"amt3":0.0000,"amt4":0.0000,"amt5":0.0000,"amt6":0.0000,"amt7":0.0000,"amt8":0.0000,"amt9":0.0000,"amt10":0.0000,"amt11":0.0000,"amt12":0.0000,"dtSerial":"04/20/07 10:42:30","hbgtbkt":145,"frq":3,"cFrqInst":1,"dt":"01/00/00 00:00:00","amtAlert":0.0000,"grfFlags":0,"sguid":{"$binary": "e0Y0RUY4RUFGLUM5M0EtNDEyQS04RTk0QTdGQTFERkVBMERDfQ==", "$type": "00"},"fUpdated":1,"xbit":0,"lHacct":-1}
{"hbgtitm":724,"hbgt":14,"hcat":339,"szFull":"Groceries","bif":2,"amtPerFrq":-200.0000,"amt1":0.0000,"amt2":0.0000,"amt3":0.0000,"amt4":0.0000,"amt5":0.0000,"amt6":0.0000,"amt7":0.0000,"amt8":0.0000,"amt9":0.0000,"amt10":0.0000,"amt11":0.0000,"amt12":0.0000,"dtSerial":"04/20/07 10:42:30","hbgtbkt":148,"frq":3,"cFrqInst":1,"dt":"01/00/00 00:00:00","amtAlert":0.0000,"grfFlags":0,"sguid":{"$binary": "e0E1RTgwQjE2LTFEMUUtNDkyNy04RDQ0QzlEN0RBQjZCODk2fQ==", "$type": "00"},"fUpdated":1,"xbit":0,"lHacct":-1}
{"hbgtitm":725,"hbgt":14,"hcat":237,"szFull":"Household","bif":0,"amtPerFrq":0.0000,"amt1":0.0000,"amt2":0.0000,"amt3":0.0000,"amt4":0.0000,"amt5":0.0000,"amt6":0.0000,"amt7":0.0000,"amt8":0.0000,"amt9":0.0000,"amt10":0.0000,"amt11":0.0000,"amt12":0.0000,"dtSerial":"04/20/07 10:42:30","hbgtbkt":146,"frq":3,"cFrqInst":1,"dt":"01/00/00 00:00:00","amtAlert":0.0000,"grfFlags":0,"sguid":{"$binary": "ezU2NEMwNEJCLTM2NkUtNERBQi04MkEzOEY5OEE4QUY0MkI1fQ==", "$type": "00"},"fUpdated":1,"xbit":0,"lHacct":-1}
{"hbgtitm":726,"hbgt":14,"hcat":203,"szFull":"Leisure","bif":0,"amtPerFrq":-25.0000,"amt1":0.0000,"amt2":0.0000,"amt3":0.0000,"amt4":0.0000,"amt5":0.0000,"amt6":0.0000,"amt7":0.0000,"amt8":0.0000,"amt9":0.0000,"amt10":0.0000,"amt11":0.0000,"amt12":0.0000,"dtSerial":"04/20/07 10:42:30","hbgtbkt":149,"frq":3,"cFrqInst":1,"dt":"01/00/00 00:00:00","amtAlert":0.0000,"grfFlags":0,"sguid":{"$binary": "ezFBNjYwODVBLTc1MjgtNDVFOS1BNzgxQkUzQzIxRTBGQjZFfQ==", "$type": "00"},"fUpdated":1,"xbit":0,"lHacct":-1}
{"hbgtitm":727,"hbgt":14,"hcat":130,"szFull":"Income 1","bif":0,"amtPerFrq":5179.2000,"dtSerial":"04/20/07 10:42:30","hbgtbkt":141,"frq":3,"cFrqInst":1,"dt":"01/00/00 00:00:00","grfFlags":0,"sguid":{"$binary": "e0Y5ODE1N0NDLTk1NjQtNEJEQi1BNjc0NDQ2RTYzNkRGMEI2fQ==", "$type": "00"},"fUpdated":1,"xbit":0,"lHacct":-1}
{"hbgtitm":728,"hbgt":15,"bif":16,"amt1":0.0000,"amt2":0.0000,"amt3":0.0000,"amt4":0.0000,"amt5":0.0000,"amt6":0.0000,"amt7":0.0000,"amt8":0.0000,"amt9":0.0000,"amt10":0.0000,"amt11":0.0000,"amt12":0.0000,"dtSerial":"04/20/07 10:42:30","hbgtbkt":150,"frq":-1,"dt":"01/00/00 00:00:00","grfFlags":0,"sguid":{"$binary": "ezIzRkJBNTg5LUFBNjAtNDcxOC04NEQ1NTc1RDFDNzBEOUI2fQ==", "$type": "00"},"fUpdated":1,"xbit":5,"lHacct":-1}
{"hbgtitm":729,"hbgt":15,"bif":16,"amt1":0.0000,"amt2":0.0000,"amt3":0.0000,"amt4":0.0000,"amt5":0.0000,"amt6":0.0000,"amt7":0.0000,"amt8":0.0000,"amt9":0.0000,"amt10":0.0000,"amt11":0.0000,"amt12":0.0000,"dtSerial":"04/20/07 10:42:30","hbgtbkt":151,"frq":-1,"dt":"01/00/00 00:00:00","grfFlags":0,"sguid":{"$binary": "ezFCRDI4QThFLTE2QUEtNDc4OS1COTBFMzkxREM3MjFDNjYzfQ==", "$type": "00"},"fUpdated":1,"xbit":5,"lHacct":-1}
{"hbgtitm":730,"hbgt":15,"bif":16,"amt1":0.0000,"amt2":0.0000,"amt3":0.0000,"amt4":0.0000,"amt5":0.0000,"amt6":0.0000,"amt7":0.0000,"amt8":0.0000,"amt9":0.0000,"amt10":0.0000,"amt11":0.0000,"amt12":0.0000,"dtSerial":"04/20/07 10:42:30","hbgtbkt":152,"frq":-1,"dt":"01/00/00 00:00:00","grfFlags":0,"sguid":{"$binary": "e0E3M0VBMjI2LTc0NTEtNDMzNS05Q0M0QzYxREE5N0E0MkFGfQ==", "$type": "00"},"fUpdated":1,"xbit":5,"lHacct":-1}
{"hbgtitm":731,"hbgt":15,"bif":16,"amt1":0.0000,"amt2":0.0000,"amt3":0.0000,"amt4":0.0000,"amt5":0.0000,"amt6":0.0000,"amt7":0.0000,"amt8":0.0000,"amt9":0.0000,"amt10":0.0000,"amt11":0.0000,"amt12":0.0000,"dtSerial":"04/20/07 10:42:30","hbgtbkt":153,"frq":-1,"dt":"01/00/00 00:00:00","grfFlags":0,"sguid":{"$binary": "ezVFNEM1RUM3LTVBM0UtNEJFMi04MkM3MjI3MTE3RkM0QTNCfQ==", "$type": "00"},"fUpdated":1,"xbit":5,"lHacct":-1}
{"hbgtitm":732,"hbgt":15,"bif":16,"amt1":0.0000,"amt2":0.0000,"amt3":0.0000,"amt4":0.0000,"amt5":0.0000,"amt6":0.0000,"amt7":0.0000,"amt8":0.0000,"amt9":0.0000,"amt10":0.0000,"amt11":0.0000,"amt12":0.0000,"dtSerial":"04/20/07 10:42:30","hbgtbkt":154,"frq":-1,"dt":"01/00/00 00:00:00","grfFlags":0,"sguid":{"$binary": "ezdCNjg4REFFLTFDQjQtNDhGOC04N0NGOTE5RTQ2NjFFRTVFfQ==", "$type": "00"},"fUpdated":1,"xbit":5,"lHacct":-1}
{"hbgtitm":733,"hbgt":15,"bif":16,"amt1":0.0000,"amt2":0.0000,"amt3":0.0000,"amt4":0.0000,"amt5":0.0000,"amt6":0.0000,"amt7":0.0000,"amt8":0.0000,"amt9":0.0000,"amt10":0.0000,"amt11":0.0000,"amt12":0.0000,"dtSerial":"04/20/07 10:42:30","hbgtbkt":155,"frq":-1,"dt":"01/00/00 00:00:00","grfFlags":0,"sguid":{"$binary": "ezA2M0U2N0NBLTE5OTMtNENBMS1CMjVCQTE0MDVENTg2RjU1fQ==", "$type": "00"},"fUpdated":1,"xbit":5,"lHacct":-1}
{"hbgtitm":734,"hbgt":15,"hcat":149,"bif":0,"amtPerFrq":0.0000,"dtSerial":"04/20/07 10:42:30","hbgtbkt":150,"frq":3,"cFrqInst":1,"dt":"01/00/00 00:00:00","grfFlags":0,"sguid":{"$binary": "ezE1RjNDNUM2LTVENzQtNDg3Ny05ODQyREQ3QTE4NjJCRkRBfQ==", "$type": "00"},"fUpdated":1,"xbit":0,"lHacct":-1}
{"hbgtitm":735,"hbgt":15,"hcat":153,"bif":0,"amtPerFrq":0.0000,"dtSerial":"04/20/07 10:42:30","hbgtbkt":150,"frq":3,"cFrqInst":1,"dt":"01/00/00 00:00:00","grfFlags":0,"sguid":{"$binary": "e0MyMUFFRUFCLTkyQUYtNEMyRi04MzJDRDJFQjNGNTg3M0QzfQ==", "$type": "00"},"fUpdated":1,"xbit":0,"lHacct":-1}
{"hbgtitm":736,"hbgt":15,"hcat":338,"bif":2,"amtPerFrq":-75.0000,"dtSerial":"04/20/07 10:42:30","hbgtbkt":152,"frq":3,"cFrqInst":1,"dt":"01/00/00 00:00:00","grfFlags":0,"sguid":{"$binary": "ezEzRTFFRkYyLUM2RjYtNDI3Ny04OTc4MTI3NzA1NTk1OTY5fQ==", "$type": "00"},"fUpdated":1,"xbit":0,"lHacct":-1}
{"hbgtitm":737,"hbgt":15,"hcat":180,"bif":0,"amtPerFrq":0.0000,"dtSerial":"04/20/07 10:42:30","hbgtbkt":151,"frq":3,"cFrqInst":1,"dt":"01/00/00 00:00:00","grfFlags":0,"sguid":{"$binary": "ezI0QjE5NzgxLTJGRDYtNDNFMS04NDdFNThCNkUwODI3N0Q0fQ==", "$type": "00"},"fUpdated":1,"xbit":0,"lHacct":-1}
{"hbgtitm":738,"hbgt":15,"hcat":339,"bif":2,"amtPerFrq":-200.0000,"dtSerial":"04/20/07 10:42:30","hbgtbkt":151,"frq":3,"cFrqInst":1,"dt":"01/00/00 00:00:00","grfFlags":0,"sguid":{"$binary": "e0JCRTUxNEJGLUYxMzQtNDJGRC1BMzA2MTU3QUI0Qjg5OUZCfQ==", "$type": "00"},"fUpdated":1,"xbit":0,"lHacct":-1}
{"hbgtitm":739,"hbgt":15,"hcat":161,"bif":0,"amtPerFrq":0.0000,"dtSerial":"04/20/07 10:42:30","hbgtbkt":151,"frq":3,"cFrqInst":1,"dt":"01/00/00 00:00:00","grfFlags":0,"sguid":{"$binary": "ezNCQTlDRUI1LUJEOUMtNDA5OS1COEYzNzk4RENEODAxNTM2fQ==", "$type": "00"},"fUpdated":1,"xbit":0,"lHacct":-1}
{"hbgtitm":740,"hbgt":15,"hcat":162,"bif":0,"amtPerFrq":0.0000,"dtSerial":"04/20/07 10:42:30","hbgtbkt":151,"frq":3,"cFrqInst":1,"dt":"01/00/00 00:00:00","grfFlags":0,"sguid":{"$binary": "ezI5MzZEREUzLUM3NzYtNEI2Qy1CNEY1MUM1QzJBRTA0QzI2fQ==", "$type": "00"},"fUpdated":1,"xbit":0,"lHacct":-1}
{"hbgtitm":741,"hbgt":15,"hcat":165,"bif":0,"amtPerFrq":0.0000,"dtSerial":"04/20/07 10:42:30","hbgtbkt":151,"frq":3,"cFrqInst":1,"dt":"01/00/00 00:00:00","grfFlags":0,"sguid":{"$binary": "ezg2OURDMzA1LUFBREUtNDNBMC1BRTExMTk5OUEzQjREMkZEfQ==", "$type": "00"},"fUpdated":1,"xbit":0,"lHacct":-1}
{"hbgtitm":742,"hbgt":15,"hcat":167,"bif":0,"amtPerFrq":0.0000,"dtSerial":"04/20/07 10:42:30","hbgtbkt":151,"frq":3,"cFrqInst":1,"dt":"01/00/00 00:00:00","grfFlags":0,"sguid":{"$binary": "e0Y4OThEMjk2LTc4OTctNDIwNC1CMDI1NEJCNUY3MDAxRjQyfQ==", "$type": "00"},"fUpdated":1,"xbit":0,"lHacct":-1}
{"hbgtitm":743,"hbgt":15,"hcat":168,"bif":0,"amtPerFrq":0.0000,"dtSerial":"04/20/07 10:42:30","hbgtbkt":151,"frq":3,"cFrqInst":1,"dt":"01/00/00 00:00:00","grfFlags":0,"sguid":{"$binary": "ezYyQUU2NEMxLTU4MEUtNDhENC04MERDNkFGODEzMUIzQUNBfQ==", "$type": "00"},"fUpdated":1,"xbit":0,"lHacct":-1}
{"hbgtitm":744,"hbgt":15,"hcat":170,"bif":0,"amtPerFrq":0.0000,"dtSerial":"04/20/07 10:42:30","hbgtbkt":151,"frq":3,"cFrqInst":1,"dt":"01/00/00 00:00:00","grfFlags":0,"sguid":{"$binary": "ezIwMEFFRTRFLTcxMkYtNDhFMS1BQjI5Qzk2MjFCM0I4NjM0fQ==", "$type": "00"},"fUpdated":1,"xbit":0,"lHacct":-1}
{"hbgtitm":745,"hbgt":15,"hcat":172,"bif":0,"amtPerFrq":0.0000,"dtSerial":"04/20/07 10:42:30","hbgtbkt":151,"frq":3,"cFrqInst":1,"dt":"01/00/00 00:00:00","grfFlags":0,"sguid":{"$binary": "e0NBMTk0Njc3LUZGREMtNDY5RC1CQThEQjBDMDkzMkI4NDYyfQ==", "$type": "00"},"fUpdated":1,"xbit":0,"lHacct":-1}
{"hbgtitm":746,"hbgt":15,"hcat":213,"bif":0,"amtPerFrq":0.0000,"dtSerial":"04/20/07 10:42:30","hbgtbkt":151,"frq":3,"cFrqInst":1,"dt":"01/00/00 00:00:00","grfFlags":0,"sguid":{"$binary": "ezRDNkZBRjUyLTBDQzEtNDY0NS1BMzE5NzVGREYxMjM2NUU2fQ==", "$type": "00"},"fUpdated":1,"xbit":0,"lHacct":-1}
{"hbgtitm":747,"hbgt":15,"hcat":222,"bif":0,"amtPerFrq":0.0000,"dtSerial":"04/20/07 10:42:30","hbgtbkt":151,"frq":3,"cFrqInst":1,"dt":"01/00/00 00:00:00","grfFlags":0,"sguid":{"$binary": "ezIzQTc2RUM4LThEQ0MtNDQwMC1CREM3RTlGRDg2QkNEMENFfQ==", "$type": "00"},"fUpdated":1,"xbit":0,"lHacct":-1}
{"hbgtitm":748,"hbgt":15,"hcat":227,"bif":0,"amtPerFrq":0.0000,"dtSerial":"04/20/07 10:42:30","hbgtbkt":151,"frq":3,"cFrqInst":1,"dt":"01/00/00 00:00:00","grfFlags":0,"sguid":{"$binary": "ezMwNkU1MkYxLURENzctNDk2RC04M0I1OTREQkEyREREQzQxfQ==", "$type": "00"},"fUpdated":1,"xbit":0,"lHacct":-1}
{"hbgtitm":749,"hbgt":15,"hcat":229,"bif":0,"amtPerFrq":0.0000,"dtSerial":"04/20/07 10:42:30","hbgtbkt":151,"frq":3,"cFrqInst":1,"dt":"01/00/00 00:00:00","grfFlags":0,"sguid":{"$binary": "e0FEQkQ1RTE1LTc2REMtNDcwNy1BMTc4REY5RThGOEZBREIwfQ==", "$type": "00"},"fUpdated":1,"xbit":0,"lHacct":-1}
{"hbgtitm":750,"hbgt":15,"bif":0,"amtPerFrq":0.0000,"dtSerial":"04/20/07 10:42:30","hbgtbkt":153,"frq":3,"cFrqInst":1,"dt":"01/00/00 00:00:00","grfFlags":0,"sguid":{"$binary": "e0Y4RTMzNUQyLTAzRUMtNEZCRC05MTEwRERGM0IwMEMxRDM3fQ==", "$type": "00"},"fUpdated":1,"xbit":4,"lHacct":73}
{"hbgtitm":751,"hbgt":15,"bif":0,"amtPerFrq":0.0000,"dtSerial":"04/20/07 10:42:30","hbgtbkt":155,"frq":3,"cFrqInst":1,"dt":"01/00/00 00:00:00","grfFlags":0,"sguid":{"$binary": "ezZBNUNFRUY3LTg4N0YtNDE2OS1BMTkzOEZFREI1NDMxNTA0fQ==", "$type": "00"},"fUpdated":1,"xbit":4,"lHacct":17}
{"hbgtitm":752,"hbgt":15,"bif":0,"amtPerFrq":0.0000,"dtSerial":"04/20/07 10:42:30","hbgtbkt":150,"frq":3,"cFrqInst":1,"dt":"01/00/00 00:00:00","grfFlags":0,"sguid":{"$binary": "ezhCQ0Q5NzM1LTQ5RjMtNDVFNy05OUUxNjUzNTRBMDNCMzI1fQ==", "$type": "00"},"fUpdated":1,"xbit":3,"lHacct":17}
{"hbgtitm":753,"hbgt":15,"bif":0,"amtPerFrq":0.0000,"dtSerial":"04/20/07 10:42:30","hbgtbkt":154,"frq":3,"cFrqInst":1,"dt":"01/00/00 00:00:00","grfFlags":0,"sguid":{"$binary": "ezBGMjcwRjY3LTdCMzEtNEFFMi1CNENFRjQ3RUEzNDEwNDlGfQ==", "$type": "00"},"fUpdated":1,"xbit":2,"lHacct":74}
{"hbgtitm":754,"hbgt":15,"bif":0,"amtPerFrq":0.0000,"dtSerial":"04/20/07 10:42:30","hbgtbkt":154,"frq":3,"cFrqInst":1,"dt":"01/00/00 00:00:00","grfFlags":0,"sguid":{"$binary": "ezJDNzJCQkM4LTA0QTktNDhFOS04OUM5ODQyNkM4NEVFMjBCfQ==", "$type": "00"},"fUpdated":1,"xbit":2,"lHacct":39}
{"hbgtitm":755,"hbgt":15,"bif":0,"amtPerFrq":0.0000,"dtSerial":"04/20/07 10:42:30","hbgtbkt":153,"frq":3,"cFrqInst":1,"dt":"01/00/00 00:00:00","grfFlags":0,"sguid":{"$binary": "ezczMEFGMTE5LTVCRkYtNEUzOC05OTQxMjIwOUQwNDU3RkI1fQ==", "$type": "00"},"fUpdated":1,"xbit":1,"lHacct":68}
{"hbgtitm":756,"hbgt":15,"bif":0,"amtPerFrq":0.0000,"dtSerial":"04/20/07 10:42:30","hbgtbkt":153,"frq":3,"cFrqInst":1,"dt":"01/00/00 00:00:00","grfFlags":0,"sguid":{"$binary": "ezA0M0IzMDlDLUZCQTYtNEZDOS05N0NCQUI4MEQ3RjlBNUQ2fQ==", "$type": "00"},"fUpdated":1,"xbit":1,"lHacct":67}
{"hbgtitm":757,"hbgt":15,"bif":0,"amtPerFrq":0.0000,"dtSerial":"04/20/07 10:42:30","hbgtbkt":153,"frq":3,"cFrqInst":1,"dt":"01/00/00 00:00:00","grfFlags":0,"sguid":{"$binary": "ezk4NzI2QjA0LUE1RjEtNEI3RC05QzY2RDgwODJBRTNEQUVCfQ==", "$type": "00"},"fUpdated":1,"xbit":1,"lHacct":3}
{"hbgtitm":758,"hbgt":15,"bif":0,"amtPerFrq":0.0000,"dtSerial":"04/20/07 10:42:30","hbgtbkt":154,"frq":3,"cFrqInst":1,"dt":"01/00/00 00:00:00","grfFlags":0,"sguid":{"$binary": "e0EyMEI1QzgwLTE5MjItNDk0Ny1BRkQ5ODhDRkY0QjhGODlBfQ==", "$type": "00"},"fUpdated":1,"xbit":2,"lHacct":63}
{"hbgtitm":715,"hbgt":14,"hcat":178,"szFull":"Charitable Donations","bif":0,"amtPerFrq":0.0000,"amt1":0.0000,"amt2":0.0000,"amt3":0.0000,"amt4":0.0000,"amt5":0.0000,"amt6":0.0000,"amt7":0.0000,"amt8":0.0000,"amt9":0.0000,"amt10":0.0000,"amt11":0.0000,"amt12":0.0000,"dtSerial":"04/20/07 10:42:30","hbgtbkt":145,"frq":3,"cFrqInst":1,"dt":"01/00/00 00:00:00","amtAlert":0.0000,"grfFlags":0,"sguid":{"$binary": "e0JFMDBFQzQ0LTFEODctNEUwMi04MzdENzNGNjA0RDc4OUI4fQ==", "$type": "00"},"fUpdated":1,"xbit":0,"lHacct":-1}
{"hbgtitm":716,"hbgt":14,"hcat":179,"szFull":"Childcare","bif":0,"amtPerFrq":0.0000,"amt1":0.0000,"amt2":0.0000,"amt3":0.0000,"amt4":0.0000,"amt5":0.0000,"amt6":0.0000,"amt7":0.0000,"amt8":0.0000,"amt9":0.0000,"amt10":0.0000,"amt11":0.0000,"amt12":0.0000,"dtSerial":"04/20/07 10:42:30","hbgtbkt":147,"frq":3,"cFrqInst":1,"dt":"01/00/00 00:00:00","amtAlert":0.0000,"grfFlags":0,"sguid":{"$binary": "e0UxNUI1NzAyLUUyRTgtNEQ3Qi05QzRDNkM2M0M5NzA3QzAwfQ==", "$type": "00"},"fUpdated":1,"xbit":0,"lHacct":-1}
{"hbgtitm":717,"hbgt":14,"hcat":231,"szFull":"Vacation","bif":0,"amtPerFrq":-100.0000,"amt1":0.0000,"amt2":0.0000,"amt3":0.0000,"amt4":0.0000,"amt5":0.0000,"amt6":0.0000,"amt7":0.0000,"amt8":0.0000,"amt9":0.0000,"amt10":0.0000,"amt11":0.0000,"amt12":0.0000,"dtSerial":"04/20/07 10:42:30","hbgtbkt":149,"frq":3,"cFrqInst":1,"dt":"01/00/00 00:00:00","amtAlert":0.0000,"grfFlags":0,"sguid":{"$binary": "e0Q5RkY4RTZBLTU3RjEtNDcxNS1CRkU2NThEMjA1OTlDRjE3fQ==", "$type": "00"},"fUpdated":1,"xbit":0,"lHacct":-1}
{"hbgtitm":718,"hbgt":14,"hcat":180,"szFull":"Clothing","bif":0,"amtPerFrq":0.0000,"amt1":0.0000,"amt2":0.0000,"amt3":0.0000,"amt4":0.0000,"amt5":0.0000,"amt6":0.0000,"amt7":0.0000,"amt8":0.0000,"amt9":0.0000,"amt10":0.0000,"amt11":0.0000,"amt12":0.0000,"dtSerial":"04/20/07 10:42:30","hbgtbkt":147,"frq":3,"cFrqInst":1,"dt":"01/00/00 00:00:00","amtAlert":0.0000,"grfFlags":0,"sguid":{"$binary": "e0YwQ0FCQUQzLTI1MjItNDU3MC1BOURFNEFEQzg1NjRERjFDfQ==", "$type": "00"},"fUpdated":1,"xbit":0,"lHacct":-1}
{"hbgtitm":719,"hbgt":14,"hcat":181,"szFull":"Education","bif":0,"amtPerFrq":0.0000,"amt1":0.0000,"amt2":0.0000,"amt3":0.0000,"amt4":0.0000,"amt5":0.0000,"amt6":0.0000,"amt7":0.0000,"amt8":0.0000,"amt9":0.0000,"amt10":0.0000,"amt11":0.0000,"amt12":0.0000,"dtSerial":"04/20/07 10:42:30","hbgtbkt":147,"frq":3,"cFrqInst":1,"dt":"01/00/00 00:00:00","amtAlert":0.0000,"grfFlags":0,"sguid":{"$binary": "e0YyQURFRjdELTlGMjctNDg4Mi1CMTRDOEVCRTRDQ0M2RTYyfQ==", "$type": "00"},"fUpdated":1,"xbit":0,"lHacct":-1}
{"hbgtitm":720,"hbgt":14,"hcat":234,"szFull":"Bank Charges","bif":0,"amtPerFrq":0.0000,"amt1":0.0000,"amt2":0.0000,"amt3":0.0000,"amt4":0.0000,"amt5":0.0000,"amt6":0.0000,"amt7":0.0000,"amt8":0.0000,"amt9":0.0000,"amt10":0.0000,"amt11":0.0000,"amt12":0.0000,"dtSerial":"04/20/07 10:42:30","hbgtbkt":145,"frq":3,"cFrqInst":1,"dt":"01/00/00 00:00:00","amtAlert":0.0000,"grfFlags":0,"sguid":{"$binary": "ezhBQThEOEVDLTE3NTAtNEIwNC1BQkFDRjgxRTBCMzZCM0E3fQ==", "$type": "00"},"fUpdated":1,"xbit":0,"lHacct":-1}
{"hbgtitm":721,"hbgt":14,"hcat":200,"szFull":"Job Expense","bif":0,"amtPerFrq":0.0000,"amt1":0.0000,"amt2":0.0000,"amt3":0.0000,"amt4":0.0000,"amt5":0.0000,"amt6":0.0000,"amt7":0.0000,"amt8":0.0000,"amt9":0.0000,"amt10":0.0000,"amt11":0.0000,"amt12":0.0000,"dtSerial":"04/20/07 10:42:30","hbgtbkt":145,"frq":3,"cFrqInst":1,"dt":"01/00/00 00:00:00","amtAlert":0.0000,"grfFlags":0,"sguid":{"$binary": "e0Y0NjQ0REUwLUUzOUYtNDJBQS05QTZGQUI4NjVGOTE1NDA3fQ==", "$type": "00"},"fUpdated":1,"xbit":0,"lHacct":-1}
{"hbgtitm":722,"hbgt":14,"hcat":338,"szFull":"Dining Out","bif":2,"amtPerFrq":-75.0000,"amt1":0.0000,"amt2":0.0000,"amt3":0.0000,"amt4":0.0000,"amt5":0.0000,"amt6":0.0000,"amt7":0.0000,"amt8":0.0000,"amt9":0.0000,"amt10":0.0000,"amt11":0.0000,"amt12":0.0000,"dtSerial":"04/20/07 10:42:30","hbgtbkt":148,"frq":3,"cFrqInst":1,"dt":"01/00/00 00:00:00","amtAlert":0.0000,"grfFlags":0,"sguid":{"$binary": "ezM1MkEwQUE3LThFN0YtNDlBOC1BREYwRDcyQjYzNTAxNkUwfQ==", "$type": "00"},"fUpdated":1,"xbit":0,"lHacct":-1}
{"hbgtitm":723,"hbgt":14,"hcat":185,"szFull":"Food","bif":0,"amtPerFrq":0.0000,"amt1":0.0000,"amt2":0.0000,"amt3":0.0000,"amt4":0.0000,"amt5":0.0000,"amt6":0.0000,"amt7":0.0000,"amt8":0.0000,"amt9":0.0000,"amt10":0.0000,"amt11":0.0000,"amt12":0.0000,"dtSerial":"04/20/07 10:42:30","hbgtbkt":148,"frq":3,"cFrqInst":1,"dt":"01/00/00 00:00:00","amtAlert":0.0000,"grfFlags":0,"sguid":{"$binary": "e0I3MTY2MUQ4LTU1M0ItNEVCMy05RjA1QTUyN0YwQTZCOTEyfQ==", "$type": "00"},"fUpdated":1,"xbit":0,"lHacct":-1}
