{"hbgtbkt":26,"bbt":5,"szFull":"Transfers into budget accounts","dtSerial":"05/24/04 17:44:26","hbgt":3,"sguid":{"$binary": "e0Y2OTU2MDAxLTQ5MjMtNEUxRS04RUQyQUJDMkE0OTI5RTdBfQ==", "$type": "00"},"fUpdated":1}
{"hbgtbkt":27,"bbt":6,"szFull":"Transfers out of budget accounts","dtSerial":"05/24/04 17:44:26","hbgt":3,"sguid":{"$binary": "ezY3RkQyQzQ5LUI1QTctNEFGOC04NjA0MzZGMzg3NkFBMDc3fQ==", "$type": "00"},"fUpdated":1}
{"hbgtbkt":28,"bbt":4,"szFull":"Debt","dtSerial":"05/24/04 17:44:26","hbgt":3,"sguid":{"$binary": "ezAyMDQ1MjZGLUE0RjMtNDRGMi1BRkI4NzU4QkE3RUM4NEJBfQ==", "$type": "00"},"fUpdated":1}
{"hbgtbkt":29,"bbt":0,"szFull":"Regular income","dtSerial":"05/24/04 17:44:26","hbgt":3,"sguid":{"$binary": "ezAyMjYwMkFFLUE4MzAtNDlGNi1CNEZDNTg1RDlCMEUwMkZDfQ==", "$type": "00"},"fUpdated":1}
{"hbgtbkt":30,"bbt":0,"szFull":"Irregular income","dtSerial":"05/24/04 17:44:26","hbgt":3,"sguid":{"$binary": "ezdENDcxMTVFLTIyNjYtNDE1Ri04OTRBQTY4Q0JGNzRBNzg0fQ==", "$type": "00"},"fUpdated":1}
{"hbgtbkt":31,"bbt":0,"szFull":"Miscellaneous income","dtSerial":"05/24/04 17:44:26","hbgt":3,"sguid":{"$binary": "e0UzQTJCNjlELTlBNkEtNDAzNS1BM0QxMDUwODdGMkMzMUNEfQ==", "$type": "00"},"fUpdated":1}
{"hbgtbkt":32,"bbt":1,"szFull":"Vehicles/Transportation","dtSerial":"05/24/04 17:44:26","hbgt":3,"sguid":{"$binary": "ezUzMTlGNzkxLTI5REUtNDBDQi04ODc4MUJBQTRBNzJGN0VCfQ==", "$type": "00"},"fUpdated":1}
{"hbgtbkt":33,"bbt":1,"szFull":"Utilities","dtSerial":"05/24/04 17:44:26","hbgt":3,"sguid":{"$binary": "e0FFQzgxODUxLUFDNUYtNEJGMS1BMzE4QUIzREJEQzk3MkU5fQ==", "$type": "00"},"fUpdated":1}
{"hbgtbkt":34,"bbt":1,"szFull":"Taxes","dtSerial":"05/24/04 17:44:26","hbgt":3,"sguid":{"$binary": "e0U3MDBFQ0QxLTVBQjMtNDYxNy1BN0MwOTNFMkNBQUY1NkUwfQ==", "$type": "00"},"fUpdated":1}
{"hbgtbkt":35,"bbt":1,"szFull":"Family","dtSerial":"05/24/04 17:44:26","hbgt":3,"sguid":{"$binary": "ezE3ODM5Njc0LTc5M0QtNDQzMi04MkMwNDFCRUEyRTg5NENGfQ==", "$type": "00"},"fUpdated":1}
{"hbgtbkt":36,"bbt":1,"szFull":"Other expenses","dtSerial":"05/24/04 17:44:26","hbgt":3,"sguid":{"$binary": "ezFCMzQ2NzNBLUM5NzQtNDI2OS1CNTc2RjgyQjE4MkNBNkE1fQ==", "$type": "00"},"fUpdated":1}
{"hbgtbkt":37,"bbt":1,"szFull":"Food","dtSerial":"05/24/04 17:44:26","hbgt":3,"sguid":{"$binary": "ezNFQTU0Mzg3LTE5QjktNEIyQi1BOEE5MEQwMTBGRjUwMTU4fQ==", "$type": "00"},"fUpdated":1}
{"hbgtbkt":38,"bbt":1,"szFull":"Entertainment","dtSerial":"05/24/04 17:44:26","hbgt":3,"sguid":{"$binary": "ezUzREYyQzU4LTRGNjctNDcyMy1BOUIyNjE0MjZBQzEwQ0MyfQ==", "$type": "00"},"fUpdated":1}
{"hbgtbkt":39,"bbt":1,"szFull":"Residence","dtSerial":"05/24/04 17:44:26","hbgt":3,"sguid":{"$binary": "ezUyNTEzOTM5LTczOTAtNEEwQy04OEREMkYxRkUzNjM3QjlEfQ==", "$type": "00"},"fUpdated":1}
{"hbgtbkt":85,"bbt":5,"szFull":"Transfers into budget accounts","dtSerial":"07/15/05 08:20:28","hbgt":8,"sguid":{"$binary": "ezMwRkZCMkJFLTNERjgtNEI5My1CRDRDRTY5RkZDNzIxMEQzfQ==", "$type": "00"},"fUpdated":1}
{"hbgtbkt":86,"bbt":6,"szFull":"Transfers out of budget accounts","dtSerial":"07/15/05 08:20:28","hbgt":8,"sguid":{"$binary": "ezRBNjcyNTFELTMxMEMtNEM3NS1CRDRDMzcyMkREODM5REI4fQ==", "$type": "00"},"fUpdated":1}
{"hbgtbkt":87,"bbt":4,"szFull":"Debt","dtSerial":"07/15/05 08:20:28","hbgt":8,"sguid":{"$binary": "ezdFRjE1RTI1LTMwNjktNDc1OC05NzM2ODMxMkI0ODZCNDdCfQ==", "$type": "00"},"fUpdated":1}
{"hbgtbkt":88,"bbt":0,"szFull":"Regular income","dtSerial":"07/15/05 08:20:28","hbgt":8,"sguid":{"$binary": "ezBDQUI4MTI4LTFEMzMtNEFEOS1BMkU5NDlGMzg1MENDOTIzfQ==", "$type": "00"},"fUpdated":1}
{"hbgtbkt":89,"bbt":0,"szFull":"Irregular income","dtSerial":"07/15/05 08:20:28","hbgt":8,"sguid":{"$binary": "ezVBRThFRDYyLTc5RTMtNEEzMC1BMUEzRTlBRkFFQjQ0OTBEfQ==", "$type": "00"},"fUpdated":1}
{"hbgtbkt":90,"bbt":0,"szFull":"Miscellaneous income","dtSerial":"07/15/05 08:20:28","hbgt":8,"sguid":{"$binary": "e0FCOURFRDlCLTM1OUMtNEU4QS04OTU0QkJBN0E0RjNENDNEfQ==", "$type": "00"},"fUpdated":1}
{"hbgtbkt":91,"bbt":1,"szFull":"Vehicles/Transportation","dtSerial":"07/15/05 08:20:28","hbgt":8,"sguid":{"$binary": "ezY3OThGMEE3LUExNDAtNDc0My1CRUYxQ0U4MTY1QUZBRjU0fQ==", "$type": "00"},"fUpdated":1}
{"hbgtbkt":92,"bbt":1,"szFull":"Utilities","dtSerial":"07/15/05 08:20:28","hbgt":8,"sguid":{"$binary": "ezRCMkM5NDI0LUNDQTMtNEQ4RS1BRDFDOEJGQjlGRUEyRjM2fQ==", "$type": "00"},"fUpdated":1}
{"hbgtbkt":93,"bbt":1,"szFull":"Taxes","dtSerial":"07/15/05 08:20:28","hbgt":8,"sguid":{"$binary": "ezBEODVERjcxLUVENDItNDIzRS1BRjA2QkQxREEwREJGRUQ1fQ==", "$type": "00"},"fUpdated":1}
{"hbgtbkt":94,"bbt":1,"szFull":"Other expenses","dtSerial":"07/15/05 08:20:28","hbgt":8,"sguid":{"$binary": "ezdCMUI3NjIyLTY5RUEtNEIyRi05NDA2M0VENEFGNjExMkE2fQ==", "$type": "00"},"fUpdated":1}
{"hbgtbkt":95,"bbt":1,"szFull":"Residence","dtSerial":"07/15/05 08:20:28","hbgt":8,"sguid":{"$binary": "ezVCMTU5MDlELTExQ0QtNDM4OS1CMTNERDJCMTcxNkQ3OUI4fQ==", "$type": "00"},"fUpdated":1}
{"hbgtbkt":96,"bbt":1,"szFull":"Family","dtSerial":"07/15/05 08:20:28","hbgt":8,"sguid":{"$binary": "ezJFMzk3NEE2LUQ5MUUtNDY5OS1BQzMzMzZDOTc4NDZCNjdGfQ==", "$type": "00"},"fUpdated":1}
{"hbgtbkt":97,"bbt":1,"szFull":"Food","dtSerial":"07/15/05 08:20:28","hbgt":8,"sguid":{"$binary": "ezM1MTZENEZDLTNDQTAtNDcyMC05MzM0MkVCMTE2MzVEREUxfQ==", "$type": "00"},"fUpdated":1}
{"hbgtbkt":98,"bbt":1,"szFull":"Entertainment","dtSerial":"07/15/05 08:20:28","hbgt":8,"sguid":{"$binary": "ezc2NUY2OEU4LUVEN0EtNDg2MC1CMzk4NkFEQzhCQjkxMTAwfQ==", "$type": "00"},"fUpdated":1}
{"hbgtbkt":139,"bbt":0,"szFull":"Regular income","dtSerial":"05/23/06 15:36:02","hbgt":14,"sguid":{"$binary": "ezE3NEJBMkRELUM1QzQtNEU4Ri1BMUVGNjA2REQ5N0IwN0I3fQ==", "$type": "00"},"fUpdated":1}
{"hbgtbkt":140,"bbt":0,"szFull":"Irregular income","dtSerial":"05/23/06 15:36:02","hbgt":14,"sguid":{"$binary": "e0VFMEJDMDg0LTA0NEEtNEJGRi1CNkVDQTE2OTRGMTg2QzJGfQ==", "$type": "00"},"fUpdated":1}
{"hbgtbkt":141,"bbt":0,"szFull":"Miscellaneous income","dtSerial":"05/23/06 15:36:02","hbgt":14,"sguid":{"$binary": "ezBDRUI0Njc3LTgzNDgtNEYwRS04QzBCQzg5MEFBNzVDNUI2fQ==", "$type": "00"},"fUpdated":1}
{"hbgtbkt":142,"bbt":1,"szFull":"Vehicles/Transportation","dtSerial":"05/23/06 15:36:02","hbgt":14,"sguid":{"$binary": "ezA1MTE2QTQ0LTk3RTktNEFBMi1BNDQzRkM0NzA3MzdBMEE0fQ==", "$type": "00"},"fUpdated":1}
{"hbgtbkt":143,"bbt":1,"szFull":"Utilities","dtSerial":"05/23/06 15:36:02","hbgt":14,"sguid":{"$binary": "ezFENzA3OTBFLTJEMUEtNDU2Qy1CNzQyQzJCMjY2NkJCNTI0fQ==", "$type": "00"},"fUpdated":1}
{"hbgtbkt":144,"bbt":1,"szFull":"Taxes","dtSerial":"05/23/06 15:36:02","hbgt":14,"sguid":{"$binary": "e0M4MjEwMUQ2LThCODktNDhGMi1CNjQyM0IzQjI4MkJDOTExfQ==", "$type": "00"},"fUpdated":1}
{"hbgtbkt":145,"bbt":1,"szFull":"Other expenses","dtSerial":"05/23/06 15:36:02","hbgt":14,"sguid":{"$binary": "ezA1RTNGRDA2LTIxNUQtNEM1NC05NzAxRUYwMDc0NEFDNjE1fQ==", "$type": "00"},"fUpdated":1}
{"hbgtbkt":146,"bbt":1,"szFull":"Residence","dtSerial":"05/23/06 15:36:02","hbgt":14,"sguid":{"$binary": "ezZFMzJGMzE5LTVBRDctNEM4MS1BN0JCMjdENDVGODI0MEQzfQ==", "$type": "00"},"fUpdated":1}
{"hbgtbkt":147,"bbt":1,"szFull":"Family","dtSerial":"05/23/06 15:36:02","hbgt":14,"sguid":{"$binary": "ezVCMjQ3NjIyLThBRDMtNEZBQi05QjhCNTM3N0UwOUI1OTI1fQ==", "$type": "00"},"fUpdated":1}
{"hbgtbkt":148,"bbt":1,"szFull":"Food","dtSerial":"05/23/06 15:36:02","hbgt":14,"sguid":{"$binary": "e0FCNDJGN0RCLUE4QUUtNDdBQS05RUEzMTI2NDdFNjBGMTk5fQ==", "$type": "00"},"fUpdated":1}
{"hbgtbkt":149,"bbt":1,"szFull":"Entertainment","dtSerial":"05/23/06 15:36:02","hbgt":14,"sguid":{"$binary": "e0NEOUQ3NTlFLTI5QzUtNDBCMy04REVENzk5OTI4QUZGQkEzfQ==", "$type": "00"},"fUpdated":1}
{"hbgtbkt":150,"bbt":0,"szFull":"Income","dtSerial":"05/23/06 15:36:04","hbgt":15,"sguid":{"$binary": "ezAxNTM2NTQyLTMyMEQtNEQxRi04NTkzMUY3NUYzOENGNzM1fQ==", "$type": "00"},"fUpdated":1}
{"hbgtbkt":151,"bbt":8,"szFull":"Committed Expenses","dtSerial":"05/23/06 15:36:04","hbgt":15,"sguid":{"$binary": "ezMwQTA5RTJELTVBQUEtNEQ4MS1CNUM0QzFGREY5NDQ4RjkwfQ==", "$type": "00"},"fUpdated":1}
{"hbgtbkt":152,"bbt":9,"szFull":"Fun","dtSerial":"05/23/06 15:36:04","hbgt":15,"sguid":{"$binary": "ezEwNzYzODNFLUFGQzMtNDUyOS05MDAyQzg0MDU0QzQ4MjVGfQ==", "$type": "00"},"fUpdated":1}
{"hbgtbkt":153,"bbt":10,"szFull":"Savings","dtSerial":"05/23/06 15:36:04","hbgt":15,"sguid":{"$binary": "ezIxQTgwRDA2LTA5RDktNDZGMC1CMzlBNzA0REZGNTI0QkFDfQ==", "$type": "00"},"fUpdated":1}
{"hbgtbkt":154,"bbt":11,"szFull":"Debt","dtSerial":"05/23/06 15:36:04","hbgt":15,"sguid":{"$binary": "ezkwNDkzRDBELUQ4ODAtNDk1Qi04OTcxMkNGRUE4MjAyQ0YxfQ==", "$type": "00"},"fUpdated":1}
{"hbgtbkt":155,"bbt":12,"szFull":"Retirement","dtSerial":"05/23/06 15:36:04","hbgt":15,"sguid":{"$binary": "ezYxM0MxMDMxLThDNTgtNEQ1QS04Q0E4NkU4NkE1QTYxODJFfQ==", "$type": "00"},"fUpdated":1}
