{"hbill":29,"st":3,"frq":3,"cFrqInst":1,"dt":"04/21/08 00:00:00","iinstNextUnpaid":0,"dtMax":"12/31/00 00:00:00","cInstMax":-1,"dtSerial":"05/04/07 12:00:51","itrnLink":-1,"hbillHead":29,"iinst":0,"itrn":0,"lHtrn":4913,"iinstLastSkipped":-1,"cEstInst":-1,"cDaysAutoEnter":3,"sguid":{"$binary": "e0Y2NTlEREZCLTc3RjctNDRGMi04RDk1RjE1MTFENUI2NzhBfQ==", "$type": "00"},"fUpdated":1}
{"hbill":30,"st":3,"frq":3,"cFrqInst":1,"dt":"04/30/08 00:00:00","iinstNextUnpaid":0,"dtMax":"03/31/22 00:00:00","cInstMax":168,"dtSerial":"05/04/07 12:00:37","itrnLink":-1,"hbillHead":30,"iinst":0,"itrn":0,"lHtrn":4914,"iinstLastSkipped":-1,"cEstInst":-1,"cDaysAutoEnter":3,"sguid":{"$binary": "e0Y5QUMzNjNDLTg3OUItNEUwOS05NjZDMTUzNTA1MEZCM0UwfQ==", "$type": "00"},"fUpdated":1}
{"hbill":31,"st":3,"frq":3,"cFrqInst":1,"dt":"04/30/08 00:00:00","iinstNextUnpaid":0,"dtMax":"12/31/00 00:00:00","cInstMax":-1,"dtSerial":"05/04/07 12:01:24","itrnLink":-1,"hbillHead":31,"iinst":0,"itrn":0,"lHtrn":4925,"iinstLastSkipped":-1,"cEstInst":-1,"cDaysAutoEnter":3,"sguid":{"$binary": "e0ZFRjRGRDU0LTVFMDMtNDIzMC05MjYxRDMxMTlBRTRDMUI3fQ==", "$type": "00"},"fUpdated":1}
{"hbill":32,"st":3,"frq":3,"cFrqInst":1,"dt":"05/01/08 00:00:00","iinstNextUnpaid":0,"dtMax":"12/31/00 00:00:00","cInstMax":-1,"dtSerial":"05/04/07 12:01:45","itrnLink":-1,"hbillHead":32,"iinst":0,"itrn":0,"lHtrn":4926,"iinstLastSkipped":-1,"cEstInst":-1,"cDaysAutoEnter":3,"sguid":{"$binary": "ezMxMEUzRTlELTM1RDctNDdCRC1CMjg2NzcwQ0MyRDEzNEI5fQ==", "$type": "00"},"fUpdated":1}
{"hbill":33,"st":3,"frq":3,"cFrqInst":1,"dt":"05/01/08 00:00:00","iinstNextUnpaid":0,"dtMax":"12/31/00 00:00:00","cInstMax":-1,"dtSerial":"05/04/07 12:02:06","itrnLink":-1,"hbillHead":33,"iinst":0,"itrn":0,"lHtrn":4927,"iinstLastSkipped":-1,"cEstInst":-1,"cDaysAutoEnter":3,"sguid":{"$binary": "ezU1RkE3RDA2LTA0MDktNDQyMi1CQTg2NjY5NjE5QkZBOTlEfQ==", "$type": "00"},"fUpdated":1}
{"hbill":34,"st":3,"frq":3,"cFrqInst":2,"dt":"05/02/08 00:00:00","iinstNextUnpaid":0,"dtMax":"12/31/00 00:00:00","cInstMax":-1,"dtSerial":"05/04/07 12:05:52","itrnLink":-1,"hbillHead":34,"iinst":0,"itrn":0,"lHtrn":4928,"iinstLastSkipped":-1,"cEstInst":-1,"cDaysAutoEnter":3,"sguid":{"$binary": "e0Y1QTU1MTlFLUE1M0EtNEJCMS1CQzkwNkM0REMzQjU5MDE0fQ==", "$type": "00"},"fUpdated":1}
{"hbill":35,"st":3,"frq":3,"cFrqInst":1,"dt":"05/04/08 00:00:00","iinstNextUnpaid":0,"dtMax":"12/31/00 00:00:00","cInstMax":-1,"dtSerial":"05/04/07 12:03:13","itrnLink":-1,"hbillHead":35,"iinst":0,"itrn":0,"lHtrn":4941,"iinstLastSkipped":-1,"cEstInst":-1,"cDaysAutoEnter":3,"sguid":{"$binary": "ezA4RDg2NzI3LTRGMTQtNDIyNy1CMEQ3Q0FGQzVERjlFRkI2fQ==", "$type": "00"},"fUpdated":1}
{"hbill":36,"st":3,"frq":3,"cFrqInst":1,"dt":"05/05/08 00:00:00","iinstNextUnpaid":0,"dtMax":"12/31/00 00:00:00","cInstMax":-1,"dtSerial":"05/04/07 12:03:30","itrnLink":-1,"hbillHead":36,"iinst":0,"itrn":0,"lHtrn":4942,"iinstLastSkipped":-1,"cEstInst":-1,"cDaysAutoEnter":3,"sguid":{"$binary": "ezgyMzI1NEE1LTVEQzgtNDI5NC05RENFREQ0MDdDMUY4QjUyfQ==", "$type": "00"},"fUpdated":1}
{"hbill":37,"st":3,"frq":3,"cFrqInst":1,"dt":"05/05/08 00:00:00","iinstNextUnpaid":0,"dtMax":"12/31/00 00:00:00","cInstMax":-1,"dtSerial":"05/04/07 12:03:56","itrnLink":-1,"hbillHead":37,"iinst":0,"itrn":0,"lHtrn":4943,"iinstLastSkipped":-1,"cEstInst":-1,"cDaysAutoEnter":3,"sguid":{"$binary": "ezVCNTkxNkVBLTIyMzMtNENFRC1CQTkxNDc1NzBEODdEQTQ3fQ==", "$type": "00"},"fUpdated":1}
{"hbill":38,"st":3,"frq":3,"cFrqInst":1,"dt":"05/06/08 00:00:00","iinstNextUnpaid":0,"dtMax":"12/31/00 00:00:00","cInstMax":-1,"dtSerial":"05/04/07 12:04:15","itrnLink":-1,"hbillHead":38,"iinst":0,"itrn":0,"lHtrn":4945,"iinstLastSkipped":-1,"cEstInst":-1,"cDaysAutoEnter":3,"sguid":{"$binary": "e0RCMDU2MzBFLTBCNTQtNDY2Ny1CNTk2RDdEQjFGRUJBRUJFfQ==", "$type": "00"},"fUpdated":1}
{"hbill":39,"st":3,"frq":3,"cFrqInst":1,"dt":"05/07/08 00:00:00","iinstNextUnpaid":0,"dtMax":"12/31/00 00:00:00","cInstMax":-1,"dtSerial":"05/04/07 12:04:32","itrnLink":-1,"hbillHead":39,"iinst":0,"itrn":0,"lHtrn":4946,"iinstLastSkipped":-1,"cEstInst":-1,"cDaysAutoEnter":3,"sguid":{"$binary": "ezE4MTkyQUU2LTAwMTUtNDg3OS05NDgzMTlFMTgzMzRFM0NFfQ==", "$type": "00"},"fUpdated":1}
{"hbill":40,"st":3,"frq":3,"cFrqInst":1,"dt":"05/13/08 00:00:00","iinstNextUnpaid":0,"dtMax":"12/31/00 00:00:00","cInstMax":-1,"dtSerial":"05/04/07 12:04:44","itrnLink":-1,"hbillHead":40,"iinst":0,"itrn":0,"lHtrn":4947,"iinstLastSkipped":-1,"cEstInst":-1,"cDaysAutoEnter":3,"sguid":{"$binary": "ezU4QkIxMTg1LTEwNUYtNDQ2Ri1BNTZGNUY4NTE3QTRDMzkwfQ==", "$type": "00"},"fUpdated":1}
{"hbill":41,"st":3,"frq":3,"cFrqInst":1,"dt":"05/20/08 00:00:00","iinstNextUnpaid":0,"dtMax":"12/31/00 00:00:00","cInstMax":-1,"dtSerial":"05/04/07 12:06:02","itrnLink":-1,"hbillHead":41,"iinst":0,"itrn":0,"lHtrn":4948,"iinstLastSkipped":-1,"cEstInst":-1,"cDaysAutoEnter":3,"sguid":{"$binary": "e0ZBRkM4NUFELUFEODgtNDQ4Ni1BODlGMTM0MEFDNjlFQjA1fQ==", "$type": "00"},"fUpdated":1}
{"hbill":42,"st":3,"frq":3,"cFrqInst":1,"dt":"05/20/08 00:00:00","iinstNextUnpaid":0,"dtMax":"12/31/00 00:00:00","cInstMax":-1,"dtSerial":"05/04/07 12:05:16","itrnLink":-1,"hbillHead":42,"iinst":0,"itrn":0,"lHtrn":4949,"iinstLastSkipped":-1,"cEstInst":-1,"cDaysAutoEnter":3,"sguid":{"$binary": "e0MxQTY4NEE0LTU4NDktNEM0Ni04RjY2Mzg3QkNFRkMxRUNFfQ==", "$type": "00"},"fUpdated":1}
