{"hcat":131,"hct":0,"nLevel":0,"szFull":"EXPENSE","fCalc":0,"fTax":0,"lConcept":-1,"lType":-1,"fBusiness":0,"dtSerial":"02/15/05 14:22:45","fGlobal":1,"grfFlags":0,"sguid":{"$binary": "e0MyQjlGNDE1LTI2QjgtNDQ3RS1CNEU1MTNDQjQ4MDI1QzFEfQ==", "$type": "00"},"fUpdated":1,"fHidden":0,"fAdvChart":0,"fAdvOvr":0,"fAdvBdgt":0,"fAdvClose":0}
{"hcat":130,"hct":0,"nLevel":0,"szFull":"INCOME","fCalc":0,"fTax":0,"lConcept":-1,"lType":-1,"fBusiness":0,"dtSerial":"02/15/05 14:22:45","fGlobal":1,"grfFlags":0,"sguid":{"$binary": "ezY1NzI0NDhELTg2NUEtNDAyNy05OTE4REQwQjVFMkU2MDIzfQ==", "$type": "00"},"fUpdated":1,"fHidden":0,"fAdvChart":0,"fAdvOvr":0,"fAdvBdgt":0,"fAdvClose":0}
{"hcat":132,"hct":0,"nLevel":1,"hcatParent":130,"szFull":"Investment Income","fCalc":0,"fTax":1,"lConcept":32769,"lType":3,"fBusiness":0,"dtSerial":"07/06/04 13:41:04","fGlobal":1,"grfFlags":1,"sguid":{"$binary": "ezZCRUU1RTM3LTE5ODktNDZDQy05RDMwRDhCRkI2NDc4NzU3fQ==", "$type": "00"},"fUpdated":1,"fHidden":0,"fAdvChart":0,"fAdvOvr":0,"fAdvBdgt":0,"fAdvClose":0}
{"hcat":133,"hct":0,"nLevel":2,"hcatParent":132,"szFull":"Dividends","fCalc":0,"fTax":1,"lConcept":32769,"lType":3,"fBusiness":0,"dtSerial":"07/06/04 13:41:04","fGlobal":1,"grfFlags":1,"sguid":{"$binary": "ezE4NEVBNzg3LTA0RUYtNDRCNC04RTk5MjU2MjBDRkY1MjAyfQ==", "$type": "00"},"fUpdated":1,"fHidden":0,"fAdvChart":0,"fAdvOvr":0,"fAdvBdgt":0,"fAdvClose":0}
{"hcat":134,"hct":0,"nLevel":2,"hcatParent":132,"szFull":"Interest","fCalc":0,"fTax":1,"lConcept":32769,"lType":3,"fBusiness":0,"dtSerial":"07/06/04 13:41:04","fGlobal":1,"grfFlags":1,"sguid":{"$binary": "ezlCMENGQzA0LTYxREUtNEExOC1CQTY2M0VCNDNCRUIzMjM5fQ==", "$type": "00"},"fUpdated":1,"fHidden":0,"fAdvChart":0,"fAdvOvr":0,"fAdvBdgt":0,"fAdvClose":0}
{"hcat":135,"hct":0,"nLevel":2,"hcatParent":132,"szFull":"Capital Gains","fCalc":0,"fTax":1,"lConcept":32769,"lType":3,"fBusiness":0,"dtSerial":"07/06/04 13:41:04","fGlobal":1,"grfFlags":1,"sguid":{"$binary": "e0EwNUY1ODQ4LUU5NTQtNDEyMy1BNzZENDI3MUYxMDcyNzI1fQ==", "$type": "00"},"fUpdated":1,"fHidden":0,"fAdvChart":0,"fAdvOvr":0,"fAdvBdgt":0,"fAdvClose":0}
{"hcat":136,"hct":0,"nLevel":2,"hcatParent":132,"szFull":"Tax-Exempt Interest","fCalc":0,"fTax":1,"lConcept":32782,"lType":3,"fBusiness":0,"dtSerial":"07/06/04 13:41:04","fGlobal":1,"grfFlags":1,"sguid":{"$binary": "ezA0QzczRTM3LTcyNEQtNDc4MS1BRjkxOEMyQkRCRDhDN0Y5fQ==", "$type": "00"},"fUpdated":1,"fHidden":0,"fAdvChart":0,"fAdvOvr":0,"fAdvBdgt":0,"fAdvClose":0}
{"hcat":137,"hct":0,"nLevel":1,"hcatParent":130,"szFull":"Other Income","fCalc":0,"fTax":1,"lConcept":32778,"lType":3,"fBusiness":0,"dtSerial":"07/06/04 13:41:04","fGlobal":1,"grfFlags":1,"sguid":{"$binary": "ezU3QUNGNTY0LTlGRUEtNDZEOC05OUIxMzBGN0Y0ODBCODBGfQ==", "$type": "00"},"fUpdated":1,"fHidden":0,"fAdvChart":0,"fAdvOvr":0,"fAdvBdgt":0,"fAdvClose":0}
{"hcat":138,"hct":0,"nLevel":2,"hcatParent":137,"szFull":"Child Support Received","fCalc":0,"fTax":0,"lConcept":32773,"lType":2,"fBusiness":0,"dtSerial":"07/06/04 13:41:04","fGlobal":1,"grfFlags":2,"sguid":{"$binary": "e0FDN0JGN0Y4LUZCMDctNEVCOS1CMjgzOEEzNDUyNUQ4MjM0fQ==", "$type": "00"},"fUpdated":1,"fHidden":0,"fAdvChart":0,"fAdvOvr":0,"fAdvBdgt":0,"fAdvClose":0}
{"hcat":139,"hct":0,"nLevel":2,"hcatParent":137,"szFull":"Gifts Received","fCalc":0,"fTax":0,"lConcept":32780,"lType":3,"fBusiness":0,"dtSerial":"07/06/04 13:41:04","fGlobal":1,"grfFlags":2,"sguid":{"$binary": "e0VDNjlFNzUxLUM2RTEtNEM4Qi1BN0FFOTQzNDk2RkZCQzM2fQ==", "$type": "00"},"fUpdated":1,"fHidden":0,"fAdvChart":0,"fAdvOvr":0,"fAdvBdgt":0,"fAdvClose":0}
{"hcat":140,"hct":0,"nLevel":2,"hcatParent":137,"szFull":"Loan Principal Received","fCalc":0,"fTax":0,"lConcept":32782,"lType":3,"fBusiness":0,"dtSerial":"07/06/04 13:41:04","fGlobal":1,"grfFlags":2,"sguid":{"$binary": "ezk1QzU0NTU1LTVEQUYtNDFEOS1BNzVCRDNDMTlCMTQwNjY2fQ==", "$type": "00"},"fUpdated":1,"fHidden":0,"fAdvChart":0,"fAdvOvr":0,"fAdvBdgt":0,"fAdvClose":0}
{"hcat":141,"hct":0,"nLevel":2,"hcatParent":137,"szFull":"Lotteries","fCalc":0,"fTax":1,"lConcept":32778,"lType":3,"fBusiness":0,"dtSerial":"07/06/04 13:41:04","fGlobal":1,"grfFlags":2,"sguid":{"$binary": "e0VBOTlFN0Y2LUJDRTItNEFBMy1CNjhEQ0I4NTdCMkM0NkI0fQ==", "$type": "00"},"fUpdated":1,"fHidden":0,"fAdvChart":0,"fAdvOvr":0,"fAdvBdgt":0,"fAdvClose":0}
{"hcat":142,"hct":0,"nLevel":2,"hcatParent":137,"szFull":"State & Local Tax Refund","fCalc":0,"fTax":1,"lConcept":32772,"lType":3,"fBusiness":0,"dtSerial":"07/06/04 13:41:04","fGlobal":1,"grfFlags":2,"sguid":{"$binary": "e0UxOUE2M0RDLTU2NDYtNDUzMy04QUFBRUNCQjdEMjVGQkQ1fQ==", "$type": "00"},"fUpdated":1,"fHidden":0,"fAdvChart":0,"fAdvOvr":0,"fAdvBdgt":0,"fAdvClose":0}
{"hcat":143,"hct":0,"nLevel":2,"hcatParent":137,"szFull":"Unemployment Compensation","fCalc":0,"fTax":1,"lConcept":32776,"lType":3,"fBusiness":0,"dtSerial":"07/06/04 13:41:04","fGlobal":1,"grfFlags":2,"sguid":{"$binary": "e0YyMDgxNkRELUI4MEYtNDlEQy04NTZCNzQ2RkQwNThEMzlFfQ==", "$type": "00"},"fUpdated":1,"fHidden":0,"fAdvChart":0,"fAdvOvr":0,"fAdvBdgt":0,"fAdvClose":0}
{"hcat":144,"hct":0,"nLevel":2,"hcatParent":137,"szFull":"Employee Stock Option","fCalc":0,"fTax":1,"lConcept":32781,"lType":3,"fBusiness":0,"dtSerial":"07/06/04 13:41:04","fGlobal":1,"grfFlags":1,"sguid":{"$binary": "ezE5RUVDMTkzLTA1NzUtNDlBNS1BMjlENjczRUNCRDQ1NzcyfQ==", "$type": "00"},"fUpdated":1,"fHidden":0,"fAdvChart":0,"fAdvOvr":0,"fAdvBdgt":0,"fAdvClose":0}
{"hcat":145,"hct":0,"nLevel":1,"hcatParent":130,"szFull":"Retirement Income","fCalc":0,"fTax":1,"lConcept":32778,"lType":3,"fBusiness":0,"dtSerial":"07/06/04 13:41:04","fGlobal":1,"grfFlags":2,"sguid":{"$binary": "e0VDNkQ1NzI5LUJCNkMtNDhBOS04NUI3NEJEOURGM0IxRUU4fQ==", "$type": "00"},"fUpdated":1,"fHidden":0,"fAdvChart":0,"fAdvOvr":0,"fAdvBdgt":0,"fAdvClose":0}
{"hcat":146,"hct":0,"nLevel":2,"hcatParent":145,"szFull":"IRA Distributions","fCalc":0,"fTax":1,"lConcept":32774,"lType":2,"fBusiness":0,"dtSerial":"07/06/04 13:41:04","fGlobal":1,"grfFlags":2,"sguid":{"$binary": "e0QxOUM4QTQyLTA2NzEtNDQ3OS05QTg4QTU1N0YyQzA2MDRBfQ==", "$type": "00"},"fUpdated":1,"fHidden":0,"fAdvChart":0,"fAdvOvr":0,"fAdvBdgt":0,"fAdvClose":0}
{"hcat":147,"hct":0,"nLevel":2,"hcatParent":145,"szFull":"Pensions & Annuities","fCalc":0,"fTax":1,"lConcept":32774,"lType":2,"fBusiness":0,"dtSerial":"07/06/04 13:41:04","fGlobal":1,"grfFlags":2,"sguid":{"$binary": "ezc1MDcxMUJFLUQ1NjgtNDZDQi04RjhGMjlERUI1MDE4MEY0fQ==", "$type": "00"},"fUpdated":1,"fHidden":0,"fAdvChart":0,"fAdvOvr":0,"fAdvBdgt":0,"fAdvClose":0}
{"hcat":148,"hct":0,"nLevel":2,"hcatParent":145,"szFull":"Social Security Benefits","fCalc":0,"fTax":1,"lConcept":32777,"lType":2,"fBusiness":0,"dtSerial":"07/06/04 13:41:04","fGlobal":1,"grfFlags":2,"sguid":{"$binary": "e0U1QUQ3MTMwLTRFRjAtNDcyMi1BODE1ODI0NUQzRkRDODBBfQ==", "$type": "00"},"fUpdated":1,"fHidden":0,"fAdvChart":0,"fAdvOvr":0,"fAdvBdgt":0,"fAdvClose":0}
{"hcat":149,"hct":0,"nLevel":1,"hcatParent":130,"szFull":"Wages & Salary","fCalc":0,"fTax":1,"lConcept":32768,"lType":2,"fBusiness":0,"dtSerial":"07/06/04 13:41:04","fGlobal":1,"grfFlags":1,"sguid":{"$binary": "ezQwNzgxNjhGLUYwMTgtNEExQS1CODI4RUFDNzNDQkIwREYyfQ==", "$type": "00"},"fUpdated":1,"fHidden":0,"fAdvChart":0,"fAdvOvr":0,"fAdvBdgt":0,"fAdvClose":0}
{"hcat":150,"hct":0,"nLevel":2,"hcatParent":149,"szFull":"Bonus","fCalc":0,"fTax":1,"lConcept":32781,"lType":3,"fBusiness":0,"dtSerial":"07/06/04 13:41:04","fGlobal":1,"grfFlags":2,"sguid":{"$binary": "e0E5MjE3QkIwLUY0RDctNDMxRi1CNkEzRDY3OTc5NTVGRjNDfQ==", "$type": "00"},"fUpdated":1,"fHidden":0,"fAdvChart":0,"fAdvOvr":0,"fAdvBdgt":0,"fAdvClose":0}
{"hcat":151,"hct":0,"nLevel":2,"hcatParent":149,"szFull":"Commission","fCalc":0,"fTax":1,"lConcept":32781,"lType":3,"fBusiness":0,"dtSerial":"07/06/04 13:41:04","fGlobal":1,"grfFlags":2,"sguid":{"$binary": "ezZEODQ5Nzk3LTlGOEQtNDc2Mi05NDlCRTU3RDNBRDhDRjk4fQ==", "$type": "00"},"fUpdated":1,"fHidden":0,"fAdvChart":0,"fAdvOvr":0,"fAdvBdgt":0,"fAdvClose":0}
{"hcat":152,"hct":0,"nLevel":2,"hcatParent":149,"szFull":"Employer Matching","fCalc":0,"fTax":0,"lConcept":32779,"lType":2,"fBusiness":0,"dtSerial":"07/06/04 13:41:04","fGlobal":1,"grfFlags":2,"sguid":{"$binary": "e0VFQjFBNEZFLUNBNjUtNDQ1Ri1CMDkzM0VERjE1NTA3RDNCfQ==", "$type": "00"},"fUpdated":1,"fHidden":0,"fAdvChart":0,"fAdvOvr":0,"fAdvBdgt":0,"fAdvClose":0}
{"hcat":153,"hct":0,"nLevel":2,"hcatParent":149,"szFull":"Gross Pay","fCalc":0,"fTax":1,"lConcept":32768,"lType":2,"fBusiness":0,"dtSerial":"07/06/04 13:41:04","fGlobal":1,"grfFlags":1,"sguid":{"$binary": "e0QzODE4OEY4LTRBMUEtNDIyMi1BN0E3RTEzM0IzMDg3OUJEfQ==", "$type": "00"},"fUpdated":1,"fHidden":0,"fAdvChart":0,"fAdvOvr":0,"fAdvBdgt":0,"fAdvClose":0}
{"hcat":154,"hct":0,"nLevel":2,"hcatParent":149,"szFull":"Net Pay","fCalc":0,"fTax":0,"lConcept":32768,"lType":2,"fBusiness":0,"dtSerial":"07/06/04 13:41:04","fGlobal":1,"grfFlags":1,"sguid":{"$binary": "ezExNTEzRUJDLTY1REQtNEMwMi05REJFNEJFQ0YwQ0MxMjRCfQ==", "$type": "00"},"fUpdated":1,"fHidden":0,"fAdvChart":0,"fAdvOvr":0,"fAdvBdgt":0,"fAdvClose":0}
{"hcat":155,"hct":0,"nLevel":2,"hcatParent":149,"szFull":"Overtime","fCalc":0,"fTax":1,"lConcept":32781,"lType":3,"fBusiness":0,"dtSerial":"07/06/04 13:41:04","fGlobal":1,"grfFlags":2,"sguid":{"$binary": "e0ZCNEZDRkNDLTMxQzMtNEU5Ri1BNjc2M0QxOThCOTJBMTMxfQ==", "$type": "00"},"fUpdated":1,"fHidden":0,"fAdvChart":0,"fAdvOvr":0,"fAdvBdgt":0,"fAdvClose":0}
{"hcat":156,"hct":0,"nLevel":1,"hcatParent":131,"szFull":"Automobile","fCalc":0,"fTax":0,"lConcept":26,"lType":0,"fBusiness":0,"dtSerial":"03/16/06 10:24:49","fGlobal":1,"grfFlags":1,"sguid":{"$binary": "ezI2NUJDNEEyLTI4MTgtNENEQy1BMkRFRENBRjY4ODhCNTNBfQ==", "$type": "00"},"fUpdated":1,"fHidden":0,"fAdvChart":0,"fAdvOvr":0,"fAdvBdgt":0,"fAdvClose":0}
{"hcat":157,"hct":0,"nLevel":2,"hcatParent":156,"szFull":"Gasoline","fCalc":0,"fTax":0,"lConcept":26,"lType":0,"fBusiness":0,"dtSerial":"07/06/04 13:41:04","fGlobal":1,"grfFlags":2,"sguid":{"$binary": "ezhFM0FDMDdGLThENEYtNDZGNi05MkIxRkQ5ODYxQTMxOTQxfQ==", "$type": "00"},"fUpdated":1,"fHidden":0,"fAdvChart":0,"fAdvOvr":0,"fAdvBdgt":0,"fAdvClose":0}
{"hcat":158,"hct":0,"nLevel":2,"hcatParent":156,"szFull":"Maintenance","fCalc":0,"fTax":0,"lConcept":26,"lType":0,"fBusiness":0,"dtSerial":"07/06/04 13:41:04","fGlobal":1,"grfFlags":2,"sguid":{"$binary": "e0Y2MDY4MUJBLTRBRTMtNERERC1BMzI5RjM4MUMwQ0RGREI0fQ==", "$type": "00"},"fUpdated":1,"fHidden":0,"fAdvChart":0,"fAdvOvr":0,"fAdvBdgt":0,"fAdvClose":0}
{"hcat":159,"hct":0,"nLevel":2,"hcatParent":156,"szFull":"Car Payment","fCalc":0,"fTax":0,"lConcept":26,"lType":0,"fBusiness":0,"dtSerial":"07/06/04 13:41:04","fGlobal":1,"grfFlags":2,"sguid":{"$binary": "e0ZENUI0MkUwLUZCRjUtNDcxRS04M0I5MTJFODI2RjFDMjVFfQ==", "$type": "00"},"fUpdated":1,"fHidden":0,"fAdvChart":0,"fAdvOvr":0,"fAdvBdgt":0,"fAdvClose":0}
{"hcat":160,"hct":0,"nLevel":1,"hcatParent":131,"szFull":"Bills","fCalc":0,"fTax":0,"lConcept":35,"lType":0,"fBusiness":0,"dtSerial":"03/16/06 10:24:49","fGlobal":1,"grfFlags":2,"sguid":{"$binary": "ezMzRkRFRjg1LUJFOTEtNDFEQS1CNDBBQjgzRkQ2RDhCNkMzfQ==", "$type": "00"},"fUpdated":1,"fHidden":0,"fAdvChart":0,"fAdvOvr":0,"fAdvBdgt":0,"fAdvClose":0}
{"hcat":161,"hct":0,"nLevel":2,"hcatParent":160,"szFull":"Cable/Satellite Television","fCalc":0,"fTax":0,"lConcept":13,"lType":0,"fBusiness":0,"dtSerial":"03/16/06 10:27:44","fGlobal":1,"grfFlags":2,"sguid":{"$binary": "ezU1MDEyQjhCLTNGQkQtNDVCMC04NDM1OUVERTczNjNFRDhFfQ==", "$type": "00"},"fUpdated":1,"fHidden":0,"fAdvChart":0,"fAdvOvr":0,"fAdvBdgt":0,"fAdvClose":0}
{"hcat":162,"hct":0,"nLevel":2,"hcatParent":160,"szFull":"Electricity","fCalc":0,"fTax":0,"lConcept":14,"lType":0,"fBusiness":0,"dtSerial":"03/16/06 10:27:44","fGlobal":1,"grfFlags":2,"sguid":{"$binary": "ezEwMzY2OUNGLUEyNUMtNEU3NS1BQUM2MkY4RTMyMjJCNDE0fQ==", "$type": "00"},"fUpdated":1,"fHidden":0,"fAdvChart":0,"fAdvOvr":0,"fAdvBdgt":0,"fAdvClose":0}
{"hcat":163,"hct":0,"nLevel":2,"hcatParent":160,"szFull":"Garbage & Recycle","fCalc":0,"fTax":0,"lConcept":15,"lType":0,"fBusiness":0,"dtSerial":"07/06/04 13:41:04","fGlobal":1,"grfFlags":2,"sguid":{"$binary": "ezczMDJDOTczLTc3OTgtNDk0RS1CMkJDMDU3RkI3MjY5QTdEfQ==", "$type": "00"},"fUpdated":1,"fHidden":0,"fAdvChart":0,"fAdvOvr":0,"fAdvBdgt":0,"fAdvClose":0}
{"hcat":164,"hct":0,"nLevel":2,"hcatParent":160,"szFull":"Homeowner's Dues","fCalc":0,"fTax":0,"lConcept":35,"lType":0,"fBusiness":0,"dtSerial":"07/06/04 13:41:04","fGlobal":1,"grfFlags":2,"sguid":{"$binary": "ezc5MDdBNzMzLTAzQUMtNEI1NC1CM0FDRjg4MzdFQkVGREI5fQ==", "$type": "00"},"fUpdated":1,"fHidden":0,"fAdvChart":0,"fAdvOvr":0,"fAdvBdgt":0,"fAdvClose":0}
{"hcat":165,"hct":0,"nLevel":2,"hcatParent":160,"szFull":"Natural Gas/Oil","fCalc":0,"fTax":0,"lConcept":14,"lType":0,"fBusiness":0,"dtSerial":"03/16/06 10:27:44","fGlobal":1,"grfFlags":2,"sguid":{"$binary": "ezdCNUFFRjhFLTY3MzMtNEY1OC05QUUxODYzMzAxNzI3Mjg3fQ==", "$type": "00"},"fUpdated":1,"fHidden":0,"fAdvChart":0,"fAdvOvr":0,"fAdvBdgt":0,"fAdvClose":0}
{"hcat":166,"hct":0,"nLevel":2,"hcatParent":160,"szFull":"Rent","fCalc":0,"fTax":0,"lConcept":17,"lType":0,"fBusiness":0,"dtSerial":"07/06/04 13:41:04","fGlobal":1,"grfFlags":2,"sguid":{"$binary": "ezY4NTRGRkNBLUVCRTAtNDQzMC1CNjZEMzE5MDdCQTk1OTBCfQ==", "$type": "00"},"fUpdated":1,"fHidden":0,"fAdvChart":0,"fAdvOvr":0,"fAdvBdgt":0,"fAdvClose":0}
{"hcat":167,"hct":0,"nLevel":2,"hcatParent":160,"szFull":"Telephone","fCalc":0,"fTax":0,"lConcept":18,"lType":0,"fBusiness":0,"dtSerial":"03/16/06 10:27:44","fGlobal":1,"grfFlags":2,"sguid":{"$binary": "ezE1NTdDN0VFLURBODAtNDJCRS05NDBDRjVFREEzOUEwNkIwfQ==", "$type": "00"},"fUpdated":1,"fHidden":0,"fAdvChart":0,"fAdvOvr":0,"fAdvBdgt":0,"fAdvClose":0}
{"hcat":168,"hct":0,"nLevel":2,"hcatParent":160,"szFull":"Water & Sewer","fCalc":0,"fTax":0,"lConcept":19,"lType":0,"fBusiness":0,"dtSerial":"03/16/06 10:27:44","fGlobal":1,"grfFlags":2,"sguid":{"$binary": "ezBEQjM0NDI1LTQ5NUItNDEyOC1CMTkxMzgwNzg0NThCQ0RFfQ==", "$type": "00"},"fUpdated":1,"fHidden":0,"fAdvChart":0,"fAdvOvr":0,"amtAdvOvr":75.0000,"fAdvBdgt":0,"fAdvClose":0}
{"hcat":169,"hct":0,"nLevel":2,"hcatParent":160,"szFull":"Online/Internet Service","fCalc":0,"fTax":0,"lConcept":35,"lType":0,"fBusiness":0,"dtSerial":"07/06/04 13:41:04","fGlobal":1,"grfFlags":2,"sguid":{"$binary": "ezk2RjlFMUVCLTU4OEItNDA0My1CMTYxQjM1NjYyQjYyNEZCfQ==", "$type": "00"},"fUpdated":1,"fHidden":0,"fAdvChart":0,"fAdvOvr":0,"fAdvBdgt":0,"fAdvClose":0}
{"hcat":170,"hct":0,"nLevel":2,"hcatParent":160,"szFull":"Health Club","fCalc":0,"fTax":0,"lConcept":35,"lType":0,"fBusiness":0,"dtSerial":"03/16/06 10:27:44","fGlobal":1,"grfFlags":2,"sguid":{"$binary": "ezA2RkFFQkRGLUQzNjItNDlBNS04MEU2NjQ2MkM2NUFBOURBfQ==", "$type": "00"},"fUpdated":1,"fHidden":0,"fAdvChart":0,"fAdvOvr":0,"fAdvBdgt":0,"fAdvClose":0}
{"hcat":171,"hct":0,"nLevel":2,"hcatParent":160,"szFull":"Membership Fees","fCalc":0,"fTax":0,"lConcept":35,"lType":0,"fBusiness":0,"dtSerial":"07/06/04 13:41:04","fGlobal":1,"grfFlags":2,"sguid":{"$binary": "ezFBOTY4OUIzLUZGNkYtNDMxQi04MDAwMDMzRDFERTE5RDNFfQ==", "$type": "00"},"fUpdated":1,"fHidden":0,"fAdvChart":0,"fAdvOvr":0,"fAdvBdgt":0,"fAdvClose":0}
{"hcat":172,"hct":0,"nLevel":2,"hcatParent":160,"szFull":"Cellular","fCalc":0,"fTax":0,"lConcept":18,"lType":0,"fBusiness":0,"dtSerial":"03/16/06 10:27:44","fGlobal":1,"grfFlags":2,"sguid":{"$binary": "e0RCM0U5MjkxLTcxRkEtNDJFRS05QTY5MUY5OTQwOUVDREZEfQ==", "$type": "00"},"fUpdated":1,"fHidden":0,"fAdvChart":0,"fAdvOvr":0,"fAdvBdgt":0,"fAdvClose":0}
{"hcat":173,"hct":0,"nLevel":2,"hcatParent":160,"szFull":"Newspaper","fCalc":0,"fTax":0,"lConcept":35,"lType":0,"fBusiness":0,"dtSerial":"07/06/04 13:41:04","fGlobal":1,"grfFlags":2,"sguid":{"$binary": "e0YwMDdEQTgxLTkyN0MtNEIxQi04RTFBREYwNTNENzFDRjFBfQ==", "$type": "00"},"fUpdated":1,"fHidden":0,"fAdvChart":0,"fAdvOvr":0,"fAdvBdgt":0,"fAdvClose":0}
{"hcat":174,"hct":0,"nLevel":2,"hcatParent":160,"szFull":"Mortgage Payment","fCalc":0,"fTax":0,"lConcept":35,"lType":0,"fBusiness":0,"dtSerial":"07/06/04 13:41:04","fGlobal":1,"grfFlags":2,"sguid":{"$binary": "ezE4RTFDMUI0LUU5MzQtNDk1RC1CMTFEM0U3NzkxNUNGMkI5fQ==", "$type": "00"},"fUpdated":1,"fHidden":0,"fAdvChart":0,"fAdvOvr":0,"fAdvBdgt":0,"fAdvClose":0}
{"hcat":175,"hct":0,"nLevel":2,"hcatParent":160,"szFull":"Other Loan Payment","fCalc":0,"fTax":0,"lConcept":35,"lType":0,"fBusiness":0,"dtSerial":"07/06/04 13:41:04","fGlobal":1,"grfFlags":2,"sguid":{"$binary": "ezk4NDcyN0I2LTlEQzQtNEFGMi1CQzNCREVCNzY2NkI2QUNGfQ==", "$type": "00"},"fUpdated":1,"fHidden":0,"fAdvChart":0,"fAdvOvr":0,"fAdvBdgt":0,"fAdvClose":0}
{"hcat":176,"hct":0,"nLevel":2,"hcatParent":160,"szFull":"Student Loan Payment","fCalc":0,"fTax":0,"lConcept":35,"lType":0,"fBusiness":0,"dtSerial":"07/06/04 13:41:04","fGlobal":1,"grfFlags":2,"sguid":{"$binary": "ezk0ODM4RTUxLTYxQkItNEYyRS1CRjc2ODk2NEU2OUU2MzE0fQ==", "$type": "00"},"fUpdated":1,"fHidden":0,"fAdvChart":0,"fAdvOvr":0,"fAdvBdgt":0,"fAdvClose":0}
{"hcat":177,"hct":0,"nLevel":1,"hcatParent":131,"szFull":"Cash Withdrawal","fCalc":0,"fTax":0,"lConcept":28,"lType":1,"fBusiness":0,"dtSerial":"03/16/06 10:24:49","fGlobal":1,"grfFlags":1,"sguid":{"$binary": "ezczQUNFRTYzLTJDNDYtNDA4NS1CNDMyOEQ4N0Q5QUZBRDcxfQ==", "$type": "00"},"fUpdated":1,"fHidden":0,"fAdvChart":0,"fAdvOvr":0,"fAdvBdgt":0,"fAdvClose":0}
{"hcat":178,"hct":0,"nLevel":1,"hcatParent":131,"szFull":"Charitable Donations","fCalc":0,"fTax":1,"lConcept":10,"lType":1,"fBusiness":0,"dtSerial":"03/16/06 10:24:49","fGlobal":1,"grfFlags":1,"sguid":{"$binary": "ezUxNzA1Q0FGLTFFNTMtNDYxRi1CRURCNDBDQTFCQjBFOEUwfQ==", "$type": "00"},"fUpdated":1,"fHidden":0,"fAdvChart":0,"fAdvOvr":0,"fAdvBdgt":0,"fAdvClose":0}
{"hcat":179,"hct":0,"nLevel":1,"hcatParent":131,"szFull":"Childcare","fCalc":0,"fTax":1,"lConcept":24,"lType":0,"fBusiness":0,"dtSerial":"03/16/06 10:24:49","fGlobal":1,"grfFlags":2,"sguid":{"$binary": "ezQ4QTczOTYwLTJEODQtNDBFQS1CQkZBMTdGNDE2NUI2RDUyfQ==", "$type": "00"},"fUpdated":1,"fHidden":0,"fAdvChart":0,"fAdvOvr":0,"fAdvBdgt":0,"fAdvClose":0}
{"hcat":180,"hct":0,"nLevel":1,"hcatParent":131,"szFull":"Clothing","fCalc":0,"fTax":0,"lConcept":29,"lType":0,"fBusiness":0,"dtSerial":"03/16/06 10:27:44","fGlobal":1,"grfFlags":1,"sguid":{"$binary": "e0IwMDdENDUxLTgzRUEtNEQ4Qy1BQjBFNkJBMzRBQTg1RTk0fQ==", "$type": "00"},"fUpdated":1,"fHidden":0,"fAdvChart":0,"fAdvOvr":0,"fAdvBdgt":0,"fAdvClose":0}
{"hcat":181,"hct":0,"nLevel":1,"hcatParent":131,"szFull":"Education","fCalc":0,"fTax":0,"lConcept":31,"lType":0,"fBusiness":0,"dtSerial":"03/16/06 10:24:49","fGlobal":1,"grfFlags":1,"sguid":{"$binary": "ezlBMDM0MDdDLTBGQTktNEIxMi1BQ0QzNTE4RTRDNUE2NEFCfQ==", "$type": "00"},"fUpdated":1,"fHidden":0,"fAdvChart":0,"fAdvOvr":0,"fAdvBdgt":0,"fAdvClose":0}
{"hcat":182,"hct":0,"nLevel":2,"hcatParent":181,"szFull":"Books","fCalc":0,"fTax":0,"lConcept":31,"lType":0,"fBusiness":0,"dtSerial":"07/06/04 13:41:04","fGlobal":1,"grfFlags":2,"sguid":{"$binary": "ezQwODk2MkRBLUE5Q0MtNDVEMC04QjIwMUM0OTM5MThCRkFFfQ==", "$type": "00"},"fUpdated":1,"fHidden":0,"fAdvChart":0,"fAdvOvr":0,"fAdvBdgt":0,"fAdvClose":0}
{"hcat":183,"hct":0,"nLevel":2,"hcatParent":181,"szFull":"Fees","fCalc":0,"fTax":0,"lConcept":31,"lType":0,"fBusiness":0,"dtSerial":"07/06/04 13:41:04","fGlobal":1,"grfFlags":2,"sguid":{"$binary": "ezJEREM2MDA0LURBQ0EtNDM5RC04MDY3RDE3NTE2NTZDRjQ0fQ==", "$type": "00"},"fUpdated":1,"fHidden":0,"fAdvChart":0,"fAdvOvr":0,"fAdvBdgt":0,"fAdvClose":0}
{"hcat":184,"hct":0,"nLevel":2,"hcatParent":181,"szFull":"Tuition","fCalc":0,"fTax":0,"lConcept":31,"lType":0,"fBusiness":0,"dtSerial":"07/06/04 13:41:04","fGlobal":1,"grfFlags":2,"sguid":{"$binary": "e0NBNEFDQTIyLTlGRDEtNEE0Ny1CQ0U4Qjg2MzMzQUEzMjkxfQ==", "$type": "00"},"fUpdated":1,"fHidden":0,"fAdvChart":0,"fAdvOvr":0,"fAdvBdgt":0,"fAdvClose":0}
{"hcat":185,"hct":0,"nLevel":1,"hcatParent":131,"szFull":"Food","fCalc":0,"fTax":0,"lConcept":34,"lType":0,"fBusiness":0,"dtSerial":"03/16/06 10:24:49","fGlobal":1,"grfFlags":2,"sguid":{"$binary": "ezI3NjA4QTNCLTQ2NTctNDg5MS1CNzhCMTlBMjM1QkQwMzNEfQ==", "$type": "00"},"fUpdated":1,"fHidden":0,"fAdvChart":0,"fAdvOvr":0,"fAdvBdgt":0,"fAdvClose":0}
{"hcat":188,"hct":0,"nLevel":1,"hcatParent":131,"szFull":"Gifts","fCalc":0,"fTax":0,"lConcept":25,"lType":1,"fBusiness":0,"dtSerial":"07/06/04 13:41:04","fGlobal":1,"grfFlags":1,"sguid":{"$binary": "e0IxODE3NjExLUFDMjAtNEUzNi05NzQwQTk3NzdFNUUzNTZDfQ==", "$type": "00"},"fUpdated":1,"fHidden":0,"fAdvChart":0,"fAdvOvr":0,"fAdvBdgt":0,"fAdvClose":0}
{"hcat":189,"hct":0,"nLevel":1,"hcatParent":131,"szFull":"Healthcare","fCalc":0,"fTax":1,"lConcept":0,"lType":0,"fBusiness":0,"dtSerial":"03/16/06 10:24:49","fGlobal":1,"grfFlags":1,"sguid":{"$binary": "ezFEQkIxQkEzLUU1Q0UtNDQ1OS05Q0Q2NTZENUUzOTVFQzVCfQ==", "$type": "00"},"fUpdated":1,"fHidden":0,"fAdvChart":0,"fAdvOvr":0,"fAdvBdgt":0,"fAdvClose":0}
{"hcat":190,"hct":0,"nLevel":2,"hcatParent":189,"szFull":"Dental","fCalc":0,"fTax":1,"lConcept":0,"lType":0,"fBusiness":0,"dtSerial":"07/06/04 13:41:04","fGlobal":1,"grfFlags":2,"sguid":{"$binary": "ezU1ODJEMDIwLTA4MzMtNEQxNy05MjU1MTdENjZBNTkxNjU3fQ==", "$type": "00"},"fUpdated":1,"fHidden":0,"fAdvChart":0,"fAdvOvr":0,"fAdvBdgt":0,"fAdvClose":0}
{"hcat":191,"hct":0,"nLevel":2,"hcatParent":189,"szFull":"Eyecare","fCalc":0,"fTax":1,"lConcept":0,"lType":0,"fBusiness":0,"dtSerial":"07/06/04 13:41:04","fGlobal":1,"grfFlags":2,"sguid":{"$binary": "e0M0QkVEMDQ5LTVBQTUtNDU1OS04RDQyODVBQjc3RjRBQzlGfQ==", "$type": "00"},"fUpdated":1,"fHidden":0,"fAdvChart":0,"fAdvOvr":0,"fAdvBdgt":0,"fAdvClose":0}
{"hcat":192,"hct":0,"nLevel":2,"hcatParent":189,"szFull":"Hospital","fCalc":0,"fTax":1,"lConcept":0,"lType":0,"fBusiness":0,"dtSerial":"07/06/04 13:41:04","fGlobal":1,"grfFlags":2,"sguid":{"$binary": "ezZBMTEyM0Y0LTdEODMtNEVBOC05RkYxRTgzMEU0M0E0MTkwfQ==", "$type": "00"},"fUpdated":1,"fHidden":0,"fAdvChart":0,"fAdvOvr":0,"fAdvBdgt":0,"fAdvClose":0}
{"hcat":193,"hct":0,"nLevel":2,"hcatParent":189,"szFull":"Physician","fCalc":0,"fTax":1,"lConcept":0,"lType":0,"fBusiness":0,"dtSerial":"07/06/04 13:41:04","fGlobal":1,"grfFlags":2,"sguid":{"$binary": "e0NDNjU0QTY2LThBM0MtNDY3My04RDc3NjBCMzZCNkY0NDBEfQ==", "$type": "00"},"fUpdated":1,"fHidden":0,"fAdvChart":0,"fAdvOvr":0,"fAdvBdgt":0,"fAdvClose":0}
{"hcat":194,"hct":0,"nLevel":2,"hcatParent":189,"szFull":"Prescriptions","fCalc":0,"fTax":1,"lConcept":0,"lType":0,"fBusiness":0,"dtSerial":"07/06/04 13:41:04","fGlobal":1,"grfFlags":2,"sguid":{"$binary": "ezdFNEU5NzlCLUFGMEUtNDJBNi04MEQ3RkIyMDY2NzdDNjFEfQ==", "$type": "00"},"fUpdated":1,"fHidden":0,"fAdvChart":0,"fAdvOvr":0,"fAdvBdgt":0,"fAdvClose":0}
{"hcat":195,"hct":0,"nLevel":1,"hcatParent":131,"szFull":"Insurance","fCalc":0,"fTax":0,"lConcept":21,"lType":0,"fBusiness":0,"dtSerial":"03/16/06 10:24:49","fGlobal":1,"grfFlags":1,"sguid":{"$binary": "ezMwREM1NEI3LUFFRDItNDM2Qi1CNTJDMjIzRDQzOTA5NjY5fQ==", "$type": "00"},"fUpdated":1,"fHidden":0,"fAdvChart":0,"fAdvOvr":0,"fAdvBdgt":0,"fAdvClose":0}
{"hcat":196,"hct":0,"nLevel":2,"hcatParent":195,"szFull":"Automobile","fCalc":0,"fTax":0,"lConcept":20,"lType":0,"fBusiness":0,"dtSerial":"07/06/04 13:41:04","fGlobal":1,"grfFlags":2,"sguid":{"$binary": "e0Q0NUYxQzdBLTdGODUtNDY0My04Qjk1NDMzMUEzMzkyRTc0fQ==", "$type": "00"},"fUpdated":1,"fHidden":0,"fAdvChart":0,"fAdvOvr":0,"fAdvBdgt":0,"fAdvClose":0}
{"hcat":197,"hct":0,"nLevel":2,"hcatParent":195,"szFull":"Health","fCalc":0,"fTax":1,"lConcept":0,"lType":0,"fBusiness":0,"dtSerial":"07/06/04 13:41:04","fGlobal":1,"grfFlags":2,"sguid":{"$binary": "ezlGMDc4M0NBLUZDQUItNDg4OS1BOUQyODY1MzYzMUYyN0EwfQ==", "$type": "00"},"fUpdated":1,"fHidden":0,"fAdvChart":0,"fAdvOvr":0,"fAdvBdgt":0,"fAdvClose":0}
{"hcat":198,"hct":0,"nLevel":2,"hcatParent":195,"szFull":"Homeowner's/Renter's","fCalc":0,"fTax":0,"lConcept":22,"lType":0,"fBusiness":0,"dtSerial":"07/06/04 13:41:04","fGlobal":1,"grfFlags":2,"sguid":{"$binary": "e0Q2RkZGNDc2LTExMjQtNEUyNi1BQzdCMkQ0OTQwMEUyMEExfQ==", "$type": "00"},"fUpdated":1,"fHidden":0,"fAdvChart":0,"fAdvOvr":0,"fAdvBdgt":0,"fAdvClose":0}
{"hcat":199,"hct":0,"nLevel":2,"hcatParent":195,"szFull":"Life","fCalc":0,"fTax":0,"lConcept":21,"lType":0,"fBusiness":0,"dtSerial":"07/06/04 13:41:04","fGlobal":1,"grfFlags":2,"sguid":{"$binary": "e0Q3QjFBMUJCLUY1NzMtNDdCQy04MzBCQkYyQzNGNDJENDI4fQ==", "$type": "00"},"fUpdated":1,"fHidden":0,"fAdvChart":0,"fAdvOvr":0,"fAdvBdgt":0,"fAdvClose":0}
{"hcat":200,"hct":0,"nLevel":1,"hcatParent":131,"szFull":"Job Expense","fCalc":0,"fTax":0,"lConcept":11,"lType":0,"fBusiness":0,"dtSerial":"03/16/06 10:24:49","fGlobal":1,"grfFlags":2,"sguid":{"$binary": "e0FERjE4NjhCLUExNjQtNDI0Ri04Q0Q5QzNDMEMwODJFOEI5fQ==", "$type": "00"},"fUpdated":1,"fHidden":0,"fAdvChart":0,"fAdvOvr":0,"fAdvBdgt":0,"fAdvClose":0}
{"hcat":201,"hct":0,"nLevel":2,"hcatParent":200,"szFull":"Non-Reimbursed","fCalc":0,"fTax":1,"lConcept":11,"lType":0,"fBusiness":0,"dtSerial":"07/06/04 13:41:04","fGlobal":1,"grfFlags":2,"sguid":{"$binary": "e0U0RENCRDdFLTBDNkYtNEJBRS05MzIyQUFGQjk5NUFBMzU3fQ==", "$type": "00"},"fUpdated":1,"fHidden":0,"fAdvChart":0,"fAdvOvr":0,"fAdvBdgt":0,"fAdvClose":0}
{"hcat":202,"hct":0,"nLevel":2,"hcatParent":200,"szFull":"Reimbursed","fCalc":0,"fTax":0,"lConcept":37,"lType":0,"fBusiness":0,"dtSerial":"07/06/04 13:41:04","fGlobal":1,"grfFlags":2,"sguid":{"$binary": "e0RDNTZDMTMwLUFBNEMtNDIyQS04NzNENjQ1NjBGQzlGMUMyfQ==", "$type": "00"},"fUpdated":1,"fHidden":0,"fAdvChart":0,"fAdvOvr":0,"fAdvBdgt":0,"fAdvClose":0}
{"hcat":203,"hct":0,"nLevel":1,"hcatParent":131,"szFull":"Leisure","fCalc":0,"fTax":0,"lConcept":32,"lType":1,"fBusiness":0,"dtSerial":"03/16/06 10:24:49","fGlobal":0,"grfFlags":0,"sguid":{"$binary": "ezgzNjU5QzU2LTM0RjgtNDk3NS04RTY4NkM3NTBDMTBBQUUyfQ==", "$type": "00"},"fUpdated":1,"fHidden":0,"fAdvChart":0,"fAdvOvr":0,"fAdvBdgt":0,"fAdvClose":0}
{"hcat":204,"hct":0,"nLevel":2,"hcatParent":203,"szFull":"Books & Magazines","fCalc":0,"fTax":0,"lConcept":32,"lType":1,"fBusiness":0,"dtSerial":"05/24/04 17:44:26","fGlobal":0,"grfFlags":0,"sguid":{"$binary": "ezk0NDk5RjMyLTAxNzYtNEExNi05RDNCRjAzRTRBN0YzMDc1fQ==", "$type": "00"},"fUpdated":1,"fHidden":0,"fAdvChart":0,"fAdvOvr":0,"fAdvBdgt":0,"fAdvClose":0}
{"hcat":205,"hct":0,"nLevel":2,"hcatParent":203,"szFull":"Cultural Events","fCalc":0,"fTax":0,"lConcept":32,"lType":1,"fBusiness":0,"dtSerial":"05/24/04 17:44:26","fGlobal":0,"grfFlags":0,"sguid":{"$binary": "ezBGOTA0OENFLUYxMjctNDVEOC05OUI1RUNBMjRGQ0IxREQ5fQ==", "$type": "00"},"fUpdated":1,"fHidden":0,"fAdvChart":0,"fAdvOvr":0,"fAdvBdgt":0,"fAdvClose":0}
{"hcat":206,"hct":0,"nLevel":2,"hcatParent":203,"szFull":"Entertaining","fCalc":0,"fTax":0,"lConcept":32,"lType":1,"fBusiness":0,"dtSerial":"05/24/04 17:44:26","fGlobal":0,"grfFlags":0,"sguid":{"$binary": "ezk3QkNDQzAwLUE4NjEtNEE3Ri05MzE5NDk2M0E3NTgxMzdFfQ==", "$type": "00"},"fUpdated":1,"fHidden":0,"fAdvChart":0,"fAdvOvr":0,"fAdvBdgt":0,"fAdvClose":0}
{"hcat":207,"hct":0,"nLevel":2,"hcatParent":203,"szFull":"Movies & Video Rentals","fCalc":0,"fTax":0,"lConcept":32,"lType":1,"fBusiness":0,"dtSerial":"05/24/04 17:44:26","fGlobal":0,"grfFlags":0,"sguid":{"$binary": "ezdDNjY2RUY3LUY3M0MtNDgxRC1CRTA1QzlFRjdFNzU4MTM0fQ==", "$type": "00"},"fUpdated":1,"fHidden":0,"fAdvChart":0,"fAdvOvr":0,"fAdvBdgt":0,"fAdvClose":0}
{"hcat":208,"hct":0,"nLevel":2,"hcatParent":203,"szFull":"Sporting Events","fCalc":0,"fTax":0,"lConcept":32,"lType":1,"fBusiness":0,"dtSerial":"05/24/04 17:44:26","fGlobal":0,"grfFlags":0,"sguid":{"$binary": "e0U3QTRBQ0UzLTUyOTUtNDQzMS1CRDdEOEM2NjFDM0FDRDFFfQ==", "$type": "00"},"fUpdated":1,"fHidden":0,"fAdvChart":0,"fAdvOvr":0,"fAdvBdgt":0,"fAdvClose":0}
{"hcat":209,"hct":0,"nLevel":2,"hcatParent":203,"szFull":"Sporting Goods","fCalc":0,"fTax":0,"lConcept":32,"lType":1,"fBusiness":0,"dtSerial":"05/24/04 17:44:26","fGlobal":0,"grfFlags":0,"sguid":{"$binary": "ezE0RDVENEQ0LUE0OEEtNDlCMi1CQ0E5ODY5QTU1OUQ1MEJBfQ==", "$type": "00"},"fUpdated":1,"fHidden":0,"fAdvChart":0,"fAdvOvr":0,"fAdvBdgt":0,"fAdvClose":0}
{"hcat":210,"hct":0,"nLevel":2,"hcatParent":203,"szFull":"Tapes & CDs","fCalc":0,"fTax":0,"lConcept":32,"lType":1,"fBusiness":0,"dtSerial":"05/24/04 17:44:26","fGlobal":0,"grfFlags":0,"sguid":{"$binary": "ezFENkExQzI1LTlEM0MtNEM4QS04QzFCQ0U0MUIzOTM3MzNDfQ==", "$type": "00"},"fUpdated":1,"fHidden":0,"fAdvChart":0,"fAdvOvr":0,"fAdvBdgt":0,"fAdvClose":0}
{"hcat":211,"hct":0,"nLevel":2,"hcatParent":203,"szFull":"Toys & Games","fCalc":0,"fTax":0,"lConcept":32,"lType":1,"fBusiness":0,"dtSerial":"05/24/04 17:44:26","fGlobal":0,"grfFlags":0,"sguid":{"$binary": "e0NGRDhCODk4LTg3NDEtNEY4My1BMERGMzNGNTdDQ0E2QTdDfQ==", "$type": "00"},"fUpdated":1,"fHidden":0,"fAdvChart":0,"fAdvOvr":0,"fAdvBdgt":0,"fAdvClose":0}
{"hcat":212,"hct":0,"nLevel":1,"hcatParent":131,"szFull":"Loan","fCalc":0,"fTax":0,"lConcept":36,"lType":0,"fBusiness":0,"dtSerial":"03/16/06 10:24:49","fGlobal":1,"grfFlags":1,"sguid":{"$binary": "ezkzQzcwRjY4LUM4QUMtNERGNC1BOEYwOTZDNEQyQUEzNTEwfQ==", "$type": "00"},"fUpdated":1,"fHidden":0,"fAdvChart":0,"fAdvOvr":0,"fAdvBdgt":0,"fAdvClose":0}
{"hcat":213,"hct":0,"nLevel":2,"hcatParent":212,"szFull":"Mortgage Interest","fCalc":0,"fTax":1,"lConcept":9,"lType":0,"fBusiness":0,"dtSerial":"03/16/06 10:27:44","fGlobal":1,"grfFlags":2,"sguid":{"$binary": "ezMxRUREMzdDLTRCODYtNENCOC1CMTAzRjFCRDdCNzg0MTEzfQ==", "$type": "00"},"fUpdated":1,"fHidden":0,"fAdvChart":0,"fAdvOvr":0,"fAdvBdgt":0,"fAdvClose":0}
{"hcat":214,"hct":0,"nLevel":2,"hcatParent":212,"szFull":"Loan Interest","fCalc":0,"fTax":0,"lConcept":36,"lType":0,"fBusiness":0,"dtSerial":"07/06/04 13:41:04","fGlobal":1,"grfFlags":2,"sguid":{"$binary": "ezlCQjc4Q0U5LTgxQTItNDJBMS05MEY2NTFDRUU5N0RCQjMxfQ==", "$type": "00"},"fUpdated":1,"fHidden":0,"fAdvChart":0,"fAdvOvr":0,"fAdvBdgt":0,"fAdvClose":0}
{"hcat":215,"hct":0,"nLevel":2,"hcatParent":212,"szFull":"Student Loan Interest","fCalc":0,"fTax":1,"lConcept":36,"lType":0,"fBusiness":0,"dtSerial":"07/06/04 13:41:04","fGlobal":1,"grfFlags":2,"sguid":{"$binary": "ezM5RjJFNjg4LTJDMDEtNDlDRC1BNDA3NkEwOEQyMTFDMTlGfQ==", "$type": "00"},"fUpdated":1,"fHidden":0,"fAdvChart":0,"fAdvOvr":0,"fAdvBdgt":0,"fAdvClose":0}
{"hcat":216,"hct":0,"nLevel":1,"hcatParent":131,"szFull":"Miscellaneous","fCalc":0,"fTax":0,"lConcept":25,"lType":1,"fBusiness":0,"dtSerial":"07/06/04 13:41:04","fGlobal":1,"grfFlags":1,"sguid":{"$binary": "e0NFOEU4N0ZDLUExMEEtNDNFQy1BM0Y0RkM0RDg0QTMxMzE0fQ==", "$type": "00"},"fUpdated":1,"fHidden":0,"fAdvChart":0,"fAdvOvr":0,"fAdvBdgt":0,"fAdvClose":0}
{"hcat":217,"hct":0,"nLevel":1,"hcatParent":131,"szFull":"Pet Care","fCalc":0,"fTax":0,"lConcept":25,"lType":1,"fBusiness":0,"dtSerial":"07/06/04 13:41:04","fGlobal":1,"grfFlags":1,"sguid":{"$binary": "ezY1QzI1MTc4LTg0RjItNEMzMy05MDlFRjk5RkM2NThGNjc1fQ==", "$type": "00"},"fUpdated":1,"fHidden":0,"fAdvChart":0,"fAdvOvr":0,"fAdvBdgt":0,"fAdvClose":0}
{"hcat":218,"hct":0,"nLevel":2,"hcatParent":217,"szFull":"Food","fCalc":0,"fTax":0,"lConcept":25,"lType":1,"fBusiness":0,"dtSerial":"07/06/04 13:41:04","fGlobal":1,"grfFlags":2,"sguid":{"$binary": "ezU4Nzc3NDY5LTdERTgtNDZCRC05MzQ3NzY3MkNCMjIzNkRCfQ==", "$type": "00"},"fUpdated":1,"fHidden":0,"fAdvChart":0,"fAdvOvr":0,"fAdvBdgt":0,"fAdvClose":0}
{"hcat":219,"hct":0,"nLevel":2,"hcatParent":217,"szFull":"Supplies","fCalc":0,"fTax":0,"lConcept":25,"lType":1,"fBusiness":0,"dtSerial":"07/06/04 13:41:04","fGlobal":1,"grfFlags":2,"sguid":{"$binary": "ezlGOTRGOUEwLTBFNDgtNEFDNy05MTFFMkJBMzg3OUMxMEJDfQ==", "$type": "00"},"fUpdated":1,"fHidden":0,"fAdvChart":0,"fAdvOvr":0,"fAdvBdgt":0,"fAdvClose":0}
{"hcat":220,"hct":0,"nLevel":2,"hcatParent":217,"szFull":"Veterinarian","fCalc":0,"fTax":0,"lConcept":25,"lType":1,"fBusiness":0,"dtSerial":"07/06/04 13:41:04","fGlobal":1,"grfFlags":2,"sguid":{"$binary": "ezQ1QjEzMzhDLUIwM0YtNEMxRS05RUYzNThBQ0NCMzVFM0Y1fQ==", "$type": "00"},"fUpdated":1,"fHidden":0,"fAdvChart":0,"fAdvOvr":0,"fAdvBdgt":0,"fAdvClose":0}
{"hcat":221,"hct":0,"nLevel":1,"hcatParent":131,"szFull":"Taxes","fCalc":0,"fTax":1,"lConcept":3,"lType":0,"fBusiness":0,"dtSerial":"03/16/06 10:24:49","fGlobal":1,"grfFlags":1,"sguid":{"$binary": "e0U3MkE5MjRFLTBERkUtNEMzNC1CNUFENDY5MkM1RjA0MTJFfQ==", "$type": "00"},"fUpdated":1,"fHidden":0,"fAdvChart":0,"fAdvOvr":0,"fAdvBdgt":0,"fAdvClose":0}
{"hcat":222,"hct":0,"nLevel":2,"hcatParent":221,"szFull":"Federal Income Tax","fCalc":0,"fTax":1,"lConcept":4,"lType":0,"fBusiness":0,"dtSerial":"03/16/06 10:27:44","fGlobal":1,"grfFlags":1,"sguid":{"$binary": "ezNGOEJEMEI1LTQzOUQtNDQ3RC1BREYzQjk4NjI4ODU4NDA3fQ==", "$type": "00"},"fUpdated":1,"fHidden":0,"fAdvChart":0,"fAdvOvr":0,"fAdvBdgt":0,"fAdvClose":0}
{"hcat":223,"hct":0,"nLevel":2,"hcatParent":221,"szFull":"Federal Income Tax-Previous year","fCalc":0,"fTax":1,"lConcept":25,"lType":1,"fBusiness":0,"dtSerial":"07/06/04 13:41:04","fGlobal":1,"grfFlags":2,"sguid":{"$binary": "ezdCRTc4RDE3LTc5MUMtNDZEQi1BMTQ4RUU2MEFGNkVGN0ZEfQ==", "$type": "00"},"fUpdated":1,"fHidden":0,"fAdvChart":0,"fAdvOvr":0,"fAdvBdgt":0,"fAdvClose":0}
{"hcat":224,"hct":0,"nLevel":2,"hcatParent":221,"szFull":"Local Income Tax","fCalc":0,"fTax":1,"lConcept":3,"lType":0,"fBusiness":0,"dtSerial":"07/06/04 13:41:04","fGlobal":1,"grfFlags":2,"sguid":{"$binary": "e0U0QzAzOTYxLUM3QUMtNEFFNC04NkVCOTIwRDVCNTlCNDZDfQ==", "$type": "00"},"fUpdated":1,"fHidden":0,"fAdvChart":0,"fAdvOvr":0,"fAdvBdgt":0,"fAdvClose":0}
{"hcat":225,"hct":0,"nLevel":2,"hcatParent":221,"szFull":"Other Taxes","fCalc":0,"fTax":1,"lConcept":3,"lType":0,"fBusiness":0,"dtSerial":"07/06/04 13:41:04","fGlobal":1,"grfFlags":2,"sguid":{"$binary": "ezg0NTdEREEyLUI0OEItNDcwRS04NzNCRTZFQjk0MDlCMUNEfQ==", "$type": "00"},"fUpdated":1,"fHidden":0,"fAdvChart":0,"fAdvOvr":0,"fAdvBdgt":0,"fAdvClose":0}
{"hcat":226,"hct":0,"nLevel":2,"hcatParent":221,"szFull":"Real Estate Taxes","fCalc":0,"fTax":1,"lConcept":1,"lType":0,"fBusiness":0,"dtSerial":"07/06/04 13:41:04","fGlobal":1,"grfFlags":2,"sguid":{"$binary": "ezJGRjI2Q0Y2LUNFMUItNDZBRS04MDU3Q0ZGMTBCMkRGREVFfQ==", "$type": "00"},"fUpdated":1,"fHidden":0,"fAdvChart":0,"fAdvOvr":0,"fAdvBdgt":0,"fAdvClose":0}
{"hcat":227,"hct":0,"nLevel":2,"hcatParent":221,"szFull":"Social Security Tax","fCalc":0,"fTax":1,"lConcept":7,"lType":0,"fBusiness":0,"dtSerial":"03/16/06 10:27:44","fGlobal":1,"grfFlags":2,"sguid":{"$binary": "ezFFMjhDNTI1LUM4RTAtNDUwMi1BM0I3NDU2QTU4QkRBQkMyfQ==", "$type": "00"},"fUpdated":1,"fHidden":0,"fAdvChart":0,"fAdvOvr":0,"fAdvBdgt":0,"fAdvClose":0}
{"hcat":228,"hct":0,"nLevel":2,"hcatParent":221,"szFull":"State Income Tax","fCalc":0,"fTax":1,"lConcept":2,"lType":0,"fBusiness":0,"dtSerial":"07/06/04 13:41:04","fGlobal":1,"grfFlags":1,"sguid":{"$binary": "e0EzNjBGNkI3LUZGRjgtNDA0My1CREM4RTVBOTEwMUQ4NjdFfQ==", "$type": "00"},"fUpdated":1,"fHidden":0,"fAdvChart":0,"fAdvOvr":0,"fAdvBdgt":0,"fAdvClose":0}
{"hcat":229,"hct":0,"nLevel":2,"hcatParent":221,"szFull":"Medicare Tax","fCalc":0,"fTax":1,"lConcept":6,"lType":0,"fBusiness":0,"dtSerial":"03/16/06 10:27:44","fGlobal":1,"grfFlags":1,"sguid":{"$binary": "e0VGM0UxMDgxLTIyQjUtNEE3NS1BMTBDOUFFMTE0RTcyNERBfQ==", "$type": "00"},"fUpdated":1,"fHidden":0,"fAdvChart":0,"fAdvOvr":0,"fAdvBdgt":0,"fAdvClose":0}
{"hcat":230,"hct":0,"nLevel":2,"hcatParent":221,"szFull":"State/Provincial","fCalc":0,"fTax":1,"lConcept":2,"lType":0,"fBusiness":0,"dtSerial":"07/06/04 13:41:04","fGlobal":1,"grfFlags":2,"sguid":{"$binary": "e0UyOEM1NzUxLUJDNDctNDY0Qi05OUQ2MUYxRjQ4MENFMURBfQ==", "$type": "00"},"fUpdated":1,"fHidden":0,"fAdvChart":0,"fAdvOvr":0,"fAdvBdgt":0,"fAdvClose":0}
{"hcat":231,"hct":0,"nLevel":1,"hcatParent":131,"szFull":"Vacation","fCalc":0,"fTax":0,"lConcept":32,"lType":1,"fBusiness":0,"dtSerial":"03/16/06 10:24:49","fGlobal":0,"grfFlags":0,"sguid":{"$binary": "e0FBNjg5NzQ0LTlDMjgtNEY2OS05M0MyNUI4RjlCNTBBOEY4fQ==", "$type": "00"},"fUpdated":1,"fHidden":0,"fAdvChart":0,"fAdvOvr":0,"fAdvBdgt":0,"fAdvClose":0}
{"hcat":232,"hct":0,"nLevel":2,"hcatParent":231,"szFull":"Lodging","fCalc":0,"fTax":0,"lConcept":32,"lType":1,"fBusiness":0,"dtSerial":"05/24/04 17:44:26","fGlobal":0,"grfFlags":0,"sguid":{"$binary": "ezAyQzZEQjZCLUY4QUYtNDIzMC1CODQyNUJBRjAwOTlDMTRGfQ==", "$type": "00"},"fUpdated":1,"fHidden":0,"fAdvChart":0,"fAdvOvr":0,"fAdvBdgt":0,"fAdvClose":0}
{"hcat":233,"hct":0,"nLevel":2,"hcatParent":231,"szFull":"Travel","fCalc":0,"fTax":0,"lConcept":32,"lType":1,"fBusiness":0,"dtSerial":"05/24/04 17:44:26","fGlobal":0,"grfFlags":0,"sguid":{"$binary": "ezNGRDQyQTBGLUNCRkMtNDgyRC1CMDQwNTIzMTQxQzJBODNBfQ==", "$type": "00"},"fUpdated":1,"fHidden":0,"fAdvChart":0,"fAdvOvr":0,"fAdvBdgt":0,"fAdvClose":0}
{"hcat":234,"hct":0,"nLevel":1,"hcatParent":131,"szFull":"Bank Charges","fCalc":0,"fTax":0,"lConcept":27,"lType":1,"fBusiness":0,"dtSerial":"03/16/06 10:24:49","fGlobal":1,"grfFlags":2,"sguid":{"$binary": "ezM3QkIyQUE5LUE3ODctNEJFQi04RTA0OUIzMjE5RjU3NDQ2fQ==", "$type": "00"},"fUpdated":1,"fHidden":0,"fAdvChart":0,"fAdvOvr":0,"fAdvBdgt":0,"fAdvClose":0}
{"hcat":235,"hct":0,"nLevel":2,"hcatParent":234,"szFull":"Interest Paid","fCalc":0,"fTax":0,"lConcept":27,"lType":1,"fBusiness":0,"dtSerial":"07/06/04 13:41:04","fGlobal":1,"grfFlags":2,"sguid":{"$binary": "ezQ4MzMzNjYzLTMwRDMtNEEzRC04Q0NDRjk1MDVEOTUzRDk3fQ==", "$type": "00"},"fUpdated":1,"fHidden":0,"fAdvChart":0,"fAdvOvr":0,"fAdvBdgt":0,"fAdvClose":0}
{"hcat":236,"hct":0,"nLevel":2,"hcatParent":234,"szFull":"Service Charge","fCalc":0,"fTax":0,"lConcept":27,"lType":1,"fBusiness":0,"dtSerial":"07/06/04 13:41:04","fGlobal":1,"grfFlags":2,"sguid":{"$binary": "ezU0Q0YxQTJELTAwQjgtNDE2QS04NDA2Nzk4MTIxM0E2MzQ3fQ==", "$type": "00"},"fUpdated":1,"fHidden":0,"fAdvChart":0,"fAdvOvr":0,"fAdvBdgt":0,"fAdvClose":0}
{"hcat":237,"hct":0,"nLevel":1,"hcatParent":131,"szFull":"Household","fCalc":0,"fTax":0,"lConcept":33,"lType":0,"fBusiness":0,"dtSerial":"03/16/06 10:24:49","fGlobal":1,"grfFlags":1,"sguid":{"$binary": "ezVDRjEyODA5LTBDRDYtNDAyQi05RjEwMzg5MkE5RTdEODU4fQ==", "$type": "00"},"fUpdated":1,"fHidden":0,"fAdvChart":0,"fAdvOvr":0,"fAdvBdgt":0,"fAdvClose":0}
{"hcat":238,"hct":0,"nLevel":2,"hcatParent":237,"szFull":"Furnishings","fCalc":0,"fTax":0,"lConcept":33,"lType":0,"fBusiness":0,"dtSerial":"07/06/04 13:41:04","fGlobal":1,"grfFlags":2,"sguid":{"$binary": "ezU2QzI0N0ZBLUFBNjUtNEVBRS1BQjZCQzcxMTM5NjlCOUFDfQ==", "$type": "00"},"fUpdated":1,"fHidden":0,"fAdvChart":0,"fAdvOvr":0,"fAdvBdgt":0,"fAdvClose":0}
{"hcat":239,"hct":0,"nLevel":2,"hcatParent":237,"szFull":"House Cleaning","fCalc":0,"fTax":0,"lConcept":33,"lType":0,"fBusiness":0,"dtSerial":"07/06/04 13:41:04","fGlobal":1,"grfFlags":2,"sguid":{"$binary": "ezBEQkI3QjEwLTMzMTItNERCMC05RTg0Q0Y2RDUzQzEzMDk4fQ==", "$type": "00"},"fUpdated":1,"fHidden":0,"fAdvChart":0,"fAdvOvr":0,"fAdvBdgt":0,"fAdvClose":0}
{"hcat":240,"hct":0,"nLevel":2,"hcatParent":237,"szFull":"Yard Service","fCalc":0,"fTax":0,"lConcept":33,"lType":0,"fBusiness":0,"dtSerial":"07/06/04 13:41:04","fGlobal":1,"grfFlags":2,"sguid":{"$binary": "e0NDODEzQjMyLUYzRDYtNDdDNC1BNjFCQUY1QUNCRjExMzEzfQ==", "$type": "00"},"fUpdated":1,"fHidden":0,"fAdvChart":0,"fAdvOvr":0,"fAdvBdgt":0,"fAdvClose":0}
{"hcat":241,"hct":0,"nLevel":1,"hcatParent":131,"szFull":"Personal Care","fCalc":0,"fTax":0,"lConcept":25,"lType":1,"fBusiness":0,"dtSerial":"07/06/04 13:41:04","fGlobal":1,"grfFlags":1,"sguid":{"$binary": "ezJENkYzMTRFLTlGNzgtNEFBNS1CMEExNTdFNkVGQ0JCMjYxfQ==", "$type": "00"},"fUpdated":1,"fHidden":0,"fAdvChart":0,"fAdvOvr":0,"fAdvBdgt":0,"fAdvClose":0}
{"hcat":310,"hct":0,"nLevel":1,"hcatParent":130,"szFull":"Xfer from Deleted Account","fCalc":0,"fTax":1,"lConcept":32778,"lType":3,"fBusiness":0,"dtSerial":"05/24/04 17:44:26","fGlobal":0,"grfFlags":0,"sguid":{"$binary": "e0IyRjg5NDYyLUQ4MzMtNDEyRi1CNzBCQzNDMzNERDc4MTFFfQ==", "$type": "00"},"fUpdated":1,"fHidden":0,"fAdvChart":0,"fAdvOvr":0,"fAdvBdgt":0,"fAdvClose":0}
{"hcat":311,"hct":0,"nLevel":1,"hcatParent":131,"szFull":"Xfer to Deleted Account","fCalc":0,"fTax":1,"lConcept":25,"lType":1,"fBusiness":0,"dtSerial":"05/24/04 17:44:26","fGlobal":0,"grfFlags":0,"sguid":{"$binary": "ezZFOEU4MzZCLTczOTUtNEJEMi04MzdENzdEQzMxNzM5NUY2fQ==", "$type": "00"},"fUpdated":1,"fHidden":0,"fAdvChart":0,"fAdvOvr":0,"fAdvBdgt":0,"fAdvClose":0}
{"hcat":312,"hct":0,"nLevel":1,"hcatParent":130,"szFull":"Not an Expense","fCalc":0,"fTax":0,"lConcept":32778,"lType":3,"fBusiness":0,"dtSerial":"07/06/04 13:41:04","fGlobal":1,"grfFlags":1,"sguid":{"$binary": "ezBEMUM5MTMyLTZGMDYtNDRBRi1BRDE3MjkxNTQzQjBEQzk2fQ==", "$type": "00"},"fUpdated":1,"fHidden":1,"fAdvChart":0,"fAdvOvr":0,"fAdvBdgt":0,"fAdvClose":0}
{"hcat":313,"hct":0,"nLevel":1,"hcatParent":130,"szFull":"Income/Interest","fCalc":0,"fTax":0,"lConcept":32769,"lType":3,"fBusiness":0,"dtSerial":"07/06/04 13:41:04","fGlobal":1,"grfFlags":1,"sguid":{"$binary": "ezIyMjIyMjIyLTIyMjItMjIyMi0yMjIyMjIyMjIyMjIyMjIyfQ==", "$type": "00"},"fUpdated":1,"fHidden":1,"fAdvChart":0,"fAdvOvr":0,"fAdvBdgt":0,"fAdvClose":0}
{"hcat":314,"hct":0,"nLevel":2,"hcatParent":160,"szFull":"Cell Phone","fCalc":0,"fTax":0,"lConcept":18,"lType":0,"fBusiness":0,"dtSerial":"07/06/04 13:41:04","fGlobal":1,"grfFlags":2,"sguid":{"$binary": "e0YzMjAxRTk1LUYwMjEtNDYxNi05QzhBRkFGMjE1MzZERTdGfQ==", "$type": "00"},"fUpdated":1,"fHidden":1,"fAdvChart":0,"fAdvOvr":0,"fAdvBdgt":0,"fAdvClose":0}
{"hcat":315,"hct":0,"nLevel":1,"hcatParent":131,"szFull":"Hobbies/Leisure","fCalc":0,"fTax":0,"lConcept":32,"lType":1,"fBusiness":0,"dtSerial":"07/06/04 13:41:04","fGlobal":1,"grfFlags":1,"sguid":{"$binary": "ezU0MzM1Q0RBLTQyNTUtNDg0OS1CQkYyQ0NFRkEyOTUyQkVGfQ==", "$type": "00"},"fUpdated":1,"fHidden":1,"fAdvChart":0,"fAdvOvr":0,"fAdvBdgt":0,"fAdvClose":0}
{"hcat":316,"hct":0,"nLevel":2,"hcatParent":315,"szFull":"Books & Magazines","fCalc":0,"fTax":0,"lConcept":32,"lType":1,"fBusiness":0,"dtSerial":"07/06/04 13:41:04","fGlobal":1,"grfFlags":2,"sguid":{"$binary": "e0IyNTgzMzlELUVCN0EtNDk3OC05M0ZDNUJFNjZDMzZDREE3fQ==", "$type": "00"},"fUpdated":1,"fHidden":1,"fAdvChart":0,"fAdvOvr":0,"fAdvBdgt":0,"fAdvClose":0}
{"hcat":317,"hct":0,"nLevel":2,"hcatParent":315,"szFull":"Cultural Events","fCalc":0,"fTax":0,"lConcept":32,"lType":1,"fBusiness":0,"dtSerial":"07/06/04 13:41:04","fGlobal":1,"grfFlags":2,"sguid":{"$binary": "e0M0OTVFRDgxLTM1MjQtNDA5RS05MDMxNkYwMzY4NUEzMUNDfQ==", "$type": "00"},"fUpdated":1,"fHidden":1,"fAdvChart":0,"fAdvOvr":0,"fAdvBdgt":0,"fAdvClose":0}
{"hcat":318,"hct":0,"nLevel":2,"hcatParent":315,"szFull":"Entertaining","fCalc":0,"fTax":0,"lConcept":32,"lType":1,"fBusiness":0,"dtSerial":"07/06/04 13:41:04","fGlobal":1,"grfFlags":2,"sguid":{"$binary": "ezdERDcwRkVGLTYwRDUtNDgyNi05Q0VBMEMyNTlENjU0NTc5fQ==", "$type": "00"},"fUpdated":1,"fHidden":1,"fAdvChart":0,"fAdvOvr":0,"fAdvBdgt":0,"fAdvClose":0}
{"hcat":319,"hct":0,"nLevel":2,"hcatParent":315,"szFull":"Movies & Video Rentals","fCalc":0,"fTax":0,"lConcept":32,"lType":1,"fBusiness":0,"dtSerial":"07/06/04 13:41:04","fGlobal":1,"grfFlags":2,"sguid":{"$binary": "ezYwOEIwQjVDLTlFRUItNEZFMC1CRUZFRTk0NkE0MEYwMDEwfQ==", "$type": "00"},"fUpdated":1,"fHidden":1,"fAdvChart":0,"fAdvOvr":0,"fAdvBdgt":0,"fAdvClose":0}
{"hcat":320,"hct":0,"nLevel":2,"hcatParent":315,"szFull":"Sporting Events","fCalc":0,"fTax":0,"lConcept":32,"lType":1,"fBusiness":0,"dtSerial":"07/06/04 13:41:04","fGlobal":1,"grfFlags":2,"sguid":{"$binary": "ezlCQjNBRUI3LTExODEtNDNGQS04MDY0REE3M0FDODRGNEY5fQ==", "$type": "00"},"fUpdated":1,"fHidden":1,"fAdvChart":0,"fAdvOvr":0,"fAdvBdgt":0,"fAdvClose":0}
{"hcat":321,"hct":0,"nLevel":2,"hcatParent":315,"szFull":"Sporting Goods","fCalc":0,"fTax":0,"lConcept":32,"lType":1,"fBusiness":0,"dtSerial":"07/06/04 13:41:04","fGlobal":1,"grfFlags":2,"sguid":{"$binary": "e0UzNTQzNTk1LTMwNTgtNEY3Ri1CQkVENkIzQjQwQUUwQTI3fQ==", "$type": "00"},"fUpdated":1,"fHidden":1,"fAdvChart":0,"fAdvOvr":0,"fAdvBdgt":0,"fAdvClose":0}
{"hcat":322,"hct":0,"nLevel":2,"hcatParent":315,"szFull":"Tapes & CDs","fCalc":0,"fTax":0,"lConcept":32,"lType":1,"fBusiness":0,"dtSerial":"07/06/04 13:41:04","fGlobal":1,"grfFlags":2,"sguid":{"$binary": "ezVFN0MxNzA2LUVCQUItNEM3Mi05N0I3NDE3OEQ2RTJFRkUzfQ==", "$type": "00"},"fUpdated":1,"fHidden":1,"fAdvChart":0,"fAdvOvr":0,"fAdvBdgt":0,"fAdvClose":0}
{"hcat":323,"hct":0,"nLevel":2,"hcatParent":315,"szFull":"Toys & Games","fCalc":0,"fTax":0,"lConcept":32,"lType":1,"fBusiness":0,"dtSerial":"07/06/04 13:41:04","fGlobal":1,"grfFlags":2,"sguid":{"$binary": "ezdGMzZBN0UxLTI1MEYtNEYzMS05NjFGRjlEMDNBNEU5Mjc1fQ==", "$type": "00"},"fUpdated":1,"fHidden":1,"fAdvChart":0,"fAdvOvr":0,"fAdvBdgt":0,"fAdvClose":0}
{"hcat":324,"hct":0,"nLevel":1,"hcatParent":131,"szFull":"Travel/Vacation","fCalc":0,"fTax":0,"lConcept":32,"lType":1,"fBusiness":0,"dtSerial":"07/06/04 13:41:04","fGlobal":1,"grfFlags":1,"sguid":{"$binary": "ezUwODFERjZDLTNFNUYtNDQxRi05ODhGNTgxMjlFNjhGRkI2fQ==", "$type": "00"},"fUpdated":1,"fHidden":1,"fAdvChart":0,"fAdvOvr":0,"fAdvBdgt":0,"fAdvClose":0}
{"hcat":325,"hct":0,"nLevel":2,"hcatParent":324,"szFull":"Lodging","fCalc":0,"fTax":0,"lConcept":32,"lType":1,"fBusiness":0,"dtSerial":"07/06/04 13:41:04","fGlobal":1,"grfFlags":2,"sguid":{"$binary": "ezRDOTJFOTM2LUNFQ0ItNEJDMy05MDBBOTYwOTg2ODlBNzkxfQ==", "$type": "00"},"fUpdated":1,"fHidden":1,"fAdvChart":0,"fAdvOvr":0,"fAdvBdgt":0,"fAdvClose":0}
{"hcat":326,"hct":0,"nLevel":2,"hcatParent":324,"szFull":"Travel","fCalc":0,"fTax":0,"lConcept":32,"lType":1,"fBusiness":0,"dtSerial":"07/06/04 13:41:04","fGlobal":1,"grfFlags":2,"sguid":{"$binary": "ezk0MDQ2RTFFLTg5MUUtNEI1NS1CNTgxMzMxMjA2NkE4NTQ2fQ==", "$type": "00"},"fUpdated":1,"fHidden":1,"fAdvChart":0,"fAdvOvr":0,"fAdvBdgt":0,"fAdvClose":0}
{"hcat":327,"hct":0,"nLevel":1,"hcatParent":131,"szFull":"Credit Card Payments/Transfers","fCalc":0,"fTax":0,"lConcept":25,"lType":1,"fBusiness":0,"dtSerial":"07/06/04 13:41:04","fGlobal":1,"grfFlags":1,"sguid":{"$binary": "ezExMTExMTExLTExMTEtMTExMS0xMTExMTExMTExMTExMTExfQ==", "$type": "00"},"fUpdated":1,"fHidden":1,"fAdvChart":0,"fAdvOvr":0,"fAdvBdgt":0,"fAdvClose":0}
{"hcat":328,"hct":0,"nLevel":1,"hcatParent":131,"szFull":"Home Improvement","fCalc":0,"fTax":0,"lConcept":25,"lType":1,"fBusiness":0,"dtSerial":"07/06/04 13:41:04","fGlobal":1,"grfFlags":1,"sguid":{"$binary": "ezVCNzVGQ0IxLUVBMkMtNDhERS1BN0ZFNEMwN0NDRDA3MTJEfQ==", "$type": "00"},"fUpdated":1,"fHidden":1,"fAdvChart":0,"fAdvOvr":0,"fAdvBdgt":0,"fAdvClose":0}
{"hcat":329,"hct":0,"nLevel":1,"hcatParent":131,"szFull":"Mortgage/Rent","fCalc":0,"fTax":0,"lConcept":17,"lType":0,"fBusiness":0,"dtSerial":"07/06/04 13:41:04","fGlobal":1,"grfFlags":1,"sguid":{"$binary": "ezAxMDQ5ODU4LUUzOTMtNDY0MC1BMzIzMDUxNUUwNjkxMDUzfQ==", "$type": "00"},"fUpdated":1,"fHidden":1,"fAdvChart":0,"fAdvOvr":0,"fAdvBdgt":0,"fAdvClose":0}
{"hcat":330,"hct":0,"nLevel":1,"hcatParent":131,"szFull":"Phone/Wireless","fCalc":0,"fTax":0,"lConcept":18,"lType":0,"fBusiness":0,"dtSerial":"07/06/04 13:41:04","fGlobal":1,"grfFlags":1,"sguid":{"$binary": "e0FBMzBFMTU4LTlFNkMtNDA1Ny04RUFBQTNFMkI0REZBNjYyfQ==", "$type": "00"},"fUpdated":1,"fHidden":1,"fAdvChart":0,"fAdvOvr":0,"fAdvBdgt":0,"fAdvClose":0}
{"hcat":331,"hct":0,"nLevel":1,"hcatParent":131,"szFull":"Services/Memberships","fCalc":0,"fTax":0,"lConcept":25,"lType":1,"fBusiness":0,"dtSerial":"07/06/04 13:41:04","fGlobal":1,"grfFlags":1,"sguid":{"$binary": "e0U1QTIzOUY4LTA4NUYtNDNFQS1CMUQxRTQ3N0QyN0ZFRjZCfQ==", "$type": "00"},"fUpdated":1,"fHidden":1,"fAdvChart":0,"fAdvOvr":0,"fAdvBdgt":0,"fAdvClose":0}
{"hcat":332,"hct":0,"nLevel":1,"hcatParent":131,"szFull":"Utilities","fCalc":0,"fTax":0,"lConcept":35,"lType":0,"fBusiness":0,"dtSerial":"07/06/04 13:41:04","fGlobal":1,"grfFlags":1,"sguid":{"$binary": "ezhFNTRFQzgxLUJGRTItNEEwNy04MUNBRDAxM0YwNDUyQTc3fQ==", "$type": "00"},"fUpdated":1,"fHidden":1,"fAdvChart":0,"fAdvOvr":0,"fAdvBdgt":0,"fAdvClose":0}
{"hcat":333,"hct":0,"nLevel":1,"hcatParent":131,"szFull":"Fees","fCalc":0,"fTax":0,"lConcept":27,"lType":1,"fBusiness":0,"dtSerial":"07/06/04 13:41:04","fGlobal":1,"grfFlags":1,"sguid":{"$binary": "e0E3REQ0MjlFLUUxQkMtNEExRS1BNkUzMEZDMDI0N0ZENDA1fQ==", "$type": "00"},"fUpdated":1,"fHidden":1,"fAdvChart":0,"fAdvOvr":0,"fAdvBdgt":0,"fAdvClose":0}
{"hcat":334,"hct":0,"nLevel":1,"hcatParent":131,"szFull":"Children/Toys","fCalc":0,"fTax":0,"lConcept":24,"lType":0,"fBusiness":0,"dtSerial":"07/06/04 13:41:04","fGlobal":1,"grfFlags":1,"sguid":{"$binary": "e0ExOEM5RUY2LTBFQzctNDlBRC1CMjJFM0NCOENEMjVGNEZDfQ==", "$type": "00"},"fUpdated":1,"fHidden":1,"fAdvChart":0,"fAdvOvr":0,"fAdvBdgt":0,"fAdvClose":0}
{"hcat":335,"hct":0,"nLevel":2,"hcatParent":334,"szFull":"Child Support","fCalc":0,"fTax":0,"lConcept":24,"lType":0,"fBusiness":0,"dtSerial":"07/06/04 13:41:04","fGlobal":1,"grfFlags":2,"sguid":{"$binary": "e0QxNDA0OTYyLTJCRjEtNDZCOC1CRkQyRjAwNjcxODc0MTZFfQ==", "$type": "00"},"fUpdated":1,"fHidden":1,"fAdvChart":0,"fAdvOvr":0,"fAdvBdgt":0,"fAdvClose":0}
{"hcat":336,"hct":0,"nLevel":2,"hcatParent":334,"szFull":"Daycare","fCalc":0,"fTax":0,"lConcept":24,"lType":0,"fBusiness":0,"dtSerial":"07/06/04 13:41:04","fGlobal":1,"grfFlags":2,"sguid":{"$binary": "ezA1NDA5OUJGLUJEQjAtNDE1OS04MTdDN0M3MkI1OTkxRjIxfQ==", "$type": "00"},"fUpdated":1,"fHidden":1,"fAdvChart":0,"fAdvOvr":0,"fAdvBdgt":0,"fAdvClose":0}
{"hcat":337,"hct":0,"nLevel":1,"hcatParent":131,"szFull":"Entertainment","fCalc":0,"fTax":0,"lConcept":32,"lType":1,"fBusiness":0,"dtSerial":"07/06/04 13:41:04","fGlobal":1,"grfFlags":1,"sguid":{"$binary": "e0ZCNDc1RDM3LUFDMUEtNEJDRS04RTlFQkI5MjcyQTExRTIyfQ==", "$type": "00"},"fUpdated":1,"fHidden":1,"fAdvChart":0,"fAdvOvr":0,"fAdvBdgt":0,"fAdvClose":0}
{"hcat":338,"hct":0,"nLevel":1,"hcatParent":131,"szFull":"Dining Out","fCalc":0,"fTax":0,"lConcept":30,"lType":1,"fBusiness":0,"dtSerial":"05/23/06 15:36:04","fGlobal":1,"grfFlags":1,"sguid":{"$binary": "ezkyOUQyQTY5LUI4OUYtNEIyRi1CRDBFN0M1QTE4Q0JCOTREfQ==", "$type": "00"},"fUpdated":1,"fHidden":0,"fAdvChart":1,"fAdvOvr":0,"fAdvBdgt":1,"fAdvClose":0}
{"hcat":339,"hct":0,"nLevel":1,"hcatParent":131,"szFull":"Groceries","fCalc":0,"fTax":0,"lConcept":34,"lType":0,"fBusiness":0,"dtSerial":"05/23/06 15:36:04","fGlobal":1,"grfFlags":1,"sguid":{"$binary": "e0ZGREQxQkY5LTQ0NEEtNDNGQS1BQzFDMTNCQkJCRUIxOTlBfQ==", "$type": "00"},"fUpdated":1,"fHidden":0,"fAdvChart":1,"fAdvOvr":0,"fAdvBdgt":1,"fAdvClose":0}
{"hcat":340,"hct":0,"nLevel":1,"hcatParent":131,"szFull":"Alimony","fCalc":0,"fTax":1,"lConcept":12,"lType":0,"fBusiness":0,"dtSerial":"07/06/04 13:41:05","fGlobal":1,"grfFlags":2,"sguid":{"$binary": "ezYxN0QzMjFELTlBMTktNDgyQy1CQjJFNUQyMTZGNDRCNDgyfQ==", "$type": "00"},"fUpdated":1,"fHidden":1,"fAdvChart":0,"fAdvOvr":0,"fAdvBdgt":0,"fAdvClose":0}
