{"ceobjt":-4000,"lHobj":39,"ceoId":39}
{"ceobjt":-4000,"lHobj":42,"ceoId":42}
{"ceobjt":-4000,"lHobj":63,"ceoId":63}
{"ceobjt":-4000,"lHobj":68,"ceoId":68}
{"ceobjt":-4021,"lHobj":2,"ceoId":2}
{"ceobjt":-4021,"lHobj":1,"ceoId":1}
{"ceobjt":-4021,"lHobj":19,"ceoId":19}
{"ceobjt":-4021,"lHobj":90,"ceoId":90}
{"ceobjt":-4021,"lHobj":104,"ceoId":104}
{"ceobjt":-4021,"lHobj":100,"ceoId":100}
{"ceobjt":-4021,"lHobj":99,"ceoId":99}
{"ceobjt":-4021,"lHobj":126,"ceoId":126}
{"ceobjt":-4021,"lHobj":122,"ceoId":122}
{"ceobjt":-4021,"lHobj":120,"ceoId":120}
{"ceobjt":-4021,"lHobj":119,"ceoId":119}
{"ceobjt":-4021,"lHobj":117,"ceoId":117}
{"ceobjt":-4005,"lHobj":310,"ceoId":310}
{"ceobjt":-4005,"lHobj":311,"ceoId":311}
{"ceobjt":-4005,"lHobj":143,"ceoId":143}
{"ceobjt":-4005,"lHobj":142,"ceoId":142}
{"ceobjt":-4005,"lHobj":141,"ceoId":141}
{"ceobjt":-4005,"lHobj":140,"ceoId":140}
{"ceobjt":-4005,"lHobj":139,"ceoId":139}
{"ceobjt":-4005,"lHobj":138,"ceoId":138}
{"ceobjt":-4005,"lHobj":137,"ceoId":137}
{"ceobjt":-4005,"lHobj":136,"ceoId":136}
{"ceobjt":-4005,"lHobj":134,"ceoId":134}
{"ceobjt":-4005,"lHobj":133,"ceoId":133}
{"ceobjt":-4005,"lHobj":135,"ceoId":135}
{"ceobjt":-4005,"lHobj":132,"ceoId":132}
{"ceobjt":-4005,"lHobj":155,"ceoId":155}
{"ceobjt":-4005,"lHobj":154,"ceoId":154}
{"ceobjt":-4005,"lHobj":153,"ceoId":153}
{"ceobjt":-4005,"lHobj":152,"ceoId":152}
{"ceobjt":-4005,"lHobj":151,"ceoId":151}
{"ceobjt":-4005,"lHobj":150,"ceoId":150}
{"ceobjt":-4005,"lHobj":149,"ceoId":149}
{"ceobjt":-4005,"lHobj":148,"ceoId":148}
{"ceobjt":-4005,"lHobj":147,"ceoId":147}
{"ceobjt":-4005,"lHobj":146,"ceoId":146}
{"ceobjt":-4005,"lHobj":145,"ceoId":145}
{"ceobjt":-4005,"lHobj":144,"ceoId":144}
{"ceobjt":-4005,"lHobj":158,"ceoId":158}
{"ceobjt":-4005,"lHobj":157,"ceoId":157}
{"ceobjt":-4005,"lHobj":159,"ceoId":159}
{"ceobjt":-4005,"lHobj":156,"ceoId":156}
{"ceobjt":-4005,"lHobj":168,"ceoId":168}
{"ceobjt":-4005,"lHobj":167,"ceoId":167}
{"ceobjt":-4005,"lHobj":166,"ceoId":166}
{"ceobjt":-4005,"lHobj":175,"ceoId":175}
{"ceobjt":-4005,"lHobj":169,"ceoId":169}
{"ceobjt":-4005,"lHobj":173,"ceoId":173}
{"ceobjt":-4005,"lHobj":165,"ceoId":165}
{"ceobjt":-4005,"lHobj":174,"ceoId":174}
{"ceobjt":-4005,"lHobj":171,"ceoId":171}
{"ceobjt":-4005,"lHobj":164,"ceoId":164}
{"ceobjt":-4005,"lHobj":170,"ceoId":170}
{"ceobjt":-4005,"lHobj":163,"ceoId":163}
{"ceobjt":-4005,"lHobj":162,"ceoId":162}
{"ceobjt":-4005,"lHobj":172,"ceoId":172}
{"ceobjt":-4005,"lHobj":161,"ceoId":161}
{"ceobjt":-4005,"lHobj":160,"ceoId":160}
{"ceobjt":-4005,"lHobj":191,"ceoId":191}
{"ceobjt":-4005,"lHobj":190,"ceoId":190}
{"ceobjt":-4005,"lHobj":189,"ceoId":189}
{"ceobjt":-4005,"lHobj":188,"ceoId":188}
{"ceobjt":-4005,"lHobj":187,"ceoId":187}
{"ceobjt":-4005,"lHobj":186,"ceoId":186}
{"ceobjt":-4005,"lHobj":185,"ceoId":185}
{"ceobjt":-4005,"lHobj":184,"ceoId":184}
{"ceobjt":-4005,"lHobj":183,"ceoId":183}
{"ceobjt":-4005,"lHobj":182,"ceoId":182}
{"ceobjt":-4005,"lHobj":181,"ceoId":181}
{"ceobjt":-4005,"lHobj":180,"ceoId":180}
{"ceobjt":-4005,"lHobj":179,"ceoId":179}
{"ceobjt":-4005,"lHobj":178,"ceoId":178}
{"ceobjt":-4005,"lHobj":177,"ceoId":177}
{"ceobjt":-4005,"lHobj":176,"ceoId":176}
{"ceobjt":-4005,"lHobj":207,"ceoId":207}
{"ceobjt":-4005,"lHobj":206,"ceoId":206}
{"ceobjt":-4005,"lHobj":205,"ceoId":205}
{"ceobjt":-4005,"lHobj":204,"ceoId":204}
{"ceobjt":-4005,"lHobj":203,"ceoId":203}
{"ceobjt":-4005,"lHobj":202,"ceoId":202}
{"ceobjt":-4005,"lHobj":201,"ceoId":201}
{"ceobjt":-4005,"lHobj":200,"ceoId":200}
{"ceobjt":-4005,"lHobj":199,"ceoId":199}
{"ceobjt":-4005,"lHobj":198,"ceoId":198}
{"ceobjt":-4005,"lHobj":197,"ceoId":197}
{"ceobjt":-4005,"lHobj":196,"ceoId":196}
{"ceobjt":-4005,"lHobj":195,"ceoId":195}
{"ceobjt":-4005,"lHobj":194,"ceoId":194}
{"ceobjt":-4005,"lHobj":193,"ceoId":193}
{"ceobjt":-4005,"lHobj":192,"ceoId":192}
{"ceobjt":-4005,"lHobj":223,"ceoId":223}
{"ceobjt":-4005,"lHobj":222,"ceoId":222}
{"ceobjt":-4005,"lHobj":221,"ceoId":221}
{"ceobjt":-4005,"lHobj":220,"ceoId":220}
{"ceobjt":-4005,"lHobj":219,"ceoId":219}
{"ceobjt":-4005,"lHobj":218,"ceoId":218}
{"ceobjt":-4005,"lHobj":217,"ceoId":217}
{"ceobjt":-4005,"lHobj":216,"ceoId":216}
{"ceobjt":-4005,"lHobj":215,"ceoId":215}
{"ceobjt":-4005,"lHobj":213,"ceoId":213}
{"ceobjt":-4005,"lHobj":214,"ceoId":214}
{"ceobjt":-4005,"lHobj":212,"ceoId":212}
{"ceobjt":-4005,"lHobj":211,"ceoId":211}
{"ceobjt":-4005,"lHobj":210,"ceoId":210}
{"ceobjt":-4005,"lHobj":209,"ceoId":209}
{"ceobjt":-4005,"lHobj":208,"ceoId":208}
{"ceobjt":-4005,"lHobj":233,"ceoId":233}
{"ceobjt":-4005,"lHobj":232,"ceoId":232}
{"ceobjt":-4005,"lHobj":231,"ceoId":231}
{"ceobjt":-4005,"lHobj":230,"ceoId":230}
{"ceobjt":-4005,"lHobj":228,"ceoId":228}
{"ceobjt":-4005,"lHobj":227,"ceoId":227}
{"ceobjt":-4005,"lHobj":226,"ceoId":226}
{"ceobjt":-4005,"lHobj":225,"ceoId":225}
{"ceobjt":-4005,"lHobj":229,"ceoId":229}
{"ceobjt":-4005,"lHobj":224,"ceoId":224}
{"ceobjt":-4005,"lHobj":239,"ceoId":239}
{"ceobjt":-4005,"lHobj":238,"ceoId":238}
{"ceobjt":-4005,"lHobj":237,"ceoId":237}
{"ceobjt":-4005,"lHobj":236,"ceoId":236}
{"ceobjt":-4005,"lHobj":235,"ceoId":235}
{"ceobjt":-4005,"lHobj":234,"ceoId":234}
{"ceobjt":-4005,"lHobj":241,"ceoId":241}
{"ceobjt":-4005,"lHobj":240,"ceoId":240}
{"ceobjt":-4028,"lHobj":60,"ceoId":60}
{"ceobjt":-4028,"lHobj":59,"ceoId":59}
{"ceobjt":-4028,"lHobj":56,"ceoId":56}
{"ceobjt":-4028,"lHobj":58,"ceoId":58}
{"ceobjt":-4028,"lHobj":69,"ceoId":69}
{"ceobjt":-4028,"lHobj":78,"ceoId":78}
{"ceobjt":-4028,"lHobj":77,"ceoId":77}
{"ceobjt":-4028,"lHobj":91,"ceoId":91}
{"ceobjt":-4028,"lHobj":90,"ceoId":90}
{"ceobjt":-4028,"lHobj":87,"ceoId":87}
{"ceobjt":-4028,"lHobj":92,"ceoId":92}
{"ceobjt":-4028,"lHobj":89,"ceoId":89}
{"ceobjt":-4028,"lHobj":88,"ceoId":88}
{"ceobjt":-4028,"lHobj":93,"ceoId":93}
{"ceobjt":-4028,"lHobj":108,"ceoId":108}
{"ceobjt":-4028,"lHobj":98,"ceoId":98}
{"ceobjt":-4028,"lHobj":112,"ceoId":112}
{"ceobjt":-4036,"lHobj":1927,"ceoId":1927}
{"ceobjt":-4036,"lHobj":1929,"ceoId":1929}
{"ceobjt":-4036,"lHobj":1931,"ceoId":1931}
{"ceobjt":-4036,"lHobj":2239,"ceoId":2239}
{"ceobjt":-4036,"lHobj":2238,"ceoId":2238}
{"ceobjt":-4036,"lHobj":2237,"ceoId":2237}
{"ceobjt":-4036,"lHobj":2236,"ceoId":2236}
{"ceobjt":-4036,"lHobj":2235,"ceoId":2235}
{"ceobjt":-4036,"lHobj":2234,"ceoId":2234}
{"ceobjt":-4036,"lHobj":2232,"ceoId":2232}
{"ceobjt":-4036,"lHobj":2240,"ceoId":2240}
{"ceobjt":-4036,"lHobj":1997,"ceoId":1993}
{"ceobjt":-4036,"lHobj":2056,"ceoId":1900}
{"ceobjt":-4036,"lHobj":2076,"ceoId":2076}
{"ceobjt":-4036,"lHobj":2079,"ceoId":2078}
{"ceobjt":-4036,"lHobj":2074,"ceoId":2074}
{"ceobjt":-4036,"lHobj":2072,"ceoId":2072}
{"ceobjt":-4036,"lHobj":2379,"ceoId":2379}
{"ceobjt":-4036,"lHobj":1870,"ceoId":1870}
{"ceobjt":-4036,"lHobj":1872,"ceoId":1873}
{"ceobjt":-4036,"lHobj":1993,"ceoId":-1}
