{"hcntry":1,"szFull":"Argentina","szCode":"AR","hcrncDef":1,"fEuroConvertible":0,"fEuroConverted":0,"fOnlineEnabled":1,"dtSerial":"04/20/07 10:33:24"}
{"hcntry":2,"szFull":"Austria","szCode":"AT","hcrncDef":44,"fEuroConvertible":1,"fEuroConverted":1,"fOnlineEnabled":1,"dtSerial":"04/20/07 10:33:24"}
{"hcntry":3,"szFull":"Australia","szCode":"AU","hcrncDef":2,"fEuroConvertible":0,"fEuroConverted":0,"fOnlineEnabled":1,"dtSerial":"04/20/07 10:33:24"}
{"hcntry":4,"szFull":"Belgium","szCode":"BE","hcrncDef":44,"fEuroConvertible":1,"fEuroConverted":1,"fOnlineEnabled":1,"dtSerial":"04/20/07 10:33:24"}
{"hcntry":5,"szFull":"Bolivia","szCode":"BO","hcrncDef":5,"fEuroConvertible":0,"fEuroConverted":0,"fOnlineEnabled":1,"dtSerial":"04/20/07 10:33:24"}
{"hcntry":6,"szFull":"Brazil","szCode":"BR","hcrncDef":6,"fEuroConvertible":0,"fEuroConverted":0,"fOnlineEnabled":1,"dtSerial":"04/20/07 10:33:24"}
{"hcntry":7,"szFull":"Canada","szCode":"CA","hcrncDef":7,"fEuroConvertible":0,"fEuroConverted":0,"fOnlineEnabled":1,"dtSerial":"04/20/07 10:33:24"}
{"hcntry":8,"szFull":"Switzerland","szCode":"CH","hcrncDef":8,"fEuroConvertible":0,"fEuroConverted":0,"fOnlineEnabled":1,"dtSerial":"04/20/07 10:33:24"}
{"hcntry":9,"szFull":"Chile","szCode":"CL","hcrncDef":9,"fEuroConvertible":0,"fEuroConverted":0,"fOnlineEnabled":1,"dtSerial":"04/20/07 10:33:24"}
{"hcntry":10,"szFull":"China","szCode":"CN","hcrncDef":10,"fEuroConvertible":0,"fEuroConverted":0,"fOnlineEnabled":1,"dtSerial":"04/20/07 10:33:24"}
{"hcntry":11,"szFull":"Colombia","szCode":"CO","hcrncDef":11,"fEuroConvertible":0,"fEuroConverted":0,"fOnlineEnabled":1,"dtSerial":"04/20/07 10:33:24"}
{"hcntry":12,"szFull":"Czech Republic","szCode":"CZ","hcrncDef":12,"fEuroConvertible":0,"fEuroConverted":0,"fOnlineEnabled":1,"dtSerial":"04/20/07 10:33:24"}
{"hcntry":13,"szFull":"Germany","szCode":"DE","hcrncDef":44,"fEuroConvertible":1,"fEuroConverted":1,"fOnlineEnabled":1,"dtSerial":"04/20/07 10:33:24"}
{"hcntry":14,"szFull":"Denmark","szCode":"DK","hcrncDef":14,"fEuroConvertible":0,"fEuroConverted":0,"fOnlineEnabled":1,"dtSerial":"04/20/07 10:33:24"}
{"hcntry":15,"szFull":"Ecuador","szCode":"EC","hcrncDef":15,"fEuroConvertible":0,"fEuroConverted":0,"fOnlineEnabled":1,"dtSerial":"04/20/07 10:33:24"}
{"hcntry":16,"szFull":"Spain","szCode":"ES","hcrncDef":44,"fEuroConvertible":1,"fEuroConverted":1,"fOnlineEnabled":1,"dtSerial":"04/20/07 10:33:24"}
{"hcntry":17,"szFull":"Finland","szCode":"FI","hcrncDef":44,"fEuroConvertible":1,"fEuroConverted":1,"fOnlineEnabled":1,"dtSerial":"04/20/07 10:33:24"}
{"hcntry":18,"szFull":"France","szCode":"FR","hcrncDef":44,"fEuroConvertible":1,"fEuroConverted":1,"fOnlineEnabled":1,"dtSerial":"04/20/07 10:33:24"}
{"hcntry":19,"szFull":"Great Britain","szCode":"GB","hcrncDef":18,"fEuroConvertible":0,"fEuroConverted":0,"fOnlineEnabled":1,"dtSerial":"04/20/07 10:33:24"}
{"hcntry":20,"szFull":"Greece","szCode":"GR","hcrncDef":44,"fEuroConvertible":1,"fEuroConverted":1,"fOnlineEnabled":1,"dtSerial":"04/20/07 10:33:24"}
{"hcntry":21,"szFull":"Hong Kong (SAR)","szCode":"HK","hcrncDef":20,"fEuroConvertible":0,"fEuroConverted":0,"fOnlineEnabled":1,"dtSerial":"04/20/07 10:33:24"}
{"hcntry":22,"szFull":"Hungary","szCode":"HU","hcrncDef":21,"fEuroConvertible":0,"fEuroConverted":0,"fOnlineEnabled":1,"dtSerial":"04/20/07 10:33:24"}
{"hcntry":23,"szFull":"Indonesia","szCode":"ID","hcrncDef":22,"fEuroConvertible":0,"fEuroConverted":0,"fOnlineEnabled":1,"dtSerial":"04/20/07 10:33:24"}
{"hcntry":24,"szFull":"Ireland","szCode":"IE","hcrncDef":44,"fEuroConvertible":1,"fEuroConverted":1,"fOnlineEnabled":1,"dtSerial":"04/20/07 10:33:24"}
{"hcntry":25,"szFull":"Italy","szCode":"IT","hcrncDef":44,"fEuroConvertible":1,"fEuroConverted":1,"fOnlineEnabled":1,"dtSerial":"04/20/07 10:33:24"}
{"hcntry":26,"szFull":"Japan","szCode":"JP","hcrncDef":25,"fEuroConvertible":0,"fEuroConverted":0,"fOnlineEnabled":1,"dtSerial":"04/20/07 10:33:24"}
{"hcntry":27,"szFull":"Republic of Korea","szCode":"KR","hcrncDef":26,"fEuroConvertible":0,"fEuroConverted":0,"fOnlineEnabled":1,"dtSerial":"04/20/07 10:33:24"}
{"hcntry":28,"szFull":"Luxembourg","szCode":"LU","hcrncDef":44,"fEuroConvertible":1,"fEuroConverted":1,"fOnlineEnabled":1,"dtSerial":"04/20/07 10:33:24"}
{"hcntry":29,"szFull":"Mexico","szCode":"MX","hcrncDef":28,"fEuroConvertible":0,"fEuroConverted":0,"fOnlineEnabled":1,"dtSerial":"04/20/07 10:33:24"}
{"hcntry":30,"szFull":"Netherlands","szCode":"NL","hcrncDef":44,"fEuroConvertible":1,"fEuroConverted":1,"fOnlineEnabled":1,"dtSerial":"04/20/07 10:33:24"}
{"hcntry":31,"szFull":"Norway","szCode":"NO","hcrncDef":31,"fEuroConvertible":0,"fEuroConverted":0,"fOnlineEnabled":1,"dtSerial":"04/20/07 10:33:24"}
{"hcntry":32,"szFull":"New Zealand","szCode":"NZ","hcrncDef":30,"fEuroConvertible":0,"fEuroConverted":0,"fOnlineEnabled":1,"dtSerial":"04/20/07 10:33:24"}
{"hcntry":33,"szFull":"Peru","szCode":"PE","hcrncDef":32,"fEuroConvertible":0,"fEuroConverted":0,"fOnlineEnabled":1,"dtSerial":"04/20/07 10:33:24"}
{"hcntry":34,"szFull":"Philippines","szCode":"PH","hcrncDef":33,"fEuroConvertible":0,"fEuroConverted":0,"fOnlineEnabled":1,"dtSerial":"04/20/07 10:33:24"}
{"hcntry":35,"szFull":"Poland","szCode":"PL","hcrncDef":34,"fEuroConvertible":0,"fEuroConverted":0,"fOnlineEnabled":0,"dtSerial":"04/20/07 10:33:24"}
{"hcntry":36,"szFull":"Portugal","szCode":"PT","hcrncDef":44,"fEuroConvertible":1,"fEuroConverted":1,"fOnlineEnabled":1,"dtSerial":"04/20/07 10:33:24"}
{"hcntry":37,"szFull":"Russia","szCode":"RU","hcrncDef":36,"fEuroConvertible":0,"fEuroConverted":0,"fOnlineEnabled":0,"dtSerial":"04/20/07 10:33:24"}
{"hcntry":38,"szFull":"Sweden","szCode":"SE","hcrncDef":38,"fEuroConvertible":0,"fEuroConverted":0,"fOnlineEnabled":1,"dtSerial":"04/20/07 10:33:24"}
{"hcntry":39,"szFull":"Singapore","szCode":"SG","hcrncDef":39,"fEuroConvertible":0,"fEuroConverted":0,"fOnlineEnabled":1,"dtSerial":"04/20/07 10:33:24"}
{"hcntry":40,"szFull":"Thailand","szCode":"TH","hcrncDef":40,"fEuroConvertible":0,"fEuroConverted":0,"fOnlineEnabled":1,"dtSerial":"04/20/07 10:33:24"}
{"hcntry":41,"szFull":"Taiwan","szCode":"TW","hcrncDef":41,"fEuroConvertible":0,"fEuroConverted":0,"fOnlineEnabled":1,"dtSerial":"04/20/07 10:33:24"}
{"hcntry":42,"szFull":"Venezuela","szCode":"VE","hcrncDef":42,"fEuroConvertible":0,"fEuroConverted":0,"fOnlineEnabled":1,"dtSerial":"04/20/07 10:33:24"}
{"hcntry":43,"szFull":"United States","szCode":"US","hcrncDef":45,"fEuroConvertible":0,"fEuroConverted":0,"fOnlineEnabled":1,"dtSerial":"04/20/07 10:33:24"}
{"hcntry":44,"szFull":"South Africa","szCode":"ZA","hcrncDef":43,"fEuroConvertible":0,"fEuroConverted":0,"fOnlineEnabled":1,"dtSerial":"04/20/07 10:33:24"}
{"hcntry":45,"szFull":"Guatemala","szCode":"GT","hcrncDef":46,"fEuroConvertible":0,"fEuroConverted":0,"fOnlineEnabled":1,"dtSerial":"04/20/07 10:33:24"}
{"hcntry":46,"szFull":"Morocco","szCode":"MA","hcrncDef":47,"fEuroConvertible":0,"fEuroConverted":0,"fOnlineEnabled":1,"dtSerial":"04/20/07 10:33:24"}
{"hcntry":47,"szFull":"Tunisia","szCode":"TN","hcrncDef":48,"fEuroConvertible":0,"fEuroConverted":0,"fOnlineEnabled":1,"dtSerial":"04/20/07 10:33:24"}
{"hcntry":48,"szFull":"Algeria","szCode":"DZ","hcrncDef":49,"fEuroConvertible":0,"fEuroConverted":0,"fOnlineEnabled":1,"dtSerial":"04/20/07 10:33:24"}
{"hcntry":49,"szFull":"Turkey","szCode":"TR","hcrncDef":50,"fEuroConvertible":0,"fEuroConverted":0,"fOnlineEnabled":1,"dtSerial":"04/20/07 10:33:24"}
{"hcntry":50,"szFull":"Israel","szCode":"IL","hcrncDef":51,"fEuroConvertible":0,"fEuroConverted":0,"fOnlineEnabled":1,"dtSerial":"04/20/07 10:33:24"}
{"hcntry":51,"szFull":"Malaysia","szCode":"MY","hcrncDef":52,"fEuroConvertible":0,"fEuroConverted":0,"fOnlineEnabled":1,"dtSerial":"04/20/07 10:33:24"}
{"hcntry":52,"szFull":"Botswana","szCode":"BW","hcrncDef":53,"fEuroConvertible":0,"fEuroConverted":0,"fOnlineEnabled":1,"dtSerial":"04/20/07 10:33:24"}
{"hcntry":53,"szFull":"Ghana","szCode":"GH","hcrncDef":54,"fEuroConvertible":0,"fEuroConverted":0,"fOnlineEnabled":1,"dtSerial":"04/20/07 10:33:24"}
{"hcntry":54,"szFull":"Kenya","szCode":"KE","hcrncDef":55,"fEuroConvertible":0,"fEuroConverted":0,"fOnlineEnabled":1,"dtSerial":"04/20/07 10:33:24"}
{"hcntry":55,"szFull":"Namibia","szCode":"NA","hcrncDef":56,"fEuroConvertible":0,"fEuroConverted":0,"fOnlineEnabled":1,"dtSerial":"04/20/07 10:33:24"}
{"hcntry":56,"szFull":"Zimbabwe","szCode":"ZW","hcrncDef":57,"fEuroConvertible":0,"fEuroConverted":0,"fOnlineEnabled":1,"dtSerial":"04/20/07 10:33:24"}
{"hcntry":57,"szFull":"Bahrain","szCode":"BH","hcrncDef":58,"fEuroConvertible":0,"fEuroConverted":0,"fOnlineEnabled":1,"dtSerial":"04/20/07 10:33:24"}
{"hcntry":58,"szFull":"Jordan","szCode":"JO","hcrncDef":59,"fEuroConvertible":0,"fEuroConverted":0,"fOnlineEnabled":1,"dtSerial":"04/20/07 10:33:24"}
{"hcntry":59,"szFull":"Kuwait","szCode":"KW","hcrncDef":60,"fEuroConvertible":0,"fEuroConverted":0,"fOnlineEnabled":1,"dtSerial":"04/20/07 10:33:24"}
{"hcntry":60,"szFull":"Oman","szCode":"OM","hcrncDef":61,"fEuroConvertible":0,"fEuroConverted":0,"fOnlineEnabled":1,"dtSerial":"04/20/07 10:33:24"}
{"hcntry":61,"szFull":"Pakistan","szCode":"PK","hcrncDef":62,"fEuroConvertible":0,"fEuroConverted":0,"fOnlineEnabled":1,"dtSerial":"04/20/07 10:33:24"}
{"hcntry":62,"szFull":"Qatar","szCode":"QA","hcrncDef":63,"fEuroConvertible":0,"fEuroConverted":0,"fOnlineEnabled":1,"dtSerial":"04/20/07 10:33:24"}
{"hcntry":63,"szFull":"Saudi Arabia","szCode":"SA","hcrncDef":64,"fEuroConvertible":0,"fEuroConverted":0,"fOnlineEnabled":1,"dtSerial":"04/20/07 10:33:24"}
{"hcntry":64,"szFull":"UAE","szCode":"AE","hcrncDef":65,"fEuroConvertible":0,"fEuroConverted":0,"fOnlineEnabled":1,"dtSerial":"04/20/07 10:33:24"}
{"hcntry":65,"szFull":"Vietnam","szCode":"VN","hcrncDef":66,"fEuroConvertible":0,"fEuroConverted":0,"fOnlineEnabled":1,"dtSerial":"04/20/07 10:33:24"}
{"hcntry":66,"szFull":"India","szCode":"IN","hcrncDef":67,"fEuroConvertible":0,"fEuroConverted":0,"fOnlineEnabled":1,"dtSerial":"04/20/07 10:33:24"}
{"hcntry":67,"szFull":"Cyprus","szCode":"CY","hcrncDef":68,"fEuroConvertible":0,"fEuroConverted":0,"fOnlineEnabled":1,"dtSerial":"04/20/07 10:33:24"}
{"hcntry":68,"szFull":"Tanzania","szCode":"TZ","hcrncDef":69,"fEuroConvertible":0,"fEuroConverted":0,"fOnlineEnabled":1,"dtSerial":"04/20/07 10:33:24"}
{"hcntry":69,"szFull":"Lebanon","szCode":"LB","hcrncDef":70,"fEuroConvertible":0,"fEuroConverted":0,"fOnlineEnabled":1,"dtSerial":"04/20/07 10:33:24"}
{"hcntry":70,"szFull":"Estonia","szCode":"EE","hcrncDef":71,"fEuroConvertible":0,"fEuroConverted":0,"fOnlineEnabled":1,"dtSerial":"04/20/07 10:33:24"}
{"hcntry":71,"szFull":"Latvia","szCode":"LV","hcrncDef":72,"fEuroConvertible":0,"fEuroConverted":0,"fOnlineEnabled":1,"dtSerial":"04/20/07 10:33:24"}
{"hcntry":72,"szFull":"Lithuania","szCode":"LT","hcrncDef":73,"fEuroConvertible":0,"fEuroConverted":0,"fOnlineEnabled":1,"dtSerial":"04/20/07 10:33:24"}
{"hcntry":73,"szFull":"Slovakia","szCode":"SK","hcrncDef":74,"fEuroConvertible":0,"fEuroConverted":0,"fOnlineEnabled":1,"dtSerial":"04/20/07 10:33:24"}
{"hcntry":74,"szFull":"Slovenia","szCode":"SI","hcrncDef":75,"fEuroConvertible":0,"fEuroConverted":0,"fOnlineEnabled":1,"dtSerial":"04/20/07 10:33:24"}
{"hcntry":75,"szFull":"Malta","szCode":"MT","hcrncDef":76,"fEuroConvertible":0,"fEuroConverted":0,"fOnlineEnabled":1,"dtSerial":"04/20/07 10:33:24"}
{"hcntry":76,"szFull":"Albania","szCode":"AL","hcrncDef":77,"fEuroConvertible":0,"fEuroConverted":0,"fOnlineEnabled":1,"dtSerial":"04/20/07 10:33:24"}
{"hcntry":77,"szFull":"Aruba","szCode":"AW","hcrncDef":78,"fEuroConvertible":0,"fEuroConverted":0,"fOnlineEnabled":1,"dtSerial":"04/20/07 10:33:24"}
{"hcntry":78,"szFull":"Barbados","szCode":"BB","hcrncDef":79,"fEuroConvertible":0,"fEuroConverted":0,"fOnlineEnabled":1,"dtSerial":"04/20/07 10:33:24"}
{"hcntry":79,"szFull":"Bangladesh","szCode":"BD","hcrncDef":80,"fEuroConvertible":0,"fEuroConverted":0,"fOnlineEnabled":1,"dtSerial":"04/20/07 10:33:24"}
{"hcntry":80,"szFull":"Bulgaria","szCode":"BG","hcrncDef":81,"fEuroConvertible":0,"fEuroConverted":0,"fOnlineEnabled":1,"dtSerial":"04/20/07 10:33:24"}
{"hcntry":81,"szFull":"Burundi","szCode":"BI","hcrncDef":82,"fEuroConvertible":0,"fEuroConverted":0,"fOnlineEnabled":1,"dtSerial":"04/20/07 10:33:24"}
{"hcntry":82,"szFull":"Bermuda","szCode":"BM","hcrncDef":83,"fEuroConvertible":0,"fEuroConverted":0,"fOnlineEnabled":0,"dtSerial":"04/20/07 10:33:24"}
{"hcntry":83,"szFull":"Brunei","szCode":"BN","hcrncDef":84,"fEuroConvertible":0,"fEuroConverted":0,"fOnlineEnabled":1,"dtSerial":"04/20/07 10:33:24"}
{"hcntry":84,"szFull":"Bahamas","szCode":"BS","hcrncDef":85,"fEuroConvertible":0,"fEuroConverted":0,"fOnlineEnabled":1,"dtSerial":"04/20/07 10:33:24"}
{"hcntry":85,"szFull":"Bhutan","szCode":"BT","hcrncDef":86,"fEuroConvertible":0,"fEuroConverted":0,"fOnlineEnabled":1,"dtSerial":"04/20/07 10:33:24"}
{"hcntry":86,"szFull":"Belize","szCode":"BZ","hcrncDef":87,"fEuroConvertible":0,"fEuroConverted":0,"fOnlineEnabled":1,"dtSerial":"04/20/07 10:33:24"}
{"hcntry":87,"szFull":"Costa Rica","szCode":"CR","hcrncDef":88,"fEuroConvertible":0,"fEuroConverted":0,"fOnlineEnabled":0,"dtSerial":"04/20/07 10:33:24"}
{"hcntry":88,"szFull":"Djibouti","szCode":"DJ","hcrncDef":89,"fEuroConvertible":0,"fEuroConverted":0,"fOnlineEnabled":1,"dtSerial":"04/20/07 10:33:24"}
{"hcntry":89,"szFull":"Dominican Republic","szCode":"DO","hcrncDef":90,"fEuroConvertible":0,"fEuroConverted":0,"fOnlineEnabled":1,"dtSerial":"04/20/07 10:33:24"}
{"hcntry":90,"szFull":"Egypt","szCode":"EG","hcrncDef":91,"fEuroConvertible":0,"fEuroConverted":0,"fOnlineEnabled":1,"dtSerial":"04/20/07 10:33:24"}
{"hcntry":91,"szFull":"Ethiopia","szCode":"ET","hcrncDef":92,"fEuroConvertible":0,"fEuroConverted":0,"fOnlineEnabled":1,"dtSerial":"04/20/07 10:33:24"}
{"hcntry":92,"szFull":"Fiji Island","szCode":"FJ","hcrncDef":93,"fEuroConvertible":0,"fEuroConverted":0,"fOnlineEnabled":1,"dtSerial":"04/20/07 10:33:24"}
{"hcntry":93,"szFull":"Guyana","szCode":"GY","hcrncDef":95,"fEuroConvertible":0,"fEuroConverted":0,"fOnlineEnabled":1,"dtSerial":"04/20/07 10:33:24"}
{"hcntry":94,"szFull":"Honduras","szCode":"HN","hcrncDef":96,"fEuroConvertible":0,"fEuroConverted":0,"fOnlineEnabled":1,"dtSerial":"04/20/07 10:33:24"}
{"hcntry":95,"szFull":"Croatia","szCode":"HR","hcrncDef":97,"fEuroConvertible":0,"fEuroConverted":0,"fOnlineEnabled":1,"dtSerial":"04/20/07 10:33:24"}
{"hcntry":97,"szFull":"Iraq","szCode":"IQ","hcrncDef":99,"fEuroConvertible":0,"fEuroConverted":0,"fOnlineEnabled":1,"dtSerial":"04/20/07 10:33:24"}
{"hcntry":98,"szFull":"Iceland","szCode":"IS","hcrncDef":100,"fEuroConvertible":0,"fEuroConverted":0,"fOnlineEnabled":1,"dtSerial":"04/20/07 10:33:24"}
{"hcntry":99,"szFull":"Jamaica","szCode":"JM","hcrncDef":148,"fEuroConvertible":0,"fEuroConverted":0,"fOnlineEnabled":1,"dtSerial":"04/20/07 10:33:24"}
{"hcntry":100,"szFull":"Cambodia","szCode":"KH","hcrncDef":102,"fEuroConvertible":0,"fEuroConverted":0,"fOnlineEnabled":1,"dtSerial":"04/20/07 10:33:24"}
{"hcntry":101,"szFull":"Comoros","szCode":"KM","hcrncDef":103,"fEuroConvertible":0,"fEuroConverted":0,"fOnlineEnabled":1,"dtSerial":"04/20/07 10:33:24"}
{"hcntry":102,"szFull":"Cayman Islands","szCode":"KY","hcrncDef":104,"fEuroConvertible":0,"fEuroConverted":0,"fOnlineEnabled":1,"dtSerial":"04/20/07 10:33:24"}
{"hcntry":103,"szFull":"Kazakhstan","szCode":"KZ","hcrncDef":105,"fEuroConvertible":0,"fEuroConverted":0,"fOnlineEnabled":1,"dtSerial":"04/20/07 10:33:24"}
{"hcntry":104,"szFull":"Laos","szCode":"LA","hcrncDef":106,"fEuroConvertible":0,"fEuroConverted":0,"fOnlineEnabled":1,"dtSerial":"04/20/07 10:33:24"}
{"hcntry":105,"szFull":"Sri Lanka","szCode":"LK","hcrncDef":107,"fEuroConvertible":0,"fEuroConverted":0,"fOnlineEnabled":1,"dtSerial":"04/20/07 10:33:24"}
{"hcntry":106,"szFull":"Liberia","szCode":"LR","hcrncDef":108,"fEuroConvertible":0,"fEuroConverted":0,"fOnlineEnabled":1,"dtSerial":"04/20/07 10:33:24"}
{"hcntry":107,"szFull":"Lesotho","szCode":"LS","hcrncDef":109,"fEuroConvertible":0,"fEuroConverted":0,"fOnlineEnabled":1,"dtSerial":"04/20/07 10:33:24"}
{"hcntry":108,"szFull":"Libya","szCode":"LY","hcrncDef":110,"fEuroConvertible":0,"fEuroConverted":0,"fOnlineEnabled":0,"dtSerial":"04/20/07 10:33:24"}
{"hcntry":109,"szFull":"Moldova","szCode":"MD","hcrncDef":111,"fEuroConvertible":0,"fEuroConverted":0,"fOnlineEnabled":0,"dtSerial":"04/20/07 10:33:24"}
{"hcntry":110,"szFull":"Madagascar","szCode":"MG","hcrncDef":112,"fEuroConvertible":0,"fEuroConverted":0,"fOnlineEnabled":1,"dtSerial":"04/20/07 10:33:24"}
{"hcntry":111,"szFull":"Mongolia","szCode":"MN","hcrncDef":113,"fEuroConvertible":0,"fEuroConverted":0,"fOnlineEnabled":0,"dtSerial":"04/20/07 10:33:24"}
{"hcntry":112,"szFull":"Macau (SAR)","szCode":"MO","hcrncDef":114,"fEuroConvertible":0,"fEuroConverted":0,"fOnlineEnabled":0,"dtSerial":"04/20/07 10:33:24"}
{"hcntry":113,"szFull":"Mauritania","szCode":"MR","hcrncDef":115,"fEuroConvertible":0,"fEuroConverted":0,"fOnlineEnabled":1,"dtSerial":"04/20/07 10:33:24"}
{"hcntry":114,"szFull":"Mauritius","szCode":"MU","hcrncDef":116,"fEuroConvertible":0,"fEuroConverted":0,"fOnlineEnabled":1,"dtSerial":"04/20/07 10:33:24"}
{"hcntry":115,"szFull":"Malawi","szCode":"MW","hcrncDef":149,"fEuroConvertible":0,"fEuroConverted":0,"fOnlineEnabled":1,"dtSerial":"04/20/07 10:33:25"}
{"hcntry":116,"szFull":"Mozambique","szCode":"MZ","hcrncDef":119,"fEuroConvertible":0,"fEuroConverted":0,"fOnlineEnabled":1,"dtSerial":"04/20/07 10:33:25"}
{"hcntry":117,"szFull":"Nigeria","szCode":"NG","hcrncDef":120,"fEuroConvertible":0,"fEuroConverted":0,"fOnlineEnabled":1,"dtSerial":"04/20/07 10:33:25"}
{"hcntry":118,"szFull":"Nicaragua","szCode":"NI","hcrncDef":121,"fEuroConvertible":0,"fEuroConverted":0,"fOnlineEnabled":1,"dtSerial":"04/20/07 10:33:25"}
{"hcntry":119,"szFull":"Nepal","szCode":"NP","hcrncDef":122,"fEuroConvertible":0,"fEuroConverted":0,"fOnlineEnabled":0,"dtSerial":"04/20/07 10:33:25"}
{"hcntry":120,"szFull":"Papua New Guinea","szCode":"PG","hcrncDef":123,"fEuroConvertible":0,"fEuroConverted":0,"fOnlineEnabled":0,"dtSerial":"04/20/07 10:33:25"}
{"hcntry":121,"szFull":"Paraguay","szCode":"PY","hcrncDef":124,"fEuroConvertible":0,"fEuroConverted":0,"fOnlineEnabled":0,"dtSerial":"04/20/07 10:33:25"}
{"hcntry":122,"szFull":"Romania","szCode":"RO","hcrncDef":125,"fEuroConvertible":0,"fEuroConverted":0,"fOnlineEnabled":1,"dtSerial":"04/20/07 10:33:25"}
{"hcntry":123,"szFull":"Rwanda","szCode":"RW","hcrncDef":126,"fEuroConvertible":0,"fEuroConverted":0,"fOnlineEnabled":0,"dtSerial":"04/20/07 10:33:25"}
{"hcntry":124,"szFull":"Solomon Islands","szCode":"SB","hcrncDef":127,"fEuroConvertible":0,"fEuroConverted":0,"fOnlineEnabled":0,"dtSerial":"04/20/07 10:33:25"}
{"hcntry":125,"szFull":"Seychelles","szCode":"SC","hcrncDef":128,"fEuroConvertible":0,"fEuroConverted":0,"fOnlineEnabled":0,"dtSerial":"04/20/07 10:33:25"}
{"hcntry":126,"szFull":"Sierra Leone","szCode":"SL","hcrncDef":129,"fEuroConvertible":0,"fEuroConverted":0,"fOnlineEnabled":1,"dtSerial":"04/20/07 10:33:25"}
{"hcntry":127,"szFull":"Somalia","szCode":"SO","hcrncDef":130,"fEuroConvertible":0,"fEuroConverted":0,"fOnlineEnabled":0,"dtSerial":"04/20/07 10:33:25"}
{"hcntry":128,"szFull":"Suriname","szCode":"SR","hcrncDef":131,"fEuroConvertible":0,"fEuroConverted":0,"fOnlineEnabled":0,"dtSerial":"04/20/07 10:33:25"}
{"hcntry":129,"szFull":"Sao Tome and Principe","szCode":"ST","hcrncDef":132,"fEuroConvertible":0,"fEuroConverted":0,"fOnlineEnabled":0,"dtSerial":"04/20/07 10:33:25"}
{"hcntry":130,"szFull":"Syria","szCode":"SY","hcrncDef":133,"fEuroConvertible":0,"fEuroConverted":0,"fOnlineEnabled":1,"dtSerial":"04/20/07 10:33:25"}
{"hcntry":131,"szFull":"Swaziland","szCode":"SZ","hcrncDef":134,"fEuroConvertible":0,"fEuroConverted":0,"fOnlineEnabled":1,"dtSerial":"04/20/07 10:33:25"}
{"hcntry":132,"szFull":"Tonga","szCode":"TO","hcrncDef":135,"fEuroConvertible":0,"fEuroConverted":0,"fOnlineEnabled":1,"dtSerial":"04/20/07 10:33:25"}
{"hcntry":133,"szFull":"Trinidad and Tobago","szCode":"TT","hcrncDef":136,"fEuroConvertible":0,"fEuroConverted":0,"fOnlineEnabled":1,"dtSerial":"04/20/07 10:33:25"}
{"hcntry":134,"szFull":"Ukraine","szCode":"UA","hcrncDef":137,"fEuroConvertible":0,"fEuroConverted":0,"fOnlineEnabled":1,"dtSerial":"04/20/07 10:33:25"}
{"hcntry":135,"szFull":"Uganda","szCode":"UG","hcrncDef":138,"fEuroConvertible":0,"fEuroConverted":0,"fOnlineEnabled":1,"dtSerial":"04/20/07 10:33:25"}
{"hcntry":136,"szFull":"Uruguay","szCode":"UY","hcrncDef":139,"fEuroConvertible":0,"fEuroConverted":0,"fOnlineEnabled":1,"dtSerial":"04/20/07 10:33:25"}
{"hcntry":137,"szFull":"Vanuatu","szCode":"VU","hcrncDef":140,"fEuroConvertible":0,"fEuroConverted":0,"fOnlineEnabled":1,"dtSerial":"04/20/07 10:33:25"}
{"hcntry":138,"szFull":"Samoa","szCode":"WS","hcrncDef":141,"fEuroConvertible":0,"fEuroConverted":0,"fOnlineEnabled":1,"dtSerial":"04/20/07 10:33:25"}
{"hcntry":139,"szFull":"Cameroon","szCode":"CM","hcrncDef":142,"fEuroConvertible":0,"fEuroConverted":0,"fOnlineEnabled":1,"dtSerial":"04/20/07 10:33:25"}
{"hcntry":140,"szFull":"Antigua and Barbuda","szCode":"AC","hcrncDef":143,"fEuroConvertible":0,"fEuroConverted":0,"fOnlineEnabled":1,"dtSerial":"04/20/07 10:33:25"}
{"hcntry":141,"szFull":"French Polynesia","szCode":"PF","hcrncDef":144,"fEuroConvertible":0,"fEuroConverted":0,"fOnlineEnabled":1,"dtSerial":"04/20/07 10:33:25"}
{"hcntry":142,"szFull":"Yemen","szCode":"YE","hcrncDef":145,"fEuroConvertible":0,"fEuroConverted":0,"fOnlineEnabled":1,"dtSerial":"04/20/07 10:33:25"}
{"hcntry":143,"szFull":"Zambia","szCode":"ZM","hcrncDef":146,"fEuroConvertible":0,"fEuroConverted":0,"fOnlineEnabled":1,"dtSerial":"04/20/07 10:33:25"}
{"hcntry":144,"szFull":"Haiti","szCode":"HT","hcrncDef":147,"fEuroConvertible":0,"fEuroConverted":0,"fOnlineEnabled":1,"dtSerial":"04/20/07 10:33:24"}
{"hcntry":145,"szFull":"Gambia","szCode":"GM","hcrncDef":94,"fEuroConvertible":0,"fEuroConverted":0,"fOnlineEnabled":1,"dtSerial":"04/20/07 10:33:24"}
{"hcntry":146,"szFull":"Maldives","szCode":"MV","hcrncDef":117,"fEuroConvertible":0,"fEuroConverted":0,"fOnlineEnabled":1,"dtSerial":"04/20/07 10:33:24"}
{"hcntry":147,"szFull":"Panama","szCode":"PA","hcrncDef":150,"fEuroConvertible":0,"fEuroConverted":0,"fOnlineEnabled":1,"dtSerial":"04/20/07 10:33:25"}
{"hcntry":148,"szFull":"Uzbekistan","szCode":"UZ","hcrncDef":151,"fEuroConvertible":0,"fEuroConverted":0,"fOnlineEnabled":1,"dtSerial":"04/20/07 10:33:25"}
{"hcntry":149,"szFull":"Serbia and Montenegro","szCode":"CS","hcrncDef":152,"fEuroConvertible":0,"fEuroConverted":0,"fOnlineEnabled":1,"dtSerial":"04/20/07 10:33:25"}
{"hcntry":150,"szFull":"Bosnia and Herzogovina","szCode":"BA","hcrncDef":153,"fEuroConvertible":0,"fEuroConverted":0,"fOnlineEnabled":1,"dtSerial":"04/20/07 10:33:25"}
{"hcntry":151,"szFull":"Cape Verde","szCode":"CV","hcrncDef":154,"fEuroConvertible":0,"fEuroConverted":0,"fOnlineEnabled":1,"dtSerial":"04/20/07 10:33:25"}
{"hcntry":152,"szFull":"Georgia","szCode":"GE","hcrncDef":155,"fEuroConvertible":0,"fEuroConverted":0,"fOnlineEnabled":1,"dtSerial":"04/20/07 10:33:25"}
{"hcntry":153,"szFull":"Iran","szCode":"IR","hcrncDef":156,"fEuroConvertible":0,"fEuroConverted":0,"fOnlineEnabled":1,"dtSerial":"04/20/07 10:33:25"}
{"hcntry":154,"szFull":"Turkmenistan","szCode":"TM","hcrncDef":157,"fEuroConvertible":0,"fEuroConverted":0,"fOnlineEnabled":1,"dtSerial":"04/20/07 10:33:25"}
{"hcntry":155,"szFull":"Cuba","szCode":"CU","hcrncDef":158,"fEuroConvertible":0,"fEuroConverted":0,"fOnlineEnabled":1,"dtSerial":"04/20/07 10:33:25"}
