{"hcrnc":1,"szName":"Argentine peso","lcid":11274,"rgbFormat":{"$binary": "AflBAFIAJAAAAAAAAAAAAAIAAAA=", "$type": "00"},"szIsoCode":"ARS","szSymbol":"/ARSUS","fOnline":1,"dtSerial":"04/20/07 10:33:24","fHidden":0,"sguid":{"$binary": "ezgyQ0NGN0M0LUY0REEtNDI4Qy05NDlBRkE0MjMwOEY2MkJGfQ==", "$type": "00"},"fUpdated":1}
{"hcrnc":2,"szName":"Australian dollar","lcid":3081,"rgbFormat":{"$binary": "AflBAFUAJAAAAAAAAAAAAAIAAAA=", "$type": "00"},"szIsoCode":"AUD","szSymbol":"/AUDUS","fOnline":1,"dtSerial":"04/20/07 10:33:24","fHidden":0,"sguid":{"$binary": "ezIyNTkwM0E0LThERDYtNEMwQy04RDk3RTUyNTkzREVEMzU0fQ==", "$type": "00"},"fUpdated":1}
{"hcrnc":3,"szName":"Austrian schilling","lcid":3079,"rgbFormat":{"$binary": "AfnWAFMAAAAAAAAAAAAAAAIAAAA=", "$type": "00"},"szIsoCode":"ATS","szSymbol":"/ATSUS","fOnline":1,"dtSerial":"04/20/07 10:33:24","fHidden":0,"sguid":{"$binary": "ezZCMEUxQUIwLTBDMUItNDE5NS04QzYxNDJCMzdFNTM0Q0VGfQ==", "$type": "00"},"fUpdated":1}
{"hcrnc":4,"szName":"Belgian franc","lcid":2060,"rgbFormat":{"$binary": "AflGAEIAAAAAAAAAAAAAAAIAAAA=", "$type": "00"},"szIsoCode":"BEF","szSymbol":"/BEFUS","fOnline":1,"dtSerial":"04/20/07 10:33:24","fHidden":0,"sguid":{"$binary": "e0RGNTE2NDAzLUUzMzgtNDY5NS04RjZDN0E2QzFCRDJGMjY4fQ==", "$type": "00"},"fUpdated":1}
{"hcrnc":5,"szName":"Bolivian boliviano","lcid":16394,"rgbFormat":{"$binary": "AfkkAGIAAAAAAAAAAAAAAAIAAAA=", "$type": "00"},"szIsoCode":"BOB","szSymbol":"/BOBUS","fOnline":1,"dtSerial":"04/20/07 10:33:24","fHidden":0,"sguid":{"$binary": "ezBBODZDRTcwLUM0NTYtNDYzOS1BNTc3M0Q3MjUxNEEwM0ZBfQ==", "$type": "00"},"fUpdated":1}
{"hcrnc":6,"szName":"Brazilian real","lcid":1046,"rgbFormat":{"$binary": "AflSACQAAAAAAAAAAAAAAAIAAAA=", "$type": "00"},"szIsoCode":"BRL","szSymbol":"/BRLUS","fOnline":1,"dtSerial":"04/20/07 10:33:24","fHidden":0,"sguid":{"$binary": "ezY2QTQxNjgxLTIxMTgtNDNBMi1BRUY0MTMxRTVFQUY1RkY1fQ==", "$type": "00"},"fUpdated":1}
{"hcrnc":7,"szName":"Canadian dollar","lcid":4105,"rgbFormat":{"$binary": "AfkkAAAAAAAAAAAAAAAAAAIAAAA=", "$type": "00"},"szIsoCode":"CAD","szSymbol":"/CADUS","fOnline":1,"dtSerial":"04/20/07 10:33:24","fHidden":0,"sguid":{"$binary": "e0I0NDdEOUJCLUJGMzUtNDAzQy1CREZEMjBENUU0QzA5NjYxfQ==", "$type": "00"},"fUpdated":1}
{"hcrnc":8,"szName":"Swiss franc","lcid":4108,"rgbFormat":{"$binary": "AflTAEYAcgAuAAAAAAAAAAIAAAA=", "$type": "00"},"szIsoCode":"CHF","szSymbol":"/CHFUS","fOnline":1,"dtSerial":"04/20/07 10:33:24","fHidden":0,"sguid":{"$binary": "e0FDOEE1QzNGLTg4QTYtNDA1Ri1BMkYyQUNDMEZEM0Q4NjdCfQ==", "$type": "00"},"fUpdated":1}
{"hcrnc":9,"szName":"Chilean peso","lcid":13322,"rgbFormat":{"$binary": "AflDAEwAJAAAAAAAAAAAAAIAAAA=", "$type": "00"},"szIsoCode":"CLP","szSymbol":"/CLPUS","fOnline":1,"dtSerial":"04/20/07 10:33:24","fHidden":0,"sguid":{"$binary": "ezQzRUVBRUFELUFENEQtNDk1OS1BRjUyN0E3RTQ0RDkxNkYzfQ==", "$type": "00"},"fUpdated":1}
{"hcrnc":10,"szName":"Chinese yuan","lcid":2052,"rgbFormat":{"$binary": "AflSAE0AQgClAAAAAAAAAAIAAAA=", "$type": "00"},"szIsoCode":"CNY","szSymbol":"/CNYUS","fOnline":1,"dtSerial":"04/20/07 10:33:24","fHidden":0,"sguid":{"$binary": "e0I1QjkzMERCLUUwOTEtNEY3Qy04QTdGMThFQUREOUMxM0U3fQ==", "$type": "00"},"fUpdated":1}
{"hcrnc":11,"szName":"Colombian peso","lcid":9226,"rgbFormat":{"$binary": "AflDAE8AJAAAAAAAAAAAAAIAAAA=", "$type": "00"},"szIsoCode":"COP","szSymbol":"/COPUS","fOnline":1,"dtSerial":"04/20/07 10:33:24","fHidden":0,"sguid":{"$binary": "ezdGODcxMDNBLURERTAtNDA2Ny04RDNCQjgxNjA5QUJDQ0FFfQ==", "$type": "00"},"fUpdated":1}
{"hcrnc":12,"szName":"Czech koruna","lcid":1029,"rgbFormat":{"$binary": "AflLAGMAcwAAAAAAAAAAAAIAAAA=", "$type": "00"},"szIsoCode":"CZK","szSymbol":"/CZKUS","fOnline":1,"dtSerial":"04/20/07 10:33:24","fHidden":0,"sguid":{"$binary": "e0M5RjQyMEY1LURCMzItNEYxNy1BMzQxREIwQzBBM0UwQjk2fQ==", "$type": "00"},"fUpdated":1}
{"hcrnc":13,"szName":"German mark","lcid":1031,"rgbFormat":{"$binary": "AflEAE0AAAAAAAAAAAAAAAIAAAA=", "$type": "00"},"szIsoCode":"DEM","szSymbol":"/DEMUS","fOnline":1,"dtSerial":"04/20/07 10:33:24","fHidden":0,"sguid":{"$binary": "ezUzQjc1NTJGLUU5QTEtNDZFOS05NzBCQkUxMzFCQjNCRUZBfQ==", "$type": "00"},"fUpdated":1}
{"hcrnc":14,"szName":"Danish krone","lcid":1030,"rgbFormat":{"$binary": "AflrAHIAAAAAAAAAAAAAAAIAAAA=", "$type": "00"},"szIsoCode":"DKK","szSymbol":"/DKKUS","fOnline":1,"dtSerial":"04/20/07 10:33:24","fHidden":0,"sguid":{"$binary": "ezJGNjRDRjNBLTdFNDYtNDYyNy04MDc5QTc4OEFCM0FEOEZBfQ==", "$type": "00"},"fUpdated":1}
{"hcrnc":15,"szName":"Ecuadorian sucre","lcid":12298,"rgbFormat":{"$binary": "AflTAC8AAAAAAAAAAAAAAAIAAAA=", "$type": "00"},"szIsoCode":"ECS","szSymbol":"/ECSUS","fOnline":1,"dtSerial":"04/20/07 10:33:24","fHidden":0,"sguid":{"$binary": "ezZERkMzNjgwLTgzRjAtNDI4My1BRDVENUYzN0E5NjNCNUVFfQ==", "$type": "00"},"fUpdated":1}
{"hcrnc":16,"szName":"Finnish markka","lcid":1035,"rgbFormat":{"$binary": "AfltAGsAAAAAAAAAAAAAAAIAAAA=", "$type": "00"},"szIsoCode":"FIM","szSymbol":"/FIMUS","fOnline":1,"dtSerial":"04/20/07 10:33:24","fHidden":0,"sguid":{"$binary": "e0E1RUNDODRGLUE5QTYtNEM3Ni05RDFERDhCQjgwQ0I5NzAzfQ==", "$type": "00"},"fUpdated":1}
{"hcrnc":17,"szName":"French franc","lcid":1036,"rgbFormat":{"$binary": "AflGAAAAAAAAAAAAAAAAAAIAAAA=", "$type": "00"},"szIsoCode":"FRF","szSymbol":"/FRFUS","fOnline":1,"dtSerial":"04/20/07 10:33:24","fHidden":0,"sguid":{"$binary": "e0JCNEJDM0EyLUNBRjktNDE1Ri04MTRFNzNFNzdDQzg4N0U0fQ==", "$type": "00"},"fUpdated":1}
{"hcrnc":18,"szName":"British pound","lcid":2057,"rgbFormat":{"$binary": "AfmjAAAAAAAAAAAAAAAAAAIAAAA=", "$type": "00"},"szIsoCode":"GBP","szSymbol":"/GBPUS","fOnline":1,"dtSerial":"04/20/07 10:33:24","fHidden":0,"sguid":{"$binary": "ezlEM0ZGMjNGLUQwRjAtNDA1NC1BMzExMjE5M0E5OTAwRDVEfQ==", "$type": "00"},"fUpdated":1}
{"hcrnc":19,"szName":"Greek drachma","lcid":1032,"rgbFormat":{"$binary": "AflEAHIAAAAAAAAAAAAAAAIAAAA=", "$type": "00"},"szIsoCode":"GRD","szSymbol":"/GRDUS","fOnline":1,"dtSerial":"04/20/07 10:33:24","fHidden":0,"sguid":{"$binary": "e0YxN0VGNDFELTkwQjktNDFFNC1CREM5OTZEOTYzQzBDMDg0fQ==", "$type": "00"},"fUpdated":1}
{"hcrnc":20,"szName":"Hong Kong dollar","lcid":3076,"rgbFormat":{"$binary": "AflIAEsAJAAAAAAAAAAAAAIAAAA=", "$type": "00"},"szIsoCode":"HKD","szSymbol":"/HKDUS","fOnline":1,"dtSerial":"04/20/07 10:33:24","fHidden":0,"sguid":{"$binary": "ezY4QzQxODhELTAzQUQtNDM4RS1BMUU1RTE5N0I4MEVENTc1fQ==", "$type": "00"},"fUpdated":1}
{"hcrnc":21,"szName":"Hungarian forint","lcid":1038,"rgbFormat":{"$binary": "AflGAHQAAAAAAAAAAAAAAAIAAAA=", "$type": "00"},"szIsoCode":"HUF","szSymbol":"/HUFUS","fOnline":1,"dtSerial":"04/20/07 10:33:24","fHidden":0,"sguid":{"$binary": "e0E0MzE0OTYzLUMxN0MtNEY0NC1BMkRBOUFGNDNFMUVFMDMxfQ==", "$type": "00"},"fUpdated":1}
{"hcrnc":22,"szName":"Indonesian rupiah","lcid":1057,"rgbFormat":{"$binary": "AflSAHAAAAAAAAAAAAAAAAIAAAA=", "$type": "00"},"szIsoCode":"IDR","szSymbol":"/IDRUS","fOnline":1,"dtSerial":"04/20/07 10:33:24","fHidden":0,"sguid":{"$binary": "ezZDRUU0OTFFLTk1MEUtNDk2Qy1BOTc0OEE1NUNDOUNEMTQ1fQ==", "$type": "00"},"fUpdated":1}
{"hcrnc":23,"szName":"Irish punt","lcid":6153,"rgbFormat":{"$binary": "AflJAFIAowAAAAAAAAAAAAIAAAA=", "$type": "00"},"szIsoCode":"IEP","szSymbol":"/IEPUS","fOnline":1,"dtSerial":"04/20/07 10:33:24","fHidden":0,"sguid":{"$binary": "ezNENERCQjQ3LThBM0QtNDhFOS04QTA4OTA5OEYwNEZGNDI2fQ==", "$type": "00"},"fUpdated":1}
{"hcrnc":24,"szName":"Italian lira","lcid":1040,"rgbFormat":{"$binary": "AflMAGkAdAAAAAAAAAAAAAIAAAA=", "$type": "00"},"szIsoCode":"ITL","szSymbol":"/ITLUS","fOnline":1,"dtSerial":"04/20/07 10:33:24","fHidden":0,"sguid":{"$binary": "ezYyOEM1NzUxLUUyRjgtNDQ0MS1BMEU4NUM2QkZEMEUxMDk3fQ==", "$type": "00"},"fUpdated":1}
{"hcrnc":25,"szName":"Japanese yen","lcid":1041,"rgbFormat":{"$binary": "AfmlAAAAAAAAAAAAAAAAAAIAAAA=", "$type": "00"},"szIsoCode":"JPY","szSymbol":"/JPYUS","fOnline":1,"dtSerial":"04/20/07 10:33:24","fHidden":0,"sguid":{"$binary": "ezYzODQ0NzNCLTg5MDgtNEMwOS1BRDJEMzE0MUNDNUZDQTFGfQ==", "$type": "00"},"fUpdated":1}
{"hcrnc":26,"szName":"Korean won","lcid":1042,"rgbFormat":{"$binary": "AflXAAAAAAAAAAAAAAAAAAIAAAA=", "$type": "00"},"szIsoCode":"KRW","szSymbol":"/KRWUS","fOnline":1,"dtSerial":"04/20/07 10:33:24","fHidden":0,"sguid":{"$binary": "e0EzRTNCQzQ0LTlEOEYtNEQwMi05NDUyMTgxMzlCOTE5OTUyfQ==", "$type": "00"},"fUpdated":1}
{"hcrnc":27,"szName":"Luxembourg franc","lcid":5132,"rgbFormat":{"$binary": "AflMAHUAZgAAAAAAAAAAAAIAAAA=", "$type": "00"},"szIsoCode":"LUF","szSymbol":"/LUFUS","fOnline":1,"dtSerial":"04/20/07 10:33:24","fHidden":0,"sguid":{"$binary": "ezc5NEJFREFCLUExMDEtNDNFNS1CMjA3MzQyQzJDN0JBOEY3fQ==", "$type": "00"},"fUpdated":1}
{"hcrnc":28,"szName":"Mexican peso","lcid":2058,"rgbFormat":{"$binary": "AflNAFgAJAAAAAAAAAAAAAIAAAA=", "$type": "00"},"szIsoCode":"MXP","szSymbol":"/MXNUS","fOnline":1,"dtSerial":"04/20/07 10:33:24","fHidden":0,"sguid":{"$binary": "ezAxNERGNzQ5LTA1OTMtNDg0MS1CMEFGMkQ3QkVERDJCQzExfQ==", "$type": "00"},"fUpdated":1}
{"hcrnc":29,"szName":"Dutch guilder","lcid":1043,"rgbFormat":{"$binary": "AflOAEwARwAAAAAAAAAAAAIAAAA=", "$type": "00"},"szIsoCode":"NLG","szSymbol":"/NLGUS","fOnline":1,"dtSerial":"04/20/07 10:33:24","fHidden":0,"sguid":{"$binary": "ezJGRkE1NzE0LTA3NEYtNDJERi1BNTU2ODhBOTlBNTgzNkM0fQ==", "$type": "00"},"fUpdated":1}
{"hcrnc":30,"szName":"New Zealand dollar","lcid":5129,"rgbFormat":{"$binary": "AfkkAAAAAAAAAAAAAAAAAAIAAAA=", "$type": "00"},"szIsoCode":"NZD","szSymbol":"/NZDUS","fOnline":1,"dtSerial":"04/20/07 10:33:24","fHidden":0,"sguid":{"$binary": "e0JDOEJFREQzLUI3RjYtNDdFNC1BMzY5NkI0NzY3NEUxN0NGfQ==", "$type": "00"},"fUpdated":1}
{"hcrnc":31,"szName":"Norwegian krone","lcid":1044,"rgbFormat":{"$binary": "AflLAHIAAAAAAAAAAAAAAAIAAAA=", "$type": "00"},"szIsoCode":"NOK","szSymbol":"/NOKUS","fOnline":1,"dtSerial":"04/20/07 10:33:24","fHidden":0,"sguid":{"$binary": "ezA0QTZCNEIzLTNCMDQtNDgxQi1BODE3MjdDOTI0MDg5OTExfQ==", "$type": "00"},"fUpdated":1}
{"hcrnc":32,"szName":"Peruvian nuevo sol","lcid":10250,"rgbFormat":{"$binary": "AflTAC8AAAAAAAAAAAAAAAIAAAA=", "$type": "00"},"szIsoCode":"PEN","szSymbol":"/PENUS","fOnline":1,"dtSerial":"04/20/07 10:33:24","fHidden":0,"sguid":{"$binary": "ezJFNDBEMDZELTQ1MDctNEY4RS1CRTE1Mjc0NUJGNkE0OTg3fQ==", "$type": "00"},"fUpdated":1}
{"hcrnc":33,"szName":"Philippine peso","lcid":13321,"rgbFormat":{"$binary": "AflQAGgAJAAAAAAAAAAAAAIAAAA=", "$type": "00"},"szIsoCode":"PHP","szSymbol":"/PHPUS","fOnline":1,"dtSerial":"04/20/07 10:33:24","fHidden":0,"sguid":{"$binary": "ezY0RkQ3OTVCLTIwNUQtNDk5RS04RDZCNTVFMzFDRUU5OEY4fQ==", "$type": "00"},"fUpdated":1}
{"hcrnc":34,"szName":"Polish zloty","lcid":1045,"rgbFormat":{"$binary": "AflaAGwAAAAAAAAAAAAAAAIAAAA=", "$type": "00"},"szIsoCode":"PLZ","szSymbol":"/PLNUS","fOnline":1,"dtSerial":"04/20/07 10:33:24","fHidden":0,"sguid":{"$binary": "ezJFNDRFOEEyLUIzQTItNDQzOS1BOEZEQTA1N0UxRDQwNThBfQ==", "$type": "00"},"fUpdated":1}
{"hcrnc":35,"szName":"Portuguese escudo","lcid":2070,"rgbFormat":{"$binary": "AflFAHMAYwAuAAAAAAAAAAIAAAA=", "$type": "00"},"szIsoCode":"PTE","szSymbol":"/PTEUS","fOnline":1,"dtSerial":"04/20/07 10:33:24","fHidden":0,"sguid":{"$binary": "e0NBNDlBOEZBLTI0MTEtNDYzMi1BNTQ2MzAzQTdGRjZEMjdDfQ==", "$type": "00"},"fUpdated":1}
{"hcrnc":36,"szName":"Russian Federation rouble","lcid":1049,"rgbFormat":{"$binary": "AflSAAAAAAAAAAAAAAAAAAIAAAA=", "$type": "00"},"szIsoCode":"RUR","szSymbol":"/RUBUS","fOnline":1,"dtSerial":"04/20/07 10:33:24","fHidden":0,"sguid":{"$binary": "e0M0NzU2MTlCLTc1NzQtNDczNi1BRjJDMDc3NzMxNjM4OUQ2fQ==", "$type": "00"},"fUpdated":1}
{"hcrnc":37,"szName":"Spanish peseta","lcid":3082,"rgbFormat":{"$binary": "AflQAHQAcwAAAAAAAAAAAAIAAAA=", "$type": "00"},"szIsoCode":"ESP","szSymbol":"/ESPUS","fOnline":1,"dtSerial":"04/20/07 10:33:24","fHidden":0,"sguid":{"$binary": "ezlENzFFMkVCLTkzMjItNDM5NS1CNkZBRUU0ODVDNUI0QzEwfQ==", "$type": "00"},"fUpdated":1}
{"hcrnc":38,"szName":"Swedish krona","lcid":1053,"rgbFormat":{"$binary": "AflrAHIAAAAAAAAAAAAAAAIAAAA=", "$type": "00"},"szIsoCode":"SEK","szSymbol":"/SEKUS","fOnline":1,"dtSerial":"04/20/07 10:33:24","fHidden":0,"sguid":{"$binary": "ezY5NUIyNUZGLUNGMjMtNDgxNi05RTU1NjFFNjA2MkQ4OTEyfQ==", "$type": "00"},"fUpdated":1}
{"hcrnc":39,"szName":"Singapore dollar","lcid":4100,"rgbFormat":{"$binary": "AflTACQAAAAAAAAAAAAAAAIAAAA=", "$type": "00"},"szIsoCode":"SGD","szSymbol":"/SGDUS","fOnline":1,"dtSerial":"04/20/07 10:33:24","fHidden":0,"sguid":{"$binary": "ezBEOTFEMEM3LURDRjAtNERGRC1BMjJEQjY1RDRENkRGNzJCfQ==", "$type": "00"},"fUpdated":1}
{"hcrnc":40,"szName":"Thai baht","lcid":1054,"rgbFormat":{"$binary": "AflCAAAAAAAAAAAAAAAAAAIAAAA=", "$type": "00"},"szIsoCode":"THB","szSymbol":"/THBUS","fOnline":1,"dtSerial":"04/20/07 10:33:24","fHidden":0,"sguid":{"$binary": "ezZFRkQ3MUM5LTVFMjgtNDY4Mi1BNzNDNzJDMTVENjM0Mjg2fQ==", "$type": "00"},"fUpdated":1}
{"hcrnc":41,"szName":"Taiwan dollar","lcid":1028,"rgbFormat":{"$binary": "AflOAFQARAAAAAAAAAAAAAIAAAA=", "$type": "00"},"szIsoCode":"TWD","szSymbol":"/TWDUS","fOnline":1,"dtSerial":"04/20/07 10:33:24","fHidden":0,"sguid":{"$binary": "ezEwMjNDRkEyLURDOTQtNDhBOS05MEM3MDU1NjYxRkYzQTAwfQ==", "$type": "00"},"fUpdated":1}
{"hcrnc":42,"szName":"Venezuelan bolivar","lcid":8202,"rgbFormat":{"$binary": "AflCAHMAAAAAAAAAAAAAAAIAAAA=", "$type": "00"},"szIsoCode":"VEB","szSymbol":"/VEBUS","fOnline":1,"dtSerial":"04/20/07 10:33:24","fHidden":0,"sguid":{"$binary": "e0RGMTM1RjFFLUNCOTktNEU0Mi1CNkFDOTM0RTM4RTQ0OEQ3fQ==", "$type": "00"},"fUpdated":1}
{"hcrnc":43,"szName":"South African rand","lcid":7177,"rgbFormat":{"$binary": "AflSAAAAAAAAAAAAAAAAAAIAAAA=", "$type": "00"},"szIsoCode":"ZAR","szSymbol":"/ZARUS","fOnline":1,"dtSerial":"04/20/07 10:33:24","fHidden":0,"sguid":{"$binary": "ezdBREVCNTlGLTA1MTctNEJCNC1BQzg3NkRDODgzNEQwNUNGfQ==", "$type": "00"},"fUpdated":1}
{"hcrnc":44,"szName":"Euro","lcid":1024,"rgbFormat":{"$binary": "AQ6sIAAAAAAAAAAAAAAAAAIAAAA=", "$type": "00"},"szIsoCode":"EUR","szSymbol":"/EURUS","fOnline":1,"dtSerial":"07/10/07 08:31:42","fHidden":0,"sguid":{"$binary": "ezUzNkE4NzAzLUQ1MUMtNDJCQi1BRDJDRTM5REVFNzVCNDZBfQ==", "$type": "00"},"fUpdated":1}
{"hcrnc":45,"szName":"US dollar","lcid":1033,"rgbFormat":{"$binary": "AfkkAAAAAAAAAAAAAAAAAAIAAAA=", "$type": "00"},"szIsoCode":"USD","fOnline":1,"dtSerial":"04/20/07 10:33:24","fHidden":0,"sguid":{"$binary": "ezI4Q0YyOUUxLUY2QUYtNEVDRC05OTZCREE0QjZBNkY2NUUzfQ==", "$type": "00"},"fUpdated":1}
{"hcrnc":46,"szName":"Guatemalan quetzale","lcid":4106,"rgbFormat":{"$binary": "AflRAAAAAAAAAAAAAAAAAAIAAAA=", "$type": "00"},"szIsoCode":"GTQ","szSymbol":"/GTQUS","fOnline":1,"dtSerial":"04/20/07 10:33:24","fHidden":0,"sguid":{"$binary": "ezYyMTU1MDA3LUJEODgtNDk0My05RUIxRkJDQUMxQkY1OEU4fQ==", "$type": "00"},"fUpdated":1}
{"hcrnc":47,"szName":"Moroccan dirham","lcid":6145,"rgbFormat":{"$binary": "AflNAEEARAAAAAAAAAAAAAIAAAA=", "$type": "00"},"szIsoCode":"MAD","szSymbol":"/MADUS","fOnline":1,"dtSerial":"04/20/07 10:33:24","fHidden":0,"sguid":{"$binary": "ezhDN0FCRDVELUE4RTktNDE1Ri1CMEEzMUQ3RDJEOTI0MkZFfQ==", "$type": "00"},"fUpdated":1}
{"hcrnc":48,"szName":"Tunisian dinar","lcid":7169,"rgbFormat":{"$binary": "AflUAE4ARAAAAAAAAAAAAAIAAAA=", "$type": "00"},"szIsoCode":"TND","szSymbol":"/TNDUS","fOnline":1,"dtSerial":"04/20/07 10:33:24","fHidden":0,"sguid":{"$binary": "e0YzQTZDREEzLUVFRjktNDgzMC05MjU3NTRCNjUxRDZGREEwfQ==", "$type": "00"},"fUpdated":1}
{"hcrnc":49,"szName":"Algerian dinar","lcid":5121,"rgbFormat":{"$binary": "AflEAFoARAAAAAAAAAAAAAIAAAA=", "$type": "00"},"szIsoCode":"DZD","szSymbol":"/DZDUS","fOnline":1,"dtSerial":"04/20/07 10:33:24","fHidden":0,"sguid":{"$binary": "ezA3NkEwQjJCLUY4QzQtNEIzQS05MzFBMzg2RDk2RjkwQ0IzfQ==", "$type": "00"},"fUpdated":1}
{"hcrnc":50,"szName":"New Turkish lira","lcid":1055,"rgbFormat":{"$binary": "AflZAFQATAAAAAAAAAAAAAIAAAA=", "$type": "00"},"szIsoCode":"TRL","szSymbol":"/TRYUS","fOnline":1,"dtSerial":"04/20/07 10:33:24","fHidden":0,"sguid":{"$binary": "ezk1MjJGRTc0LUUyNDItNDY4MS1BMzRCRjFDQzUxRDY1QUVDfQ==", "$type": "00"},"fUpdated":1}
{"hcrnc":51,"szName":"Israeli new shekel","lcid":1037,"rgbFormat":{"$binary": "AflJAEwAUwAAAAAAAAAAAAIAAAA=", "$type": "00"},"szIsoCode":"ILS","szSymbol":"/ILSUS","fOnline":1,"dtSerial":"04/20/07 10:33:24","fHidden":0,"sguid":{"$binary": "ezMzMjY5REI3LTFEOUEtNENCMC04NDNGQThGQzQ0Mjg4RTdDfQ==", "$type": "00"},"fUpdated":1}
{"hcrnc":52,"szName":"Malaysia ringgit","lcid":33280,"rgbFormat":{"$binary": "AflNAFkAUgAAAAAAAAAAAAIAAAA=", "$type": "00"},"szIsoCode":"MYR","szSymbol":"/MYRUS","fOnline":1,"dtSerial":"04/20/07 10:33:24","fHidden":0,"sguid":{"$binary": "ezMzMDE3QTI1LTRBMjUtNENBMC1CQjhEQkE4QkNFREVBODZGfQ==", "$type": "00"},"fUpdated":1}
{"hcrnc":53,"szName":"Botswana pula","lcid":34304,"rgbFormat":{"$binary": "AflCAFcAUAAAAAAAAAAAAAIAAAA=", "$type": "00"},"szIsoCode":"BWP","szSymbol":"/BWPUS","fOnline":1,"dtSerial":"04/20/07 10:33:24","fHidden":0,"sguid":{"$binary": "ezI1MkUxODgzLTZFNUUtNDM0OC1CMDY3RjIxNjlFMjM2MUVFfQ==", "$type": "00"},"fUpdated":1}
{"hcrnc":54,"szName":"Ghanaian cedi","lcid":35328,"rgbFormat":{"$binary": "AflHAEgAQwAAAAAAAAAAAAIAAAA=", "$type": "00"},"szIsoCode":"GHC","szSymbol":"/GHCUS","fOnline":1,"dtSerial":"04/20/07 10:33:24","fHidden":0,"sguid":{"$binary": "ezIyNTg4RTcwLUI2QjQtNEUzNi04RjQyRUU3MjMxRjdBRUUxfQ==", "$type": "00"},"fUpdated":1}
{"hcrnc":55,"szName":"Kenyan shilling","lcid":36352,"rgbFormat":{"$binary": "AflLAEUAUwAAAAAAAAAAAAIAAAA=", "$type": "00"},"szIsoCode":"KES","szSymbol":"/KESUS","fOnline":1,"dtSerial":"04/20/07 10:33:24","fHidden":0,"sguid":{"$binary": "ezI4OUZFQjNELTVEMjMtNDQ4Ri04RkVDNjkzNUZEMjAyNEI3fQ==", "$type": "00"},"fUpdated":1}
{"hcrnc":56,"szName":"Namibian dollar","lcid":37376,"rgbFormat":{"$binary": "AflOAEEAJAAAAAAAAAAAAAIAAAA=", "$type": "00"},"szIsoCode":"NAD","szSymbol":"/NADUS","fOnline":1,"dtSerial":"04/20/07 10:33:24","fHidden":0,"sguid":{"$binary": "e0U3NDczRUZBLTVDNkItNDk3My05MDEwMzc1OUE0MjVCQjM5fQ==", "$type": "00"},"fUpdated":1}
{"hcrnc":57,"szName":"Zimbabwean dollar","lcid":38400,"rgbFormat":{"$binary": "AflaAFcAJAAAAAAAAAAAAAIAAAA=", "$type": "00"},"szIsoCode":"ZWD","szSymbol":"/ZWDUS","fOnline":1,"dtSerial":"04/20/07 10:33:24","fHidden":0,"sguid":{"$binary": "e0QzOUI0RDFBLUZFRDMtNDUwNS04RTJDMDMyMzYwN0Y5RUI5fQ==", "$type": "00"},"fUpdated":1}
{"hcrnc":58,"szName":"Bahraini dinar","lcid":15361,"rgbFormat":{"$binary": "AflCAEgARAAAAAAAAAAAAAIAAAA=", "$type": "00"},"szIsoCode":"BHD","szSymbol":"/BHDUS","fOnline":1,"dtSerial":"04/20/07 10:33:24","fHidden":0,"sguid":{"$binary": "ezk3MDRFRjcyLTRCNTItNEIzNy05RTUzNUEwNjJDMDhFQURDfQ==", "$type": "00"},"fUpdated":1}
{"hcrnc":59,"szName":"Jordanian dinar","lcid":11265,"rgbFormat":{"$binary": "AflKAE8ARAAAAAAAAAAAAAIAAAA=", "$type": "00"},"szIsoCode":"JOD","szSymbol":"/JODUS","fOnline":1,"dtSerial":"04/20/07 10:33:24","fHidden":0,"sguid":{"$binary": "ezlFRTI5MzJBLUE3RjItNEFGRC04M0VDNjRGQUQ2MDdGMzU3fQ==", "$type": "00"},"fUpdated":1}
{"hcrnc":60,"szName":"Kuwaiti dinar","lcid":13313,"rgbFormat":{"$binary": "AflLAFcARAAAAAAAAAAAAAIAAAA=", "$type": "00"},"szIsoCode":"KWD","szSymbol":"/KWDUS","fOnline":1,"dtSerial":"04/20/07 10:33:24","fHidden":0,"sguid":{"$binary": "ezIxMTk1RUUxLTlGREQtNERCMi04NkE2OEZFMjI0NDdEOTgwfQ==", "$type": "00"},"fUpdated":1}
{"hcrnc":61,"szName":"Omani riyal","lcid":8193,"rgbFormat":{"$binary": "AflPAE0AUgAAAAAAAAAAAAIAAAA=", "$type": "00"},"szIsoCode":"OMR","szSymbol":"/OMRUS","fOnline":1,"dtSerial":"04/20/07 10:33:24","fHidden":0,"sguid":{"$binary": "e0M0Njg4OEM2LTgxODktNDZGRi1COUQ5MEIxNERFOTZGNDE3fQ==", "$type": "00"},"fUpdated":1}
{"hcrnc":62,"szName":"Pakistani rupee","lcid":1056,"rgbFormat":{"$binary": "AflQAEsAUgAAAAAAAAAAAAIAAAA=", "$type": "00"},"szIsoCode":"PKR","szSymbol":"/PKRUS","fOnline":1,"dtSerial":"04/20/07 10:33:24","fHidden":0,"sguid":{"$binary": "e0JENzQ1RUFFLTBBNzItNEFGNy1BQ0VGMDcxN0REQkJCQ0U4fQ==", "$type": "00"},"fUpdated":1}
{"hcrnc":63,"szName":"Qatari riyal","lcid":16385,"rgbFormat":{"$binary": "AflRAEEAUgAAAAAAAAAAAAIAAAA=", "$type": "00"},"szIsoCode":"QAR","szSymbol":"/QARUS","fOnline":1,"dtSerial":"04/20/07 10:33:24","fHidden":0,"sguid":{"$binary": "ezE4QUVGMDBFLTFGRTgtNDlCRi1CQkRFNjQ2MUYyMzM0N0U2fQ==", "$type": "00"},"fUpdated":1}
{"hcrnc":64,"szName":"Saudi riyal","lcid":1025,"rgbFormat":{"$binary": "AflTAEEAUgAAAAAAAAAAAAIAAAA=", "$type": "00"},"szIsoCode":"SAR","szSymbol":"/SARUS","fOnline":1,"dtSerial":"04/20/07 10:33:24","fHidden":0,"sguid":{"$binary": "ezRBNENDOUVFLUYyRTMtNDJENi05OEUzNTg1QkM4MjJFMUQ0fQ==", "$type": "00"},"fUpdated":1}
{"hcrnc":65,"szName":"Emirati dirham","lcid":14337,"rgbFormat":{"$binary": "AflBAEUARAAAAAAAAAAAAAIAAAA=", "$type": "00"},"szIsoCode":"AED","szSymbol":"/AEDUS","fOnline":1,"dtSerial":"04/20/07 10:33:24","fHidden":0,"sguid":{"$binary": "ezFFNjcwRDExLUQ4NkYtNEQyMS1BOUM4Q0FEMDg0NEFBN0M1fQ==", "$type": "00"},"fUpdated":1}
{"hcrnc":66,"szName":"Vietnamese dong","lcid":1066,"rgbFormat":{"$binary": "AflWAE4ARAAAAAAAAAAAAAIAAAA=", "$type": "00"},"szIsoCode":"VND","szSymbol":"/VNDUS","fOnline":1,"dtSerial":"04/20/07 10:33:24","fHidden":0,"sguid":{"$binary": "e0NGQzNERENGLTlDNDctNEUyRC1COUJCRDE0OEEzRTYwMEVCfQ==", "$type": "00"},"fUpdated":1}
{"hcrnc":67,"szName":"Indian rupee","lcid":16393,"rgbFormat":{"$binary": "AflJAE4AUgAAAAAAAAAAAAIAAAA=", "$type": "00"},"szIsoCode":"INR","szSymbol":"/INRUS","fOnline":1,"dtSerial":"04/20/07 10:33:24","fHidden":0,"sguid":{"$binary": "ezg0NEQ3MDZELTY2MzgtNEVBRC1CRUJDMEE0RUVCQUJENzNFfQ==", "$type": "00"},"fUpdated":1}
{"hcrnc":68,"szName":"Cyprus pound","lcid":39424,"rgbFormat":{"$binary": "AflDAFkAUABDAKMAAAAAAAIAAAA=", "$type": "00"},"szIsoCode":"CYP","szSymbol":"/CYPUS","fOnline":1,"dtSerial":"04/20/07 10:33:24","fHidden":0,"sguid":{"$binary": "ezM2MUIyN0IyLUY2MkEtNDBEOS1CQjE3Q0Q4QjQ0RUUwQkFBfQ==", "$type": "00"},"fUpdated":1}
{"hcrnc":69,"szName":"Tanzanian shilling","lcid":40448,"rgbFormat":{"$binary": "AflUAFoAUwAAAAAAAAAAAAIAAAA=", "$type": "00"},"szIsoCode":"TZS","szSymbol":"/TZSUS","fOnline":1,"dtSerial":"04/20/07 10:33:24","fHidden":0,"sguid":{"$binary": "e0ZFMThCQjI2LTVFOUEtNDA5NC1CMkQyODk5MUJDMDBERDUzfQ==", "$type": "00"},"fUpdated":1}
{"hcrnc":70,"szName":"Lebanese pound","lcid":12289,"rgbFormat":{"$binary": "AflMAEIAowAAAAAAAAAAAAIAAAA=", "$type": "00"},"szIsoCode":"LBP","szSymbol":"/LBPUS","fOnline":1,"dtSerial":"04/20/07 10:33:24","fHidden":0,"sguid":{"$binary": "e0Q1RkJCRjE3LTE3NDktNDNDOC04OTBCMDI5MTVEQTI3QjRGfQ==", "$type": "00"},"fUpdated":1}
{"hcrnc":71,"szName":"Estonian kroon","lcid":1061,"rgbFormat":{"$binary": "AflrAHIAAAAAAAAAAAAAAAIAAAA=", "$type": "00"},"szIsoCode":"EEK","szSymbol":"/EEKUS","fOnline":1,"dtSerial":"04/20/07 10:33:24","fHidden":0,"sguid":{"$binary": "e0U4NEJFMjE2LTBCRjItNDdGQS04MjBDQzU2NDc0QkQ0RTlEfQ==", "$type": "00"},"fUpdated":1}
{"hcrnc":72,"szName":"Latvian lat","lcid":1062,"rgbFormat":{"$binary": "AflMAHMAAAAAAAAAAAAAAAIAAAA=", "$type": "00"},"szIsoCode":"LVL","szSymbol":"/LVLUS","fOnline":1,"dtSerial":"04/20/07 10:33:24","fHidden":0,"sguid":{"$binary": "ezg5RTlBQTQxLTNDQjAtNDYxMC05MkMxRTZDQzBGMUUwNUVCfQ==", "$type": "00"},"fUpdated":1}
{"hcrnc":73,"szName":"Lituanian litas","lcid":1063,"rgbFormat":{"$binary": "AflMAHQAAAAAAAAAAAAAAAIAAAA=", "$type": "00"},"szIsoCode":"LTL","szSymbol":"/LTLUS","fOnline":1,"dtSerial":"04/20/07 10:33:24","fHidden":0,"sguid":{"$binary": "ezVGNzlBQjk3LUMzN0MtNEE3MS05ODNDOTNFRjNEM0ZBQkVDfQ==", "$type": "00"},"fUpdated":1}
{"hcrnc":74,"szName":"Slovak koruna","lcid":1051,"rgbFormat":{"$binary": "AflTAGsAAAAAAAAAAAAAAAIAAAA=", "$type": "00"},"szIsoCode":"SKK","szSymbol":"/SKKUS","fOnline":1,"dtSerial":"04/20/07 10:33:24","fHidden":0,"sguid":{"$binary": "e0FCMzRERDg4LUM2QzMtNDk5RS04M0I2OUNDRDY4Nzg4MzhGfQ==", "$type": "00"},"fUpdated":1}
{"hcrnc":75,"szName":"Slovenian tolar","lcid":1060,"rgbFormat":{"$binary": "AflTAEkAVAAAAAAAAAAAAAIAAAA=", "$type": "00"},"szIsoCode":"SIT","szSymbol":"/SITUS","fOnline":1,"dtSerial":"04/20/07 10:33:24","fHidden":0,"sguid":{"$binary": "e0MxMjY3RjdELTQ2MTUtNDhEMi04REJFNzU0MTU1MTgzOUQ3fQ==", "$type": "00"},"fUpdated":1}
{"hcrnc":76,"szName":"Maltese lira","lcid":1082,"rgbFormat":{"$binary": "AflNAFQATAAAAAAAAAAAAAIAAAA=", "$type": "00"},"szIsoCode":"MTL","szSymbol":"/MTLUS","fOnline":1,"dtSerial":"04/20/07 10:33:24","fHidden":0,"sguid":{"$binary": "e0QzRUM1REQ5LUI5RTItNDhCRC04NEI5N0QyOEZGREYxOEMyfQ==", "$type": "00"},"fUpdated":1}
{"hcrnc":77,"szName":"Albanian lek","lcid":1052,"rgbFormat":{"$binary": "AflMAGUAawAAAAAAAAAAAAIAAAA=", "$type": "00"},"szIsoCode":"ALL","szSymbol":"/ALLUS","fOnline":1,"dtSerial":"04/20/07 10:33:24","fHidden":0,"sguid":{"$binary": "ezc1NDNENjUwLUM2MTctNEI5Mi04QjBEM0M4RURBQkNFMUY4fQ==", "$type": "00"},"fUpdated":1}
{"hcrnc":78,"szName":"Aruban guilder","lcid":32787,"rgbFormat":{"$binary": "AflBAGYALgAAAAAAAAAAAAIAAAA=", "$type": "00"},"szIsoCode":"AWG","szSymbol":"/AWGUS","fOnline":1,"dtSerial":"04/20/07 10:33:24","fHidden":0,"sguid":{"$binary": "ezcxNzdDQ0FGLUQ4QkQtNDUzOS1CNTM1N0QwMzBGOTNEOEZBfQ==", "$type": "00"},"fUpdated":1}
{"hcrnc":79,"szName":"Barbados dollar","lcid":33801,"rgbFormat":{"$binary": "AflCAEIARAAAAAAAAAAAAAIAAAA=", "$type": "00"},"szIsoCode":"BBD","szSymbol":"/BBDUS","fOnline":1,"dtSerial":"04/20/07 10:33:24","fHidden":0,"sguid":{"$binary": "ezkzMDBGOTJBLUE0REMtNDA2Ny1CNUYxQ0ZGNTk0MTIwQkE3fQ==", "$type": "00"},"fUpdated":1}
{"hcrnc":80,"szName":"Bangladesh taka","lcid":2117,"rgbFormat":{"$binary": "AflCAEQAVAAAAAAAAAAAAAIAAAA=", "$type": "00"},"szIsoCode":"BDT","szSymbol":"/BDTUS","fOnline":1,"dtSerial":"04/20/07 10:33:24","fHidden":0,"sguid":{"$binary": "ezU4ODUyRjQ3LUMzMEYtNDQ2Ni1BODg1QTIwREI3MzNFMDlEfQ==", "$type": "00"},"fUpdated":1}
{"hcrnc":81,"szName":"Bulgarian lev","lcid":1026,"rgbFormat":{"$binary": "AflsAGUAdgAAAAAAAAAAAAIAAAA=", "$type": "00"},"szIsoCode":"BGL","szSymbol":"/BGLUS","fOnline":1,"dtSerial":"04/20/07 10:33:24","fHidden":0,"sguid":{"$binary": "e0FCNDY4QkMzLTMzQTEtNDhBMC1BMEEwMDA5NkZBNEVCQ0ZEfQ==", "$type": "00"},"fUpdated":1}
{"hcrnc":82,"szName":"Burundi franc","lcid":32780,"rgbFormat":{"$binary": "AflCAEkARgAAAAAAAAAAAAIAAAA=", "$type": "00"},"szIsoCode":"BIF","szSymbol":"/BIFUS","fOnline":1,"dtSerial":"04/20/07 10:33:24","fHidden":0,"sguid":{"$binary": "ezEzMTJEQTg4LTczMjEtNDEwMi1BNDM5OURFODQ2RTU4N0EwfQ==", "$type": "00"},"fUpdated":1}
{"hcrnc":83,"szName":"Bermudian dollar","lcid":34825,"rgbFormat":{"$binary": "AflCAE0ARAAAAAAAAAAAAAIAAAA=", "$type": "00"},"szIsoCode":"BMD","szSymbol":"/BMDUS","fOnline":1,"dtSerial":"04/20/07 10:33:24","fHidden":0,"sguid":{"$binary": "ezEwRkRBRERGLTc2RjUtNDA4RC1CN0IwMUJDQzNDMzI0NkJEfQ==", "$type": "00"},"fUpdated":1}
{"hcrnc":84,"szName":"Brunei dollar","lcid":2110,"rgbFormat":{"$binary": "AfkkAAAAAAAAAAAAAAAAAAIAAAA=", "$type": "00"},"szIsoCode":"BND","szSymbol":"/BNDUS","fOnline":1,"dtSerial":"04/20/07 10:33:24","fHidden":0,"sguid":{"$binary": "ezAzNTQ2OTVGLUFGMTYtNDVBRi04NzZBMEIwRDUzMkFCODBGfQ==", "$type": "00"},"fUpdated":1}
{"hcrnc":85,"szName":"Bahamian dollar","lcid":32777,"rgbFormat":{"$binary": "AflCAFMARAAAAAAAAAAAAAIAAAA=", "$type": "00"},"szIsoCode":"BSD","szSymbol":"/BSDUS","fOnline":1,"dtSerial":"04/20/07 10:33:24","fHidden":0,"sguid":{"$binary": "e0Y4MEYxNkM4LThFNTMtNERFQi05QzE2NjJFMEY3MDQwRDRFfQ==", "$type": "00"},"fUpdated":1}
{"hcrnc":86,"szName":"Bhutan ngultrum","lcid":2129,"rgbFormat":{"$binary": "AflCAFQATgAAAAAAAAAAAAIAAAA=", "$type": "00"},"szIsoCode":"BTN","szSymbol":"/BTNUS","fOnline":1,"dtSerial":"04/20/07 10:33:24","fHidden":0,"sguid":{"$binary": "ezQ3MUYyOTU1LUM3MzEtNDBCMi1CQUVEMDc2N0I4MjVENkREfQ==", "$type": "00"},"fUpdated":1}
{"hcrnc":87,"szName":"Belize dollar","lcid":10249,"rgbFormat":{"$binary": "AflCAFoARAAAAAAAAAAAAAIAAAA=", "$type": "00"},"szIsoCode":"BZD","szSymbol":"/BZDUS","fOnline":1,"dtSerial":"04/20/07 10:33:24","fHidden":0,"sguid":{"$binary": "ezRDNEI0RDRDLTMyMDgtNDE1OS1BMTZBQjg5RDIwMEM4MzY3fQ==", "$type": "00"},"fUpdated":1}
{"hcrnc":88,"szName":"Costa Rican colon","lcid":5130,"rgbFormat":{"$binary": "AflDAFIAQwAAAAAAAAAAAAIAAAA=", "$type": "00"},"szIsoCode":"CRC","szSymbol":"/CRCUS","fOnline":1,"dtSerial":"04/20/07 10:33:24","fHidden":0,"sguid":{"$binary": "ezNGMTc0Q0Y4LTBFRDQtNDVDNy04NjVGNjdGNDc5MUU1OUJGfQ==", "$type": "00"},"fUpdated":1}
{"hcrnc":89,"szName":"Djibouti franc","lcid":32769,"rgbFormat":{"$binary": "AflEAEoARgAAAAAAAAAAAAIAAAA=", "$type": "00"},"szIsoCode":"DJF","szSymbol":"/DJFUS","fOnline":1,"dtSerial":"04/20/07 10:33:24","fHidden":0,"sguid":{"$binary": "ezVDRTU1NkYzLTJCNzAtNDBDRC1CMjdEMEFDOUNCNzFGREM1fQ==", "$type": "00"},"fUpdated":1}
{"hcrnc":90,"szName":"Dominican peso","lcid":7178,"rgbFormat":{"$binary": "AflSAEQAJAAAAAAAAAAAAAIAAAA=", "$type": "00"},"szIsoCode":"DOP","szSymbol":"/DOPUS","fOnline":1,"dtSerial":"04/20/07 10:33:24","fHidden":0,"sguid":{"$binary": "ezY2MkJGN0I4LTQ0REUtNEM5NC1BQkE5QzE2RkVDMDVFRkQ5fQ==", "$type": "00"},"fUpdated":1}
{"hcrnc":91,"szName":"Egyptian pound","lcid":3073,"rgbFormat":{"$binary": "AflFAEcAUAAAAAAAAAAAAAIAAAA=", "$type": "00"},"szIsoCode":"EGP","szSymbol":"/EGPUS","fOnline":1,"dtSerial":"04/20/07 10:33:24","fHidden":0,"sguid":{"$binary": "e0E4RTJFQTEyLTczNjUtNDkwNS1BOTUzNjhDQjJGNjU1QkZFfQ==", "$type": "00"},"fUpdated":1}
{"hcrnc":92,"szName":"Ethiopian birr","lcid":1118,"rgbFormat":{"$binary": "AflFAFQAQgAAAAAAAAAAAAIAAAA=", "$type": "00"},"szIsoCode":"ETB","szSymbol":"/ETBUS","fOnline":1,"dtSerial":"04/20/07 10:33:24","fHidden":0,"sguid":{"$binary": "e0M2RjJBMjBGLTdDRTItNDZBNi04REU4Q0IwMTJGNkNENTYwfQ==", "$type": "00"},"fUpdated":1}
{"hcrnc":93,"szName":"Fiji dollar","lcid":37897,"rgbFormat":{"$binary": "AflGAEoARAAAAAAAAAAAAAIAAAA=", "$type": "00"},"szIsoCode":"FJD","szSymbol":"/FJDUS","fOnline":1,"dtSerial":"04/20/07 10:33:24","fHidden":0,"sguid":{"$binary": "e0Y2N0IxRUE5LTIwRkMtNDJENi1COURDRjlGNkIzMEEzOUY2fQ==", "$type": "00"},"fUpdated":1}
{"hcrnc":94,"szName":"Gambian dalasi","lcid":38921,"rgbFormat":{"$binary": "AflHAE0ARAAAAAAAAAAAAAIAAAA=", "$type": "00"},"szIsoCode":"GMD","szSymbol":"/GMDUS","fOnline":1,"dtSerial":"04/20/07 10:33:24","fHidden":0,"sguid":{"$binary": "ezUwOEFGREM2LUFGQTktNDFDMS1BMDdGQzEzOTlCRDkyN0Q1fQ==", "$type": "00"},"fUpdated":1}
{"hcrnc":95,"szName":"Guyana dollar","lcid":39945,"rgbFormat":{"$binary": "AflHAFkARAAAAAAAAAAAAAIAAAA=", "$type": "00"},"szIsoCode":"GYD","szSymbol":"/GYDUS","fOnline":1,"dtSerial":"04/20/07 10:33:24","fHidden":0,"sguid":{"$binary": "ezlCRUVCMTUxLTA2REItNDREMS05Q0YyNDkxQUYxMkUzRUE2fQ==", "$type": "00"},"fUpdated":1}
{"hcrnc":96,"szName":"Honduran lempira","lcid":18442,"rgbFormat":{"$binary": "AflIAE4ATAAAAAAAAAAAAAIAAAA=", "$type": "00"},"szIsoCode":"HNL","szSymbol":"/HNLUS","fOnline":1,"dtSerial":"04/20/07 10:33:24","fHidden":0,"sguid":{"$binary": "ezYwNURCMkE1LTQxQjMtNDUwMC04MUU2QTY1NjJCNjdGOTc5fQ==", "$type": "00"},"fUpdated":1}
{"hcrnc":97,"szName":"Croatian kuna","lcid":1050,"rgbFormat":{"$binary": "AflrAG4AAAAAAAAAAAAAAAIAAAA=", "$type": "00"},"szIsoCode":"HRK","szSymbol":"/HRKUS","fOnline":1,"dtSerial":"04/20/07 10:33:24","fHidden":0,"sguid":{"$binary": "ezc1RDc5MDNDLTRFMjEtNEY1OS05NzdBODI2OEVEM0MwM0QwfQ==", "$type": "00"},"fUpdated":1}
{"hcrnc":99,"szName":"Iraqi dinar","lcid":2049,"rgbFormat":{"$binary": "AflJAFEARAAAAAAAAAAAAAIAAAA=", "$type": "00"},"szIsoCode":"IQD","szSymbol":"/IQDUS","fOnline":1,"dtSerial":"04/20/07 10:33:24","fHidden":0,"sguid":{"$binary": "ezEwMTFBOTk0LTREMDgtNDk1Mi05QkRCODBGOEM1NjY3MTk0fQ==", "$type": "00"},"fUpdated":1}
{"hcrnc":100,"szName":"Icelandic krona","lcid":1039,"rgbFormat":{"$binary": "AflrAHIALgAAAAAAAAAAAAIAAAA=", "$type": "00"},"szIsoCode":"ISK","szSymbol":"/ISKUS","fOnline":1,"dtSerial":"04/20/07 10:33:24","fHidden":0,"sguid":{"$binary": "e0QxRjFBNTMzLTJERDItNDdDMy04MkY2MTRGMjBERUYwRjg2fQ==", "$type": "00"},"fUpdated":1}
{"hcrnc":102,"szName":"Cambodian riel","lcid":1107,"rgbFormat":{"$binary": "AflLAEgAUgAAAAAAAAAAAAIAAAA=", "$type": "00"},"szIsoCode":"KHR","szSymbol":"/KHRUS","fOnline":1,"dtSerial":"04/20/07 10:33:24","fHidden":0,"sguid":{"$binary": "ezRDNTlFRjJGLTI5NzgtNDYzOS1BMDZGQjMxNzNENEVBOTcxfQ==", "$type": "00"},"fUpdated":1}
{"hcrnc":103,"szName":"Comoros franc","lcid":33804,"rgbFormat":{"$binary": "AflLAE0ARgAAAAAAAAAAAAIAAAA=", "$type": "00"},"szIsoCode":"KMF","szSymbol":"/KMFUS","fOnline":1,"dtSerial":"04/20/07 10:33:24","fHidden":0,"sguid":{"$binary": "e0MxRDk1REZDLUMxNUItNENCMC1CQkQ1REVGMjA4M0VGQUNCfQ==", "$type": "00"},"fUpdated":1}
{"hcrnc":104,"szName":"Cayman Islands dollar","lcid":35849,"rgbFormat":{"$binary": "AflLAFkARAAAAAAAAAAAAAIAAAA=", "$type": "00"},"szIsoCode":"KYD","szSymbol":"/KYDUS","fOnline":1,"dtSerial":"04/20/07 10:33:24","fHidden":0,"sguid":{"$binary": "ezY3MDY3MDFBLTVCODctNDJFNi05ODAzRDc3QzY5RjRCMjcxfQ==", "$type": "00"},"fUpdated":1}
{"hcrnc":105,"szName":"Kazakhztan tenge","lcid":1087,"rgbFormat":{"$binary": "AflUAAAAAAAAAAAAAAAAAAIAAAA=", "$type": "00"},"szIsoCode":"KZT","szSymbol":"/KZTUS","fOnline":1,"dtSerial":"04/20/07 10:33:24","fHidden":0,"sguid":{"$binary": "ezczMzAwRDkzLTE0QjEtNEM1Ri1BRjQzQ0YxNDkxQkEwQjA4fQ==", "$type": "00"},"fUpdated":1}
{"hcrnc":106,"szName":"Laos kip","lcid":1108,"rgbFormat":{"$binary": "AflMAEEASwAAAAAAAAAAAAIAAAA=", "$type": "00"},"szIsoCode":"LAK","szSymbol":"/LAKUS","fOnline":1,"dtSerial":"04/20/07 10:33:24","fHidden":0,"sguid":{"$binary": "ezZDQjQ1OThGLTQ2NUItNDY5Ni05ODcyRjJFOEU2ODYxMzhBfQ==", "$type": "00"},"fUpdated":1}
{"hcrnc":107,"szName":"Sri Lankan rupee","lcid":1115,"rgbFormat":{"$binary": "AflMAEsAUgAAAAAAAAAAAAIAAAA=", "$type": "00"},"szIsoCode":"LKR","szSymbol":"/LKRUS","fOnline":1,"dtSerial":"04/20/07 10:33:24","fHidden":0,"sguid":{"$binary": "ezlFNDQxNTQ3LUYzMTEtNDUzRi1CNzg2MUU1M0U2MzYzQzQ2fQ==", "$type": "00"},"fUpdated":1}
{"hcrnc":108,"szName":"Liberian dollar","lcid":41993,"rgbFormat":{"$binary": "AflMAFIARAAAAAAAAAAAAAIAAAA=", "$type": "00"},"szIsoCode":"LRD","szSymbol":"/LRDUS","fOnline":1,"dtSerial":"04/20/07 10:33:24","fHidden":0,"sguid":{"$binary": "ezIxNDlEREE2LUI1NzMtNEQ2Qy1CQkJDNzYxREQ4NDhCNkEyfQ==", "$type": "00"},"fUpdated":1}
{"hcrnc":109,"szName":"Lesotho loti","lcid":40969,"rgbFormat":{"$binary": "AflMAFMATAAAAAAAAAAAAAIAAAA=", "$type": "00"},"szIsoCode":"LSL","szSymbol":"/LSLUS","fOnline":1,"dtSerial":"04/20/07 10:33:24","fHidden":0,"sguid":{"$binary": "e0I3NUMxOTFBLTlEMjUtNEM0MC05RkRGRERFQ0Y4RTI0QTczfQ==", "$type": "00"},"fUpdated":1}
{"hcrnc":110,"szName":"Libyan dinar","lcid":4097,"rgbFormat":{"$binary": "AflMAFkARAAAAAAAAAAAAAIAAAA=", "$type": "00"},"szIsoCode":"LYD","szSymbol":"/LYDUS","fOnline":1,"dtSerial":"04/20/07 10:33:24","fHidden":0,"sguid":{"$binary": "ezFCNDE4RUZGLTEyNzUtNDMyOC1CMDM1NDgxRjg2MTg2NjA1fQ==", "$type": "00"},"fUpdated":1}
{"hcrnc":111,"szName":"Moldovian leu","lcid":2072,"rgbFormat":{"$binary": "AflNAEQATAAAAAAAAAAAAAIAAAA=", "$type": "00"},"szIsoCode":"MDL","szSymbol":"/MDLUS","fOnline":1,"dtSerial":"04/20/07 10:33:24","fHidden":0,"sguid":{"$binary": "e0JDMUMyNkI0LUFEQjEtNEZEMC05MzM1NDIzOTYwNTQ4NDk4fQ==", "$type": "00"},"fUpdated":1}
{"hcrnc":112,"szName":"Malagasy franc","lcid":35852,"rgbFormat":{"$binary": "AflNAEcARgAAAAAAAAAAAAIAAAA=", "$type": "00"},"szIsoCode":"MGF","szSymbol":"/MGFUS","fOnline":1,"dtSerial":"04/20/07 10:33:24","fHidden":0,"sguid":{"$binary": "e0M4RDcwQkQ4LUM4MTItNDUyQS04MkY2MUFCNTBBNzdFQjE4fQ==", "$type": "00"},"fUpdated":1}
{"hcrnc":113,"szName":"Mongolian tugrik","lcid":1104,"rgbFormat":{"$binary": "AflNAE4AVAAAAAAAAAAAAAIAAAA=", "$type": "00"},"szIsoCode":"MNT","szSymbol":"/MNTUS","fOnline":1,"dtSerial":"04/20/07 10:33:24","fHidden":0,"sguid":{"$binary": "ezc5OEU5OUJCLUE0MzUtNDIzNy04MzMwMjRFMDEyM0I5OUMxfQ==", "$type": "00"},"fUpdated":1}
{"hcrnc":114,"szName":"Macau pataca","lcid":5124,"rgbFormat":{"$binary": "AflNAE8AUAAAAAAAAAAAAAIAAAA=", "$type": "00"},"szIsoCode":"MOP","szSymbol":"/MOPUS","fOnline":1,"dtSerial":"04/20/07 10:33:24","fHidden":0,"sguid":{"$binary": "e0YxMTNBQzU4LThBMDgtNDU0RC1CRkM3NTFGNzc5QzA1ODJDfQ==", "$type": "00"},"fUpdated":1}
{"hcrnc":115,"szName":"Mauritania ouguiya","lcid":33793,"rgbFormat":{"$binary": "AflNAFIATwAAAAAAAAAAAAIAAAA=", "$type": "00"},"szIsoCode":"MRO","szSymbol":"/MROUS","fOnline":1,"dtSerial":"04/20/07 10:33:24","fHidden":0,"sguid":{"$binary": "ezVERDVEQzlBLTZFQkItNEQ0Ri04MjUwNjdEMUUwM0M1NzZCfQ==", "$type": "00"},"fUpdated":1}
{"hcrnc":116,"szName":"Mauritius rupee","lcid":44041,"rgbFormat":{"$binary": "AflNAFUAUgAAAAAAAAAAAAIAAAA=", "$type": "00"},"szIsoCode":"MUR","szSymbol":"/MURUS","fOnline":1,"dtSerial":"04/20/07 10:33:24","fHidden":0,"sguid":{"$binary": "ezA0QUUyQ0M5LUEyMzUtNEM3Ri05MENFMzhGNUYwRUM4MUVDfQ==", "$type": "00"},"fUpdated":1}
{"hcrnc":117,"szName":"Maldives rufiyaa","lcid":1071,"rgbFormat":{"$binary": "AflNAFYAUgAAAAAAAAAAAAIAAAA=", "$type": "00"},"szIsoCode":"MVR","szSymbol":"/MVRUS","fOnline":1,"dtSerial":"04/20/07 10:33:24","fHidden":0,"sguid":{"$binary": "ezk2QTk1NDFFLTg2OTQtNDBERi1CREZEN0M3MDVFOTNCQjBEfQ==", "$type": "00"},"fUpdated":1}
{"hcrnc":119,"szName":"Mozambique metical","lcid":33814,"rgbFormat":{"$binary": "AflNAFoATQAAAAAAAAAAAAIAAAA=", "$type": "00"},"szIsoCode":"MZM","szSymbol":"/MZMUS","fOnline":1,"dtSerial":"04/20/07 10:33:24","fHidden":0,"sguid":{"$binary": "e0M4M0Y2QjI2LTcwMUMtNEZGOS1COTRCQzgxODE5RkUwQ0NEfQ==", "$type": "00"},"fUpdated":1}
{"hcrnc":120,"szName":"Nigerian naira","lcid":1127,"rgbFormat":{"$binary": "AflOAEcATgAAAAAAAAAAAAIAAAA=", "$type": "00"},"szIsoCode":"NGN","szSymbol":"/NGNUS","fOnline":1,"dtSerial":"04/20/07 10:33:24","fHidden":0,"sguid":{"$binary": "e0VFNDUyRTk0LTE5OEMtNDUyNy1COTM3NkZDRTZCNDI0N0FEfQ==", "$type": "00"},"fUpdated":1}
{"hcrnc":121,"szName":"Nicaraguan cordoba oro","lcid":19466,"rgbFormat":{"$binary": "AflOAEkATwAAAAAAAAAAAAIAAAA=", "$type": "00"},"szIsoCode":"NIO","szSymbol":"/NIOUS","fOnline":1,"dtSerial":"04/20/07 10:33:24","fHidden":0,"sguid":{"$binary": "ezMyN0ZBQUUzLUQ4RTYtNEY2QS04MDA3Q0I5QzJFRUE3QzM5fQ==", "$type": "00"},"fUpdated":1}
{"hcrnc":122,"szName":"Nepalese rupee","lcid":1121,"rgbFormat":{"$binary": "AflOAFAAUgAAAAAAAAAAAAIAAAA=", "$type": "00"},"szIsoCode":"NPR","szSymbol":"/NPRUS","fOnline":1,"dtSerial":"04/20/07 10:33:24","fHidden":0,"sguid":{"$binary": "ezdGQzMzMUZBLTk3OTAtNEVDQS1CN0YxM0I1MURDOUUxNjYxfQ==", "$type": "00"},"fUpdated":1}
{"hcrnc":123,"szName":"Papua New Guinea kina","lcid":45065,"rgbFormat":{"$binary": "AflQAEcASwAAAAAAAAAAAAIAAAA=", "$type": "00"},"szIsoCode":"PGK","szSymbol":"/PGKUS","fOnline":1,"dtSerial":"04/20/07 10:33:24","fHidden":0,"sguid":{"$binary": "ezBBOTVFNUZBLURDQjctNDg4Qy05MDM3NUM5OTA2OTNGMEI0fQ==", "$type": "00"},"fUpdated":1}
{"hcrnc":124,"szName":"Paraguay guarani","lcid":15370,"rgbFormat":{"$binary": "AflQAFkARwAAAAAAAAAAAAIAAAA=", "$type": "00"},"szIsoCode":"PYG","szSymbol":"/PYGUS","fOnline":1,"dtSerial":"04/20/07 10:33:24","fHidden":0,"sguid":{"$binary": "ezNFRjE2NzE1LUY1QTUtNDE4Qy05NkVGNTkzMzE2RTQxRjU5fQ==", "$type": "00"},"fUpdated":1}
{"hcrnc":125,"szName":"Romanian leu","lcid":1048,"rgbFormat":{"$binary": "AflsAGUAaQAAAAAAAAAAAAIAAAA=", "$type": "00"},"szIsoCode":"RON","szSymbol":"/RONUS","fOnline":1,"dtSerial":"04/20/07 10:33:24","fHidden":0,"sguid":{"$binary": "ezcxMTAyQ0UyLTZFMkEtNEYxQi1CMzA0Mjg5RUFFQjg4MEREfQ==", "$type": "00"},"fUpdated":1}
{"hcrnc":126,"szName":"Rwandan franc","lcid":36876,"rgbFormat":{"$binary": "AflSAFcARgAAAAAAAAAAAAIAAAA=", "$type": "00"},"szIsoCode":"RWF","szSymbol":"/RWFUS","fOnline":1,"dtSerial":"04/20/07 10:33:24","fHidden":0,"sguid":{"$binary": "ezRERkQyNkE0LUFBQUQtNEREQS05NUFFQTY1NTJFQUQ0MjQwfQ==", "$type": "00"},"fUpdated":1}
{"hcrnc":127,"szName":"Solomon Islands dollar","lcid":47113,"rgbFormat":{"$binary": "AflTAEIARAAAAAAAAAAAAAIAAAA=", "$type": "00"},"szIsoCode":"SBD","szSymbol":"/SBDUS","fOnline":1,"dtSerial":"04/20/07 10:33:24","fHidden":0,"sguid":{"$binary": "ezU2MjhCNUQyLTQ5NUUtNDE5RC05NTNBOEY0MzdDNzM5OEQwfQ==", "$type": "00"},"fUpdated":1}
{"hcrnc":128,"szName":"Seychelles rupee","lcid":37900,"rgbFormat":{"$binary": "AflTAEMAUgAAAAAAAAAAAAIAAAA=", "$type": "00"},"szIsoCode":"SCR","szSymbol":"/SCRUS","fOnline":1,"dtSerial":"04/20/07 10:33:24","fHidden":0,"sguid":{"$binary": "e0U3N0E0NkQ4LUY5RjgtNEYyNC05MEIzNUMxMzA2NjE5MzkyfQ==", "$type": "00"},"fUpdated":1}
{"hcrnc":129,"szName":"Sierra Leone leone","lcid":46089,"rgbFormat":{"$binary": "AflTAEwATAAAAAAAAAAAAAIAAAA=", "$type": "00"},"szIsoCode":"SLL","szSymbol":"/SLLUS","fOnline":1,"dtSerial":"04/20/07 10:33:24","fHidden":0,"sguid":{"$binary": "ezQ1NjE2OEVFLTQyOEYtNDA3MC1BN0VEMjVFMDcyQzQ0MDdDfQ==", "$type": "00"},"fUpdated":1}
{"hcrnc":130,"szName":"Somalia schilling","lcid":1143,"rgbFormat":{"$binary": "AflTAE8AUwAAAAAAAAAAAAIAAAA=", "$type": "00"},"szIsoCode":"SOS","szSymbol":"/SOSUS","fOnline":1,"dtSerial":"04/20/07 10:33:24","fHidden":0,"sguid":{"$binary": "ezRCNTRDNTBCLTlDQkYtNENBNC05ODE4REUyNTRFMENDRTg2fQ==", "$type": "00"},"fUpdated":1}
{"hcrnc":131,"szName":"Suriname guilder","lcid":33811,"rgbFormat":{"$binary": "AflTAFIARwAAAAAAAAAAAAIAAAA=", "$type": "00"},"szIsoCode":"SRG","szSymbol":"/SRGUS","fOnline":1,"dtSerial":"04/20/07 10:33:24","fHidden":0,"sguid":{"$binary": "e0ZGRjgwNENBLTNBNEQtNDJFQy04MkVGNDQxQzRFQUVCOUY2fQ==", "$type": "00"},"fUpdated":1}
{"hcrnc":132,"szName":"Sao Tome and Principe dobra","lcid":34838,"rgbFormat":{"$binary": "AflTAFQARAAAAAAAAAAAAAIAAAA=", "$type": "00"},"szIsoCode":"STD","szSymbol":"/STDUS","fOnline":1,"dtSerial":"04/20/07 10:33:24","fHidden":0,"sguid":{"$binary": "e0Y2OTVFNTdBLTgwNjgtNEM3OS1BMjQ0Rjc1NEEyRDI4QzdEfQ==", "$type": "00"},"fUpdated":1}
{"hcrnc":133,"szName":"Syrian pound","lcid":10241,"rgbFormat":{"$binary": "AflTAFkAUAAAAAAAAAAAAAIAAAA=", "$type": "00"},"szIsoCode":"SYP","szSymbol":"/SYPUS","fOnline":1,"dtSerial":"04/20/07 10:33:24","fHidden":0,"sguid":{"$binary": "ezk1QkNFMkQ5LTM5MjItNEJDMC1CRjdBMDhDNzM3OUJDQUJDfQ==", "$type": "00"},"fUpdated":1}
{"hcrnc":134,"szName":"Swaziland lilangeni","lcid":48137,"rgbFormat":{"$binary": "AflTAFoATAAAAAAAAAAAAAIAAAA=", "$type": "00"},"szIsoCode":"SZL","szSymbol":"/SZLUS","fOnline":1,"dtSerial":"04/20/07 10:33:24","fHidden":0,"sguid":{"$binary": "e0IwRjdBRkExLUUwNDctNEZGMi04Q0NFNjNERUNDNEFCRTUyfQ==", "$type": "00"},"fUpdated":1}
{"hcrnc":135,"szName":"Tonga pa'anga","lcid":49161,"rgbFormat":{"$binary": "AflUAE8AUAAAAAAAAAAAAAIAAAA=", "$type": "00"},"szIsoCode":"TOP","szSymbol":"/TOPUS","fOnline":1,"dtSerial":"04/20/07 10:33:24","fHidden":0,"sguid":{"$binary": "e0Q4QzNERUFBLUYwODYtNEY2Ni1CNDdFRDMzOEMwNDIyNDEzfQ==", "$type": "00"},"fUpdated":1}
{"hcrnc":136,"szName":"Trinidad and Tobago dollar","lcid":11273,"rgbFormat":{"$binary": "AflUAFQAJAAAAAAAAAAAAAIAAAA=", "$type": "00"},"szIsoCode":"TTD","szSymbol":"/TTDUS","fOnline":1,"dtSerial":"04/20/07 10:33:24","fHidden":0,"sguid":{"$binary": "e0Y0MUQzMjA5LTc4RjQtNERFQi04Q0Q0QkNGNzhBRkUxRjRFfQ==", "$type": "00"},"fUpdated":1}
{"hcrnc":137,"szName":"Ukranian hryvnia","lcid":1058,"rgbFormat":{"$binary": "AflVAEEASAAAAAAAAAAAAAIAAAA=", "$type": "00"},"szIsoCode":"UAH","szSymbol":"/UAHUS","fOnline":1,"dtSerial":"04/20/07 10:33:24","fHidden":0,"sguid":{"$binary": "e0ZCNDRFRkZELTE2NkUtNENGNC05Mjc5MkZBNUQ3MEMyRTAyfQ==", "$type": "00"},"fUpdated":1}
{"hcrnc":138,"szName":"Ugandan shilling","lcid":1089,"rgbFormat":{"$binary": "AflVAEcAWAAAAAAAAAAAAAIAAAA=", "$type": "00"},"szIsoCode":"UGX","szSymbol":"/UGXUS","fOnline":1,"dtSerial":"04/20/07 10:33:24","fHidden":0,"sguid":{"$binary": "e0QwMEJBNUQ0LUI0OUItNDk4OC1BRTg1ODI5MDE4QjM4MzY2fQ==", "$type": "00"},"fUpdated":1}
{"hcrnc":139,"szName":"Uruguay peso","lcid":14346,"rgbFormat":{"$binary": "AfkkAFUAAAAAAAAAAAAAAAIAAAA=", "$type": "00"},"szIsoCode":"UYU","szSymbol":"/UYUUS","fOnline":1,"dtSerial":"04/20/07 10:33:24","fHidden":0,"sguid":{"$binary": "e0UzMDQyRkQ4LTlDOTYtNEVBNi1CN0UwQkEwRDQ4QjJDQkNEfQ==", "$type": "00"},"fUpdated":1}
{"hcrnc":140,"szName":"Vanuatu vatu","lcid":50185,"rgbFormat":{"$binary": "AflWAFUAVgAAAAAAAAAAAAIAAAA=", "$type": "00"},"szIsoCode":"VUV","szSymbol":"/VUVUS","fOnline":1,"dtSerial":"04/20/07 10:33:24","fHidden":0,"sguid":{"$binary": "ezY2OTQ2Mjg0LUZCRkQtNEFDOS04RTMwQzVFM0RFQTM3NUFEfQ==", "$type": "00"},"fUpdated":1}
{"hcrnc":141,"szName":"West Samoa tala","lcid":51209,"rgbFormat":{"$binary": "AflXAFMAVAAAAAAAAAAAAAIAAAA=", "$type": "00"},"szIsoCode":"WST","szSymbol":"/WSTUS","fOnline":1,"dtSerial":"04/20/07 10:33:24","fHidden":0,"sguid":{"$binary": "e0M4QkY2MkRFLTdENDItNEFGOS1CQzIxNTFGODhCNzhFOTk5fQ==", "$type": "00"},"fUpdated":1}
{"hcrnc":142,"szName":"CFA franc (BEAC)","lcid":10252,"rgbFormat":{"$binary": "AflYAEEARgAAAAAAAAAAAAIAAAA=", "$type": "00"},"szIsoCode":"XAF","szSymbol":"/XAFUS","fOnline":1,"dtSerial":"04/20/07 10:33:24","fHidden":0,"sguid":{"$binary": "ezhDMTg3QjAyLThEQjctNDZDRC1CQkZFRURBRTI4N0EwMjVCfQ==", "$type": "00"},"fUpdated":1}
{"hcrnc":143,"szName":"East Caribbean dollar","lcid":36873,"rgbFormat":{"$binary": "AflYAEMARAAAAAAAAAAAAAIAAAA=", "$type": "00"},"szIsoCode":"XCD","szSymbol":"/XCDUS","fOnline":1,"dtSerial":"04/20/07 10:33:24","fHidden":0,"sguid":{"$binary": "ezhGODExNDcxLUQ2OTgtNEUyRS05RjYzNDlBRUY3NzAzQTA1fQ==", "$type": "00"},"fUpdated":1}
{"hcrnc":144,"szName":"CFP franc","lcid":34828,"rgbFormat":{"$binary": "AflYAFAARgAAAAAAAAAAAAIAAAA=", "$type": "00"},"szIsoCode":"XPF","szSymbol":"/XPFUS","fOnline":1,"dtSerial":"04/20/07 10:33:24","fHidden":0,"sguid":{"$binary": "e0EzMjBDM0FCLTYyMzktNDk3NS1CQTlGQjdEQkZBOEI0ODhCfQ==", "$type": "00"},"fUpdated":1}
{"hcrnc":145,"szName":"Yemeni riyal","lcid":9217,"rgbFormat":{"$binary": "AflZAEUAVAAAAAAAAAAAAAIAAAA=", "$type": "00"},"szIsoCode":"YER","szSymbol":"/YERUS","fOnline":1,"dtSerial":"04/20/07 10:33:24","fHidden":0,"sguid":{"$binary": "ezkzRTZCNUEyLTgxM0ItNEVERi04NEFFQTZFM0VBNDc0MTlEfQ==", "$type": "00"},"fUpdated":1}
{"hcrnc":146,"szName":"Zambian kwacha","lcid":52233,"rgbFormat":{"$binary": "AflaAE0ASwAAAAAAAAAAAAIAAAA=", "$type": "00"},"szIsoCode":"ZMK","szSymbol":"/ZMKUS","fOnline":1,"dtSerial":"04/20/07 10:33:24","fHidden":0,"sguid":{"$binary": "e0YyODQ3NUM1LUY0NzAtNDk1MS05NDY0QjdEOEZDODMxRTg3fQ==", "$type": "00"},"fUpdated":1}
{"hcrnc":147,"szName":"Haitian gourde","lcid":15372,"rgbFormat":{"$binary": "AflIAFQARwAAAAAAAAAAAAIAAAA=", "$type": "00"},"szIsoCode":"HTG","szSymbol":"/HTGUS","fOnline":1,"dtSerial":"04/20/07 10:33:24","fHidden":0,"sguid":{"$binary": "ezQxOTFDOEFDLTRGQjQtNEFEMS04MkMwNzBBMjY1OEU0QkI4fQ==", "$type": "00"},"fUpdated":1}
{"hcrnc":148,"szName":"Jamaican dollar","lcid":8201,"rgbFormat":{"$binary": "AflKAE0ARAAAAAAAAAAAAAIAAAA=", "$type": "00"},"szIsoCode":"JMD","szSymbol":"/JMDUS","fOnline":1,"dtSerial":"04/20/07 10:33:24","fHidden":0,"sguid":{"$binary": "ezM1MzIwRUI5LTRDMTUtNDYzRS04QjdFRDc4MDc3OUFDRDNEfQ==", "$type": "00"},"fUpdated":1}
{"hcrnc":149,"szName":"Malawi kwacha","lcid":43017,"rgbFormat":{"$binary": "AflNAGsAAAAAAAAAAAAAAAIAAAA=", "$type": "00"},"szIsoCode":"MWK","szSymbol":"/MWKUS","fOnline":1,"dtSerial":"04/20/07 10:33:24","fHidden":0,"sguid":{"$binary": "ezc5QjQzNjQ2LUNBQTYtNDkzRC1BQzk5NDhDMzNBNjcwQTQyfQ==", "$type": "00"},"fUpdated":1}
{"hcrnc":150,"szName":"Panama Balboa","lcid":6154,"rgbFormat":{"$binary": "AflCAC8ALgAAAAAAAAAAAAIAAAA=", "$type": "00"},"szIsoCode":"PAB","szSymbol":"/PABUS","fOnline":1,"dtSerial":"04/20/07 10:33:24","fHidden":0,"sguid":{"$binary": "ezYzNThBQjFCLTEzNjQtNERGMi04RDkzNDhBN0Q0NDM1MzNGfQ==", "$type": "00"},"fUpdated":1}
{"hcrnc":151,"szName":"Uzbekistan Sum","lcid":2115,"rgbFormat":{"$binary": "AflVAFoAUwAAAAAAAAAAAAIAAAA=", "$type": "00"},"szIsoCode":"UZS","szSymbol":"/UZSUZ","fOnline":1,"dtSerial":"04/20/07 10:33:24","fHidden":0,"sguid":{"$binary": "ezlCMjIxOUM4LTNGOTEtNDdBOC1BMUE5MDE4NjkzQzYyQjc2fQ==", "$type": "00"},"fUpdated":1}
{"hcrnc":152,"szName":"Serbian dinar","lcid":3098,"rgbFormat":{"$binary": "AflEAGkAbgAAAAAAAAAAAAIAAAA=", "$type": "00"},"szIsoCode":"CSD","szSymbol":"/CSDUS","fOnline":1,"dtSerial":"04/20/07 10:33:24","fHidden":0,"sguid":{"$binary": "e0ZDMzkxOEVBLTBGQzAtNDE4Ri1COTQ5QzJGNDc2RDRBM0MxfQ==", "$type": "00"},"fUpdated":1}
{"hcrnc":153,"szName":"Bosnia-Herzegovina marka","lcid":4122,"rgbFormat":{"$binary": "AflCAEEATQAAAAAAAAAAAAIAAAA=", "$type": "00"},"szIsoCode":"BAM","szSymbol":"/BAMUS","fOnline":1,"dtSerial":"04/20/07 10:33:24","fHidden":0,"sguid":{"$binary": "ezlEQzA1NDlELUMzMDAtNDg1NC05NUZBREVEODQ0MDkzRERDfQ==", "$type": "00"},"fUpdated":1}
{"hcrnc":154,"szName":"Cape Verde Escudo","lcid":32790,"rgbFormat":{"$binary": "AflDAFYARQAAAAAAAAAAAAIAAAA=", "$type": "00"},"szIsoCode":"CVE","szSymbol":"/CVEUS","fOnline":1,"dtSerial":"04/20/07 10:33:24","fHidden":0,"sguid":{"$binary": "ezAxNjI2OTNGLTRBNDUtNENGQS1BN0FDNzc4NEMyOUYxNDkxfQ==", "$type": "00"},"fUpdated":1}
{"hcrnc":155,"szName":"Georgian Lari","lcid":1079,"rgbFormat":{"$binary": "AflHAEUATAAAAAAAAAAAAAIAAAA=", "$type": "00"},"szIsoCode":"GEL","szSymbol":"/GELUS","fOnline":1,"dtSerial":"04/20/07 10:33:24","fHidden":0,"sguid":{"$binary": "e0NBMDExNzMxLTgwRUQtNEIxMS1BOUU0MzcyNzEyMkVBQzY0fQ==", "$type": "00"},"fUpdated":1}
{"hcrnc":156,"szName":"Iranian Riyal","lcid":1065,"rgbFormat":{"$binary": "AflSAGwAcwAAAAAAAAAAAAIAAAA=", "$type": "00"},"szIsoCode":"IRR","szSymbol":"/IRRUS","fOnline":1,"dtSerial":"04/20/07 10:33:24","fHidden":0,"sguid":{"$binary": "e0UwRDlGMkNCLTMzNDctNEREOC04NEI3OTFEQjhEMzZGRDM1fQ==", "$type": "00"},"fUpdated":1}
{"hcrnc":157,"szName":"Turkmenistani Manat","lcid":1090,"rgbFormat":{"$binary": "AflUAE0ATQAAAAAAAAAAAAIAAAA=", "$type": "00"},"szIsoCode":"TMM","szSymbol":"/TMMUS","fOnline":1,"dtSerial":"04/20/07 10:33:24","fHidden":0,"sguid":{"$binary": "e0E4OTY3MDQxLTI0REYtNDE0Qy05OUREOEY0QjkwQzIzQzMwfQ==", "$type": "00"},"fUpdated":1}
{"hcrnc":158,"szName":"Cuban Peso","lcid":1216,"rgbFormat":{"$binary": "AflDAFUAUAAAAAAAAAAAAAIAAAA=", "$type": "00"},"szIsoCode":"CUP","szSymbol":"/CUPUS","fOnline":1,"dtSerial":"04/20/07 10:33:24","fHidden":0,"sguid":{"$binary": "e0IwOTE0M0ZELUUyNDYtNDU5QS1BOTk2N0JCMUU0QTdBNzA2fQ==", "$type": "00"},"fUpdated":1}
