{"hcrncFrom":44,"hcrncTo":4,"rate":40.3399,"dt":"08/17/02 00:00:00","fReversed":0,"fThroughEuro":0,"fHist":0}
{"hcrncFrom":44,"hcrncTo":13,"rate":1.95583,"dt":"08/17/02 00:00:00","fReversed":0,"fThroughEuro":0,"fHist":0}
{"hcrncFrom":44,"hcrncTo":37,"rate":166.386,"dt":"08/17/02 00:00:00","fReversed":0,"fThroughEuro":0,"fHist":0}
{"hcrncFrom":44,"hcrncTo":17,"rate":6.55957,"dt":"08/17/02 00:00:00","fReversed":0,"fThroughEuro":0,"fHist":0}
{"hcrncFrom":44,"hcrncTo":23,"rate":0.787564,"dt":"08/17/02 00:00:00","fReversed":0,"fThroughEuro":0,"fHist":0}
{"hcrncFrom":44,"hcrncTo":24,"rate":1936.27,"dt":"08/17/02 00:00:00","fReversed":0,"fThroughEuro":0,"fHist":0}
{"hcrncFrom":44,"hcrncTo":27,"rate":40.3399,"dt":"08/17/02 00:00:00","fReversed":0,"fThroughEuro":0,"fHist":0}
{"hcrncFrom":44,"hcrncTo":29,"rate":2.20371,"dt":"08/17/02 00:00:00","fReversed":0,"fThroughEuro":0,"fHist":0}
{"hcrncFrom":44,"hcrncTo":3,"rate":13.7603,"dt":"08/17/02 00:00:00","fReversed":0,"fThroughEuro":0,"fHist":0}
{"hcrncFrom":44,"hcrncTo":35,"rate":200.482,"dt":"08/17/02 00:00:00","fReversed":0,"fThroughEuro":0,"fHist":0}
{"hcrncFrom":44,"hcrncTo":16,"rate":5.94573,"dt":"08/17/02 00:00:00","fReversed":0,"fThroughEuro":0,"fHist":0}
{"hcrncFrom":44,"hcrncTo":45,"rate":1.36556,"dt":"01/00/00 00:00:00","fReversed":0,"fThroughEuro":0,"fHist":0}
{"hcrncFrom":1,"hcrncTo":45,"rate":0.32383,"dt":"01/00/00 00:00:00","fReversed":0,"fThroughEuro":0,"fHist":0}
{"hcrncFrom":2,"hcrncTo":45,"rate":0.83091,"dt":"01/00/00 00:00:00","fReversed":0,"fThroughEuro":0,"fHist":0}
{"hcrncFrom":5,"hcrncTo":45,"rate":0.1251,"dt":"01/00/00 00:00:00","fReversed":0,"fThroughEuro":0,"fHist":0}
{"hcrncFrom":6,"hcrncTo":45,"rate":0.49776,"dt":"01/00/00 00:00:00","fReversed":0,"fThroughEuro":0,"fHist":0}
{"hcrncFrom":7,"hcrncTo":45,"rate":0.90179,"dt":"01/00/00 00:00:00","fReversed":0,"fThroughEuro":0,"fHist":0}
{"hcrncFrom":8,"hcrncTo":45,"rate":0.82836,"dt":"01/00/00 00:00:00","fReversed":0,"fThroughEuro":0,"fHist":0}
{"hcrncFrom":9,"hcrncTo":45,"rate":0.00191,"dt":"01/00/00 00:00:00","fReversed":0,"fThroughEuro":0,"fHist":0}
{"hcrncFrom":10,"hcrncTo":45,"rate":0.12982,"dt":"01/00/00 00:00:00","fReversed":0,"fThroughEuro":0,"fHist":0}
{"hcrncFrom":11,"hcrncTo":45,"rate":0.00048,"dt":"01/00/00 00:00:00","fReversed":0,"fThroughEuro":0,"fHist":0}
{"hcrncFrom":12,"hcrncTo":45,"rate":0.04848,"dt":"01/00/00 00:00:00","fReversed":0,"fThroughEuro":0,"fHist":0}
{"hcrncFrom":14,"hcrncTo":45,"rate":0.18324,"dt":"01/00/00 00:00:00","fReversed":0,"fThroughEuro":0,"fHist":0}
{"hcrncFrom":15,"hcrncTo":45,"rate":4e-05,"dt":"01/00/00 00:00:00","fReversed":0,"fThroughEuro":0,"fHist":0}
{"hcrncFrom":18,"hcrncTo":45,"rate":2.0004,"dt":"01/00/00 00:00:00","fReversed":0,"fThroughEuro":0,"fHist":0}
{"hcrncFrom":20,"hcrncTo":45,"rate":0.12784,"dt":"01/00/00 00:00:00","fReversed":0,"fThroughEuro":0,"fHist":0}
{"hcrncFrom":21,"hcrncTo":45,"rate":0.00552,"dt":"01/00/00 00:00:00","fReversed":0,"fThroughEuro":0,"fHist":0}
{"hcrncFrom":22,"hcrncTo":45,"rate":0.00011,"dt":"01/00/00 00:00:00","fReversed":0,"fThroughEuro":0,"fHist":0}
{"hcrncFrom":25,"hcrncTo":45,"rate":0.008370000000000001,"dt":"01/00/00 00:00:00","fReversed":0,"fThroughEuro":0,"fHist":0}
{"hcrncFrom":26,"hcrncTo":45,"rate":0.00107,"dt":"01/00/00 00:00:00","fReversed":0,"fThroughEuro":0,"fHist":0}
{"hcrncFrom":28,"hcrncTo":45,"rate":0.09138,"dt":"01/00/00 00:00:00","fReversed":0,"fThroughEuro":0,"fHist":0}
{"hcrncFrom":30,"hcrncTo":45,"rate":0.74189,"dt":"01/00/00 00:00:00","fReversed":0,"fThroughEuro":0,"fHist":0}
{"hcrncFrom":31,"hcrncTo":45,"rate":0.16826,"dt":"01/00/00 00:00:00","fReversed":0,"fThroughEuro":0,"fHist":0}
{"hcrncFrom":32,"hcrncTo":45,"rate":0.3125,"dt":"01/00/00 00:00:00","fReversed":0,"fThroughEuro":0,"fHist":0}
{"hcrncFrom":33,"hcrncTo":45,"rate":0.01852,"dt":"01/00/00 00:00:00","fReversed":0,"fThroughEuro":0,"fHist":0}
{"hcrncFrom":34,"hcrncTo":45,"rate":0.34087,"dt":"01/00/00 00:00:00","fReversed":0,"fThroughEuro":0,"fHist":0}
{"hcrncFrom":36,"hcrncTo":45,"rate":0.03894,"dt":"01/00/00 00:00:00","fReversed":0,"fThroughEuro":0,"fHist":0}
{"hcrncFrom":38,"hcrncTo":45,"rate":0.14942,"dt":"01/00/00 00:00:00","fReversed":0,"fThroughEuro":0,"fHist":0}
{"hcrncFrom":39,"hcrncTo":45,"rate":0.6582,"dt":"01/00/00 00:00:00","fReversed":0,"fThroughEuro":0,"fHist":0}
{"hcrncFrom":40,"hcrncTo":45,"rate":0.03053,"dt":"01/00/00 00:00:00","fReversed":0,"fThroughEuro":0,"fHist":0}
{"hcrncFrom":41,"hcrncTo":45,"rate":0.02995,"dt":"01/00/00 00:00:00","fReversed":0,"fThroughEuro":0,"fHist":0}
{"hcrncFrom":42,"hcrncTo":45,"rate":0.00047,"dt":"01/00/00 00:00:00","fReversed":0,"fThroughEuro":0,"fHist":0}
{"hcrncFrom":43,"hcrncTo":45,"rate":0.14225,"dt":"01/00/00 00:00:00","fReversed":0,"fThroughEuro":0,"fHist":0}
{"hcrncFrom":44,"hcrncTo":19,"rate":340.75,"dt":"12/10/02 00:00:00","fReversed":0,"fThroughEuro":0,"fHist":0}
{"hcrncFrom":46,"hcrncTo":45,"rate":0.13087,"dt":"01/00/00 00:00:00","fReversed":0,"fThroughEuro":0,"fHist":0}
{"hcrncFrom":47,"hcrncTo":45,"rate":0.12171,"dt":"01/00/00 00:00:00","fReversed":0,"fThroughEuro":0,"fHist":0}
{"hcrncFrom":48,"hcrncTo":45,"rate":0.77658,"dt":"01/00/00 00:00:00","fReversed":0,"fThroughEuro":0,"fHist":0}
{"hcrncFrom":49,"hcrncTo":45,"rate":0.01408,"dt":"01/00/00 00:00:00","fReversed":0,"fThroughEuro":0,"fHist":0}
{"hcrncFrom":51,"hcrncTo":45,"rate":0.24851,"dt":"01/00/00 00:00:00","fReversed":0,"fThroughEuro":0,"fHist":0}
{"hcrncFrom":52,"hcrncTo":45,"rate":0.29227,"dt":"01/00/00 00:00:00","fReversed":0,"fThroughEuro":0,"fHist":0}
{"hcrncFrom":53,"hcrncTo":45,"rate":0.16459,"dt":"01/00/00 00:00:00","fReversed":0,"fThroughEuro":0,"fHist":0}
{"hcrncFrom":54,"hcrncTo":45,"rate":0.00011,"dt":"01/00/00 00:00:00","fReversed":0,"fThroughEuro":0,"fHist":0}
{"hcrncFrom":55,"hcrncTo":45,"rate":0.01471,"dt":"01/00/00 00:00:00","fReversed":0,"fThroughEuro":0,"fHist":0}
{"hcrncFrom":56,"hcrncTo":45,"rate":0.14176,"dt":"01/00/00 00:00:00","fReversed":0,"fThroughEuro":0,"fHist":0}
{"hcrncFrom":57,"hcrncTo":45,"rate":0.00398,"dt":"01/00/00 00:00:00","fReversed":0,"fThroughEuro":0,"fHist":0}
{"hcrncFrom":3,"hcrncTo":45,"rate":0.09809,"dt":"01/00/00 00:00:00","fReversed":0,"fThroughEuro":0,"fHist":0}
{"hcrncFrom":4,"hcrncTo":45,"rate":0.0334,"dt":"01/00/00 00:00:00","fReversed":0,"fThroughEuro":0,"fHist":0}
{"hcrncFrom":13,"hcrncTo":45,"rate":0.6885599999999999,"dt":"01/00/00 00:00:00","fReversed":0,"fThroughEuro":0,"fHist":0}
{"hcrncFrom":16,"hcrncTo":45,"rate":0.22658,"dt":"01/00/00 00:00:00","fReversed":0,"fThroughEuro":0,"fHist":0}
{"hcrncFrom":17,"hcrncTo":45,"rate":0.20531,"dt":"01/00/00 00:00:00","fReversed":0,"fThroughEuro":0,"fHist":0}
{"hcrncFrom":19,"hcrncTo":45,"rate":0.00395,"dt":"01/00/00 00:00:00","fReversed":0,"fThroughEuro":0,"fHist":0}
{"hcrncFrom":23,"hcrncTo":45,"rate":1.7094,"dt":"01/00/00 00:00:00","fReversed":0,"fThroughEuro":0,"fHist":0}
{"hcrncFrom":24,"hcrncTo":45,"rate":0.0007,"dt":"01/00/00 00:00:00","fReversed":0,"fThroughEuro":0,"fHist":0}
{"hcrncFrom":27,"hcrncTo":45,"rate":0.0267,"dt":"01/00/00 00:00:00","fReversed":0,"fThroughEuro":0,"fHist":0}
{"hcrncFrom":29,"hcrncTo":45,"rate":0.61117,"dt":"01/00/00 00:00:00","fReversed":0,"fThroughEuro":0,"fHist":0}
{"hcrncFrom":35,"hcrncTo":45,"rate":0.00672,"dt":"01/00/00 00:00:00","fReversed":0,"fThroughEuro":0,"fHist":0}
{"hcrncFrom":37,"hcrncTo":45,"rate":0.00809,"dt":"01/00/00 00:00:00","fReversed":0,"fThroughEuro":0,"fHist":0}
{"hcrncFrom":50,"hcrncTo":45,"rate":0.73373,"dt":"01/00/00 00:00:00","fReversed":0,"fThroughEuro":0,"fHist":0}
{"hcrncFrom":58,"hcrncTo":45,"rate":2.65562,"dt":"01/00/00 00:00:00","fReversed":0,"fThroughEuro":0,"fHist":0}
{"hcrncFrom":59,"hcrncTo":45,"rate":1.41084,"dt":"01/00/00 00:00:00","fReversed":0,"fThroughEuro":0,"fHist":0}
{"hcrncFrom":60,"hcrncTo":45,"rate":3.45698,"dt":"01/00/00 00:00:00","fReversed":0,"fThroughEuro":0,"fHist":0}
{"hcrncFrom":61,"hcrncTo":45,"rate":2.59787,"dt":"01/00/00 00:00:00","fReversed":0,"fThroughEuro":0,"fHist":0}
{"hcrncFrom":62,"hcrncTo":45,"rate":0.01647,"dt":"01/00/00 00:00:00","fReversed":0,"fThroughEuro":0,"fHist":0}
{"hcrncFrom":63,"hcrncTo":45,"rate":0.27488,"dt":"01/00/00 00:00:00","fReversed":0,"fThroughEuro":0,"fHist":0}
{"hcrncFrom":64,"hcrncTo":45,"rate":0.26667,"dt":"01/00/00 00:00:00","fReversed":0,"fThroughEuro":0,"fHist":0}
{"hcrncFrom":65,"hcrncTo":45,"rate":0.27229,"dt":"01/00/00 00:00:00","fReversed":0,"fThroughEuro":0,"fHist":0}
{"hcrncFrom":66,"hcrncTo":45,"rate":6e-05,"dt":"01/00/00 00:00:00","fReversed":0,"fThroughEuro":0,"fHist":0}
{"hcrncFrom":67,"hcrncTo":45,"rate":0.02437,"dt":"01/00/00 00:00:00","fReversed":0,"fThroughEuro":0,"fHist":0}
{"hcrncFrom":68,"hcrncTo":45,"rate":2.36967,"dt":"01/00/00 00:00:00","fReversed":0,"fThroughEuro":0,"fHist":0}
{"hcrncFrom":69,"hcrncTo":45,"rate":0.0008,"dt":"01/00/00 00:00:00","fReversed":0,"fThroughEuro":0,"fHist":0}
{"hcrncFrom":70,"hcrncTo":45,"rate":0.00066,"dt":"01/00/00 00:00:00","fReversed":0,"fThroughEuro":0,"fHist":0}
{"hcrncFrom":71,"hcrncTo":45,"rate":0.08608,"dt":"01/00/00 00:00:00","fReversed":0,"fThroughEuro":0,"fHist":0}
{"hcrncFrom":72,"hcrncTo":45,"rate":1.93874,"dt":"01/00/00 00:00:00","fReversed":0,"fThroughEuro":0,"fHist":0}
{"hcrncFrom":73,"hcrncTo":45,"rate":0.39015,"dt":"01/00/00 00:00:00","fReversed":0,"fThroughEuro":0,"fHist":0}
{"hcrncFrom":74,"hcrncTo":45,"rate":0.03589,"dt":"01/00/00 00:00:00","fReversed":0,"fThroughEuro":0,"fHist":0}
{"hcrncFrom":75,"hcrncTo":45,"rate":0.00562,"dt":"01/00/00 00:00:00","fReversed":0,"fThroughEuro":0,"fHist":0}
{"hcrncFrom":76,"hcrncTo":45,"rate":3.11236,"dt":"01/00/00 00:00:00","fReversed":0,"fThroughEuro":0,"fHist":0}
{"hcrncFrom":78,"hcrncTo":45,"rate":0.55897,"dt":"01/00/00 00:00:00","fReversed":0,"fThroughEuro":0,"fHist":0}
{"hcrncFrom":79,"hcrncTo":45,"rate":0.50378,"dt":"01/00/00 00:00:00","fReversed":0,"fThroughEuro":0,"fHist":0}
{"hcrncFrom":80,"hcrncTo":45,"rate":0.01584,"dt":"01/00/00 00:00:00","fReversed":0,"fThroughEuro":0,"fHist":0}
{"hcrncFrom":82,"hcrncTo":45,"rate":0.0009300000000000001,"dt":"01/00/00 00:00:00","fReversed":0,"fThroughEuro":0,"fHist":0}
{"hcrncFrom":83,"hcrncTo":45,"rate":0.9995000000000001,"dt":"01/00/00 00:00:00","fReversed":0,"fThroughEuro":0,"fHist":0}
{"hcrncFrom":84,"hcrncTo":45,"rate":0.60234,"dt":"01/00/00 00:00:00","fReversed":0,"fThroughEuro":0,"fHist":0}
{"hcrncFrom":85,"hcrncTo":45,"rate":1.00503,"dt":"01/00/00 00:00:00","fReversed":0,"fThroughEuro":0,"fHist":0}
{"hcrncFrom":87,"hcrncTo":45,"rate":0.50891,"dt":"01/00/00 00:00:00","fReversed":0,"fThroughEuro":0,"fHist":0}
{"hcrncFrom":88,"hcrncTo":45,"rate":0.00215,"dt":"01/00/00 00:00:00","fReversed":0,"fThroughEuro":0,"fHist":0}
{"hcrncFrom":89,"hcrncTo":45,"rate":0.00582,"dt":"01/00/00 00:00:00","fReversed":0,"fThroughEuro":0,"fHist":0}
{"hcrncFrom":90,"hcrncTo":45,"rate":0.02105,"dt":"01/00/00 00:00:00","fReversed":0,"fThroughEuro":0,"fHist":0}
{"hcrncFrom":91,"hcrncTo":45,"rate":0.17245,"dt":"01/00/00 00:00:00","fReversed":0,"fThroughEuro":0,"fHist":0}
{"hcrncFrom":92,"hcrncTo":45,"rate":0.11501,"dt":"01/00/00 00:00:00","fReversed":0,"fThroughEuro":0,"fHist":0}
{"hcrncFrom":93,"hcrncTo":45,"rate":0.59759,"dt":"01/00/00 00:00:00","fReversed":0,"fThroughEuro":0,"fHist":0}
{"hcrncFrom":94,"hcrncTo":45,"rate":0.03396,"dt":"01/00/00 00:00:00","fReversed":0,"fThroughEuro":0,"fHist":0}
{"hcrncFrom":95,"hcrncTo":45,"rate":0.0056,"dt":"01/00/00 00:00:00","fReversed":0,"fThroughEuro":0,"fHist":0}
{"hcrncFrom":96,"hcrncTo":45,"rate":0.05348,"dt":"01/00/00 00:00:00","fReversed":0,"fThroughEuro":0,"fHist":0}
{"hcrncFrom":97,"hcrncTo":45,"rate":0.18066,"dt":"01/00/00 00:00:00","fReversed":0,"fThroughEuro":0,"fHist":0}
{"hcrncFrom":99,"hcrncTo":45,"rate":0.00068,"dt":"01/00/00 00:00:00","fReversed":0,"fThroughEuro":0,"fHist":0}
{"hcrncFrom":100,"hcrncTo":45,"rate":0.01706,"dt":"01/00/00 00:00:00","fReversed":0,"fThroughEuro":0,"fHist":0}
{"hcrncFrom":102,"hcrncTo":45,"rate":0.00026,"dt":"01/00/00 00:00:00","fReversed":0,"fThroughEuro":0,"fHist":0}
{"hcrncFrom":103,"hcrncTo":45,"rate":0.00267,"dt":"01/00/00 00:00:00","fReversed":0,"fThroughEuro":0,"fHist":0}
{"hcrncFrom":104,"hcrncTo":45,"rate":1.22026,"dt":"01/00/00 00:00:00","fReversed":0,"fThroughEuro":0,"fHist":0}
{"hcrncFrom":106,"hcrncTo":45,"rate":0.00013,"dt":"01/00/00 00:00:00","fReversed":0,"fThroughEuro":0,"fHist":0}
{"hcrncFrom":107,"hcrncTo":45,"rate":0.01006,"dt":"01/00/00 00:00:00","fReversed":0,"fThroughEuro":0,"fHist":0}
{"hcrncFrom":109,"hcrncTo":45,"rate":0.16181,"dt":"01/00/00 00:00:00","fReversed":0,"fThroughEuro":0,"fHist":0}
{"hcrncFrom":110,"hcrncTo":45,"rate":0.76953,"dt":"01/00/00 00:00:00","fReversed":0,"fThroughEuro":0,"fHist":0}
{"hcrncFrom":111,"hcrncTo":45,"rate":0.07978,"dt":"01/00/00 00:00:00","fReversed":0,"fThroughEuro":0,"fHist":0}
{"hcrncFrom":112,"hcrncTo":45,"rate":0.00011,"dt":"01/00/00 00:00:00","fReversed":0,"fThroughEuro":0,"fHist":0}
{"hcrncFrom":113,"hcrncTo":45,"rate":0.00085,"dt":"01/00/00 00:00:00","fReversed":0,"fThroughEuro":0,"fHist":0}
{"hcrncFrom":114,"hcrncTo":45,"rate":0.12491,"dt":"01/00/00 00:00:00","fReversed":0,"fThroughEuro":0,"fHist":0}
{"hcrncFrom":115,"hcrncTo":45,"rate":0.00386,"dt":"01/00/00 00:00:00","fReversed":0,"fThroughEuro":0,"fHist":0}
{"hcrncFrom":116,"hcrncTo":45,"rate":0.03559,"dt":"01/00/00 00:00:00","fReversed":0,"fThroughEuro":0,"fHist":0}
{"hcrncFrom":117,"hcrncTo":45,"rate":0.07813000000000001,"dt":"01/00/00 00:00:00","fReversed":0,"fThroughEuro":0,"fHist":0}
{"hcrncFrom":119,"hcrncTo":45,"rate":5e-05,"dt":"01/00/00 00:00:00","fReversed":0,"fThroughEuro":0,"fHist":0}
{"hcrncFrom":120,"hcrncTo":45,"rate":0.0076,"dt":"01/00/00 00:00:00","fReversed":0,"fThroughEuro":0,"fHist":0}
{"hcrncFrom":121,"hcrncTo":45,"rate":0.06177,"dt":"01/00/00 00:00:00","fReversed":0,"fThroughEuro":0,"fHist":0}
{"hcrncFrom":122,"hcrncTo":45,"rate":0.0139,"dt":"01/00/00 00:00:00","fReversed":0,"fThroughEuro":0,"fHist":0}
{"hcrncFrom":123,"hcrncTo":45,"rate":0.3256,"dt":"01/00/00 00:00:00","fReversed":0,"fThroughEuro":0,"fHist":0}
{"hcrncFrom":124,"hcrncTo":45,"rate":0.00016,"dt":"01/00/00 00:00:00","fReversed":0,"fThroughEuro":0,"fHist":0}
{"hcrncFrom":125,"hcrncTo":45,"rate":3e-05,"dt":"01/00/00 00:00:00","fReversed":0,"fThroughEuro":0,"fHist":0}
{"hcrncFrom":126,"hcrncTo":45,"rate":0.00182,"dt":"01/00/00 00:00:00","fReversed":0,"fThroughEuro":0,"fHist":0}
{"hcrncFrom":127,"hcrncTo":45,"rate":0.138,"dt":"01/00/00 00:00:00","fReversed":0,"fThroughEuro":0,"fHist":0}
{"hcrncFrom":128,"hcrncTo":45,"rate":0.18476,"dt":"01/00/00 00:00:00","fReversed":0,"fThroughEuro":0,"fHist":0}
{"hcrncFrom":129,"hcrncTo":45,"rate":0.00042,"dt":"01/00/00 00:00:00","fReversed":0,"fThroughEuro":0,"fHist":0}
{"hcrncFrom":130,"hcrncTo":45,"rate":0.00032,"dt":"01/00/00 00:00:00","fReversed":0,"fThroughEuro":0,"fHist":0}
{"hcrncFrom":132,"hcrncTo":45,"rate":0.00011,"dt":"01/00/00 00:00:00","fReversed":0,"fThroughEuro":0,"fHist":0}
{"hcrncFrom":133,"hcrncTo":45,"rate":0.01926,"dt":"01/00/00 00:00:00","fReversed":0,"fThroughEuro":0,"fHist":0}
{"hcrncFrom":134,"hcrncTo":45,"rate":0.16181,"dt":"01/00/00 00:00:00","fReversed":0,"fThroughEuro":0,"fHist":0}
{"hcrncFrom":135,"hcrncTo":45,"rate":0.5335,"dt":"01/00/00 00:00:00","fReversed":0,"fThroughEuro":0,"fHist":0}
{"hcrncFrom":136,"hcrncTo":45,"rate":0.15941,"dt":"01/00/00 00:00:00","fReversed":0,"fThroughEuro":0,"fHist":0}
{"hcrncFrom":137,"hcrncTo":45,"rate":0.18925,"dt":"01/00/00 00:00:00","fReversed":0,"fThroughEuro":0,"fHist":0}
{"hcrncFrom":138,"hcrncTo":45,"rate":0.00059,"dt":"01/00/00 00:00:00","fReversed":0,"fThroughEuro":0,"fHist":0}
{"hcrncFrom":139,"hcrncTo":45,"rate":0.03445,"dt":"01/00/00 00:00:00","fReversed":0,"fThroughEuro":0,"fHist":0}
{"hcrncFrom":140,"hcrncTo":45,"rate":0.00949,"dt":"01/00/00 00:00:00","fReversed":0,"fThroughEuro":0,"fHist":0}
{"hcrncFrom":141,"hcrncTo":45,"rate":0.3845,"dt":"01/00/00 00:00:00","fReversed":0,"fThroughEuro":0,"fHist":0}
{"hcrncFrom":142,"hcrncTo":45,"rate":0.00196,"dt":"01/00/00 00:00:00","fReversed":0,"fThroughEuro":0,"fHist":0}
{"hcrncFrom":143,"hcrncTo":45,"rate":0.37453,"dt":"01/00/00 00:00:00","fReversed":0,"fThroughEuro":0,"fHist":0}
{"hcrncFrom":144,"hcrncTo":45,"rate":0.01124,"dt":"01/00/00 00:00:00","fReversed":0,"fThroughEuro":0,"fHist":0}
{"hcrncFrom":145,"hcrncTo":45,"rate":0.00552,"dt":"01/00/00 00:00:00","fReversed":0,"fThroughEuro":0,"fHist":0}
{"hcrncFrom":146,"hcrncTo":45,"rate":0.00022,"dt":"01/00/00 00:00:00","fReversed":0,"fThroughEuro":0,"fHist":0}
{"hcrncFrom":147,"hcrncTo":45,"rate":0.02762,"dt":"01/00/00 00:00:00","fReversed":0,"fThroughEuro":0,"fHist":0}
{"hcrncFrom":148,"hcrncTo":45,"rate":0.01637,"dt":"01/00/00 00:00:00","fReversed":0,"fThroughEuro":0,"fHist":0}
{"hcrncFrom":149,"hcrncTo":45,"rate":0.009259999999999999,"dt":"01/00/00 00:00:00","fReversed":0,"fThroughEuro":0,"fHist":0}
