{"hfi":9,"szFull":"Woodgrove Bank","haddr":12,"fHidden":0,"mComment":"If you have any questions please call us on 1-800-000-0100\u000d\u000a\u000d\u000aWoodgrove Bank is committed to providing you with the best service possible. We always appreciate customer feedback. Go to our web site to see latest hot loan offers, special deals for new Woodgrove accounts and to give us feedback.\u000d\u000a\u000d\u000a\u000d\u000aWoodgrove Bank - we're here to serve you!","fit":0,"fOEMDisabled":0,"mActiveStmtURL":"http://www.microsoft.com/money/partner/woodgrove/default.asp","mWebServicesURL":"http://www.microsoft.com/money/partner/woodgrove/default.asp","dtSerial":"03/16/06 09:29:59","fDisallowThirdParty":0,"olit":0}
{"hfi":10,"szFull":"Woodgrove Brokerage","fHidden":0,"fit":0,"fOEMDisabled":0,"dtSerial":"05/03/07 12:36:57","fDisallowThirdParty":0,"olit":0}
{"hfi":11,"szFull":"Commodities","haddr":35,"fHidden":0,"fit":0,"fOEMDisabled":0,"mActiveStmtURL":"http://moneycentral.msn.com/investor/market/commodities.aspx","dtSerial":"04/30/07 11:26:01","fDisallowThirdParty":0,"olit":0}
{"hfi":12,"szFull":"ETF Brokerage","haddr":37,"fHidden":0,"fit":0,"fOEMDisabled":0,"mActiveStmtURL":"money://MCLINK/ETF","dtSerial":"05/03/07 12:35:07","fDisallowThirdParty":0,"olit":0}
