{"hitm":1,"hcli":2,"lt":0,"ft":-2,"fr":2,"szName":"Report Custom Pool","tblPool":1,"tblPhys":1,"icolPhys":-1,"lMatch":-1,"tblFrom":-1,"icolFrom":-1,"tblSrc":-1,"grfopt":16}
{"hitm":2,"hcli":2,"lt":0,"ft":4,"fr":1,"szName":"hReport Custom Pool","tblPool":1,"tblPhys":1,"icolPhys":0,"lMatch":-1,"tblFrom":-1,"icolFrom":-1,"tblSrc":-1,"grfopt":16}
{"hitm":3,"hcli":2,"lt":0,"ft":10,"fr":0,"szName":"szFull","tblPool":1,"tblPhys":1,"icolPhys":1,"lMatch":-1,"tblFrom":-1,"icolFrom":-1,"tblSrc":-1,"grfopt":16}
{"hitm":4,"hcli":2,"lt":0,"ft":10,"fr":0,"szName":"szAls","tblPool":1,"tblPhys":1,"icolPhys":2,"lMatch":-1,"tblFrom":-1,"icolFrom":-1,"tblSrc":-1,"grfopt":16}
{"hitm":5,"hcli":2,"lt":0,"ft":1,"fr":0,"szName":"fHidden","tblPool":1,"tblPhys":1,"icolPhys":3,"lMatch":-1,"tblFrom":-1,"icolFrom":-1,"tblSrc":-1,"grfopt":16}
{"hitm":6,"hcli":2,"lt":0,"ft":4,"fr":0,"szName":"rptType","tblPool":1,"tblPhys":1,"icolPhys":4,"lMatch":-1,"tblFrom":-1,"icolFrom":-1,"tblSrc":-1,"grfopt":16}
{"hitm":7,"hcli":2,"lt":0,"ft":4,"fr":0,"szName":"rptSub","tblPool":1,"tblPhys":1,"icolPhys":5,"lMatch":-1,"tblFrom":-1,"icolFrom":-1,"tblSrc":-1,"grfopt":16}
{"hitm":8,"hcli":2,"lt":0,"ft":4,"fr":0,"szName":"tvTrans","tblPool":1,"tblPhys":1,"icolPhys":6,"lMatch":-1,"tblFrom":-1,"icolFrom":-1,"tblSrc":-1,"grfopt":16}
{"hitm":9,"hcli":2,"lt":0,"ft":11,"fr":0,"szName":"rgbSRPT","tblPool":1,"tblPhys":1,"icolPhys":7,"lMatch":-1,"tblFrom":-1,"icolFrom":-1,"tblSrc":-1,"grfopt":16}
{"hitm":10,"hcli":2,"lt":0,"ft":10,"fr":0,"szName":"szTitle","tblPool":1,"tblPhys":1,"icolPhys":8,"lMatch":-1,"tblFrom":-1,"icolFrom":-1,"tblSrc":-1,"grfopt":16}
{"hitm":11,"hcli":2,"lt":0,"ft":4,"fr":0,"szName":"grfView","tblPool":1,"tblPhys":1,"icolPhys":9,"lMatch":-1,"tblFrom":-1,"icolFrom":-1,"tblSrc":-1,"grfopt":16}
{"hitm":12,"hcli":2,"lt":0,"ft":-2,"fr":2,"szName":"Worksheet Custom Pool","tblPool":12,"tblPhys":12,"icolPhys":-1,"lMatch":-1,"tblFrom":-1,"icolFrom":-1,"tblSrc":-1,"grfopt":16}
{"hitm":13,"hcli":2,"lt":0,"ft":4,"fr":1,"szName":"hWorksheet Custom Pool","tblPool":12,"tblPhys":12,"icolPhys":0,"lMatch":-1,"tblFrom":-1,"icolFrom":-1,"tblSrc":-1,"grfopt":16}
{"hitm":14,"hcli":2,"lt":0,"ft":10,"fr":0,"szName":"szFull","tblPool":12,"tblPhys":12,"icolPhys":1,"lMatch":-1,"tblFrom":-1,"icolFrom":-1,"tblSrc":-1,"grfopt":16}
{"hitm":15,"hcli":2,"lt":0,"ft":10,"fr":0,"szName":"szAls","tblPool":12,"tblPhys":12,"icolPhys":2,"lMatch":-1,"tblFrom":-1,"icolFrom":-1,"tblSrc":-1,"grfopt":16}
{"hitm":16,"hcli":2,"lt":0,"ft":1,"fr":0,"szName":"fHidden","tblPool":12,"tblPhys":12,"icolPhys":3,"lMatch":-1,"tblFrom":-1,"icolFrom":-1,"tblSrc":-1,"grfopt":16}
{"hitm":17,"hcli":2,"lt":0,"ft":4,"fr":0,"szName":"Type","tblPool":12,"tblPhys":12,"icolPhys":4,"lMatch":-1,"tblFrom":-1,"icolFrom":-1,"tblSrc":-1,"grfopt":16}
{"hitm":18,"hcli":2,"lt":0,"ft":11,"fr":0,"szName":"rgbPrivate","tblPool":12,"tblPhys":12,"icolPhys":5,"lMatch":-1,"tblFrom":-1,"icolFrom":-1,"tblSrc":-1,"grfopt":16}
{"hitm":19,"hcli":2,"lt":0,"ft":-2,"fr":2,"szName":"Tax Rate Custom Pool","tblPool":19,"tblPhys":19,"icolPhys":-1,"lMatch":-1,"tblFrom":-1,"icolFrom":-1,"tblSrc":-1,"grfopt":16}
{"hitm":20,"hcli":2,"lt":0,"ft":4,"fr":1,"szName":"hTax Rate Custom Pool","tblPool":19,"tblPhys":19,"icolPhys":0,"lMatch":-1,"tblFrom":-1,"icolFrom":-1,"tblSrc":-1,"grfopt":16}
{"hitm":21,"hcli":2,"lt":0,"ft":10,"fr":0,"szName":"szFull","tblPool":19,"tblPhys":19,"icolPhys":1,"lMatch":-1,"tblFrom":-1,"icolFrom":-1,"tblSrc":-1,"grfopt":16}
{"hitm":22,"hcli":2,"lt":0,"ft":10,"fr":0,"szName":"szAls","tblPool":19,"tblPhys":19,"icolPhys":2,"lMatch":-1,"tblFrom":-1,"icolFrom":-1,"tblSrc":-1,"grfopt":16}
{"hitm":23,"hcli":2,"lt":0,"ft":1,"fr":0,"szName":"fHidden","tblPool":19,"tblPhys":19,"icolPhys":3,"lMatch":-1,"tblFrom":-1,"icolFrom":-1,"tblSrc":-1,"grfopt":16}
{"hitm":24,"hcli":2,"lt":0,"ft":4,"fr":0,"szName":"Type","tblPool":19,"tblPhys":19,"icolPhys":4,"lMatch":-1,"tblFrom":-1,"icolFrom":-1,"tblSrc":-1,"grfopt":16}
{"hitm":25,"hcli":2,"lt":0,"ft":7,"fr":0,"szName":"damtStdDed","tblPool":19,"tblPhys":19,"icolPhys":5,"lMatch":-1,"tblFrom":-1,"icolFrom":-1,"tblSrc":-1,"grfopt":16}
{"hitm":26,"hcli":2,"lt":0,"ft":7,"fr":0,"szName":"damtLow1","tblPool":19,"tblPhys":19,"icolPhys":6,"lMatch":-1,"tblFrom":-1,"icolFrom":-1,"tblSrc":-1,"grfopt":16}
{"hitm":27,"hcli":2,"lt":0,"ft":7,"fr":0,"szName":"damtLow2","tblPool":19,"tblPhys":19,"icolPhys":7,"lMatch":-1,"tblFrom":-1,"icolFrom":-1,"tblSrc":-1,"grfopt":16}
{"hitm":28,"hcli":2,"lt":0,"ft":7,"fr":0,"szName":"damtLow3","tblPool":19,"tblPhys":19,"icolPhys":8,"lMatch":-1,"tblFrom":-1,"icolFrom":-1,"tblSrc":-1,"grfopt":16}
{"hitm":29,"hcli":2,"lt":0,"ft":7,"fr":0,"szName":"damtLow4","tblPool":19,"tblPhys":19,"icolPhys":9,"lMatch":-1,"tblFrom":-1,"icolFrom":-1,"tblSrc":-1,"grfopt":16}
{"hitm":30,"hcli":2,"lt":0,"ft":7,"fr":0,"szName":"damtLow5","tblPool":19,"tblPhys":19,"icolPhys":10,"lMatch":-1,"tblFrom":-1,"icolFrom":-1,"tblSrc":-1,"grfopt":16}
{"hitm":31,"hcli":2,"lt":0,"ft":7,"fr":0,"szName":"damtHigh1","tblPool":19,"tblPhys":19,"icolPhys":11,"lMatch":-1,"tblFrom":-1,"icolFrom":-1,"tblSrc":-1,"grfopt":16}
{"hitm":32,"hcli":2,"lt":0,"ft":7,"fr":0,"szName":"damtHigh2","tblPool":19,"tblPhys":19,"icolPhys":12,"lMatch":-1,"tblFrom":-1,"icolFrom":-1,"tblSrc":-1,"grfopt":16}
{"hitm":33,"hcli":2,"lt":0,"ft":7,"fr":0,"szName":"damtHigh3","tblPool":19,"tblPhys":19,"icolPhys":13,"lMatch":-1,"tblFrom":-1,"icolFrom":-1,"tblSrc":-1,"grfopt":16}
{"hitm":34,"hcli":2,"lt":0,"ft":7,"fr":0,"szName":"damtHigh4","tblPool":19,"tblPhys":19,"icolPhys":14,"lMatch":-1,"tblFrom":-1,"icolFrom":-1,"tblSrc":-1,"grfopt":16}
{"hitm":35,"hcli":2,"lt":0,"ft":7,"fr":0,"szName":"dRate1","tblPool":19,"tblPhys":19,"icolPhys":15,"lMatch":-1,"tblFrom":-1,"icolFrom":-1,"tblSrc":-1,"grfopt":16}
{"hitm":36,"hcli":2,"lt":0,"ft":7,"fr":0,"szName":"dRate2","tblPool":19,"tblPhys":19,"icolPhys":16,"lMatch":-1,"tblFrom":-1,"icolFrom":-1,"tblSrc":-1,"grfopt":16}
{"hitm":37,"hcli":2,"lt":0,"ft":7,"fr":0,"szName":"dRate3","tblPool":19,"tblPhys":19,"icolPhys":17,"lMatch":-1,"tblFrom":-1,"icolFrom":-1,"tblSrc":-1,"grfopt":16}
{"hitm":38,"hcli":2,"lt":0,"ft":7,"fr":0,"szName":"dRate4","tblPool":19,"tblPhys":19,"icolPhys":18,"lMatch":-1,"tblFrom":-1,"icolFrom":-1,"tblSrc":-1,"grfopt":16}
{"hitm":39,"hcli":2,"lt":0,"ft":7,"fr":0,"szName":"dRate5","tblPool":19,"tblPhys":19,"icolPhys":19,"lMatch":-1,"tblFrom":-1,"icolFrom":-1,"tblSrc":-1,"grfopt":16}
{"hitm":40,"hcli":2,"lt":0,"ft":7,"fr":0,"szName":"dRateCapGains","tblPool":19,"tblPhys":19,"icolPhys":20,"lMatch":-1,"tblFrom":-1,"icolFrom":-1,"tblSrc":-1,"grfopt":16}
{"hitm":41,"hcli":2,"lt":0,"ft":7,"fr":0,"szName":"dRateCapGainsMT","tblPool":19,"tblPhys":19,"icolPhys":21,"lMatch":-1,"tblFrom":-1,"icolFrom":-1,"tblSrc":-1,"grfopt":16}
{"hitm":42,"hcli":2,"lt":0,"ft":7,"fr":0,"szName":"damtStdEx","tblPool":19,"tblPhys":19,"icolPhys":22,"lMatch":-1,"tblFrom":-1,"icolFrom":-1,"tblSrc":-1,"grfopt":16}
{"hitm":43,"hcli":2,"lt":0,"ft":7,"fr":0,"szName":"damtDedBlind","tblPool":19,"tblPhys":19,"icolPhys":23,"lMatch":-1,"tblFrom":-1,"icolFrom":-1,"tblSrc":-1,"grfopt":16}
{"hitm":44,"hcli":2,"lt":0,"ft":7,"fr":0,"szName":"damtDedOver65","tblPool":19,"tblPhys":19,"icolPhys":24,"lMatch":-1,"tblFrom":-1,"icolFrom":-1,"tblSrc":-1,"grfopt":16}
{"hitm":45,"hcli":2,"lt":0,"ft":7,"fr":0,"szName":"damtThreshDed","tblPool":19,"tblPhys":19,"icolPhys":25,"lMatch":-1,"tblFrom":-1,"icolFrom":-1,"tblSrc":-1,"grfopt":16}
{"hitm":46,"hcli":2,"lt":0,"ft":7,"fr":0,"szName":"damtThreshExemp","tblPool":19,"tblPhys":19,"icolPhys":26,"lMatch":-1,"tblFrom":-1,"icolFrom":-1,"tblSrc":-1,"grfopt":16}
{"hitm":47,"hcli":2,"lt":0,"ft":7,"fr":0,"szName":"damtMaxCapLoss","tblPool":19,"tblPhys":19,"icolPhys":27,"lMatch":-1,"tblFrom":-1,"icolFrom":-1,"tblSrc":-1,"grfopt":16}
{"hitm":48,"hcli":2,"lt":0,"ft":-2,"fr":2,"szName":"Inventory Custom Pool","tblPool":48,"tblPhys":48,"icolPhys":-1,"lMatch":-1,"tblFrom":-1,"icolFrom":-1,"tblSrc":-1,"grfopt":16}
{"hitm":49,"hcli":2,"lt":0,"ft":4,"fr":1,"szName":"hInventory Custom Pool","tblPool":48,"tblPhys":48,"icolPhys":0,"lMatch":-1,"tblFrom":-1,"icolFrom":-1,"tblSrc":-1,"grfopt":16}
{"hitm":50,"hcli":2,"lt":0,"ft":10,"fr":0,"szName":"szFull","tblPool":48,"tblPhys":48,"icolPhys":1,"lMatch":-1,"tblFrom":-1,"icolFrom":-1,"tblSrc":-1,"grfopt":16}
{"hitm":51,"hcli":2,"lt":0,"ft":10,"fr":0,"szName":"szAls","tblPool":48,"tblPhys":48,"icolPhys":2,"lMatch":-1,"tblFrom":-1,"icolFrom":-1,"tblSrc":-1,"grfopt":16}
{"hitm":52,"hcli":2,"lt":0,"ft":1,"fr":0,"szName":"fHidden","tblPool":48,"tblPhys":48,"icolPhys":3,"lMatch":-1,"tblFrom":-1,"icolFrom":-1,"tblSrc":-1,"grfopt":16}
{"hitm":53,"hcli":2,"lt":0,"ft":10,"fr":0,"szName":"szLocation","tblPool":48,"tblPhys":48,"icolPhys":4,"lMatch":-1,"tblFrom":-1,"icolFrom":-1,"tblSrc":-1,"grfopt":16}
{"hitm":54,"hcli":2,"lt":0,"ft":10,"fr":0,"szName":"szMake","tblPool":48,"tblPhys":48,"icolPhys":5,"lMatch":-1,"tblFrom":-1,"icolFrom":-1,"tblSrc":-1,"grfopt":16}
{"hitm":55,"hcli":2,"lt":0,"ft":10,"fr":0,"szName":"szSerial","tblPool":48,"tblPhys":48,"icolPhys":6,"lMatch":-1,"tblFrom":-1,"icolFrom":-1,"tblSrc":-1,"grfopt":16}
{"hitm":56,"hcli":2,"lt":0,"ft":10,"fr":0,"szName":"szStore","tblPool":48,"tblPhys":48,"icolPhys":7,"lMatch":-1,"tblFrom":-1,"icolFrom":-1,"tblSrc":-1,"grfopt":16}
{"hitm":57,"hcli":2,"lt":0,"ft":10,"fr":0,"szName":"szNote","tblPool":48,"tblPhys":48,"icolPhys":8,"lMatch":-1,"tblFrom":-1,"icolFrom":-1,"tblSrc":-1,"grfopt":16}
{"hitm":58,"hcli":2,"lt":0,"ft":8,"fr":0,"szName":"dt","tblPool":48,"tblPhys":48,"icolPhys":9,"lMatch":-1,"tblFrom":-1,"icolFrom":-1,"tblSrc":-1,"grfopt":16}
{"hitm":59,"hcli":2,"lt":0,"ft":5,"fr":0,"szName":"cyPrice","tblPool":48,"tblPhys":48,"icolPhys":10,"lMatch":-1,"tblFrom":-1,"icolFrom":-1,"tblSrc":-1,"grfopt":16}
{"hitm":60,"hcli":2,"lt":0,"ft":5,"fr":0,"szName":"cyReplace","tblPool":48,"tblPhys":48,"icolPhys":11,"lMatch":-1,"tblFrom":-1,"icolFrom":-1,"tblSrc":-1,"grfopt":16}
{"hitm":61,"hcli":2,"lt":0,"ft":5,"fr":0,"szName":"cyValue","tblPool":48,"tblPhys":48,"icolPhys":12,"lMatch":-1,"tblFrom":-1,"icolFrom":-1,"tblSrc":-1,"grfopt":16}
{"hitm":62,"hcli":2,"lt":0,"ft":4,"fr":0,"szName":"lType","tblPool":48,"tblPhys":48,"icolPhys":13,"lMatch":-1,"tblFrom":-1,"icolFrom":-1,"tblSrc":-1,"grfopt":16}
{"hitm":63,"hcli":2,"lt":0,"ft":10,"fr":0,"szName":"Phone","tblPool":48,"tblPhys":48,"icolPhys":14,"lMatch":-1,"tblFrom":-1,"icolFrom":-1,"tblSrc":-1,"grfopt":16}
{"hitm":64,"hcli":2,"lt":0,"ft":8,"fr":0,"szName":"dtWrrntExp","tblPool":48,"tblPhys":48,"icolPhys":15,"lMatch":-1,"tblFrom":-1,"icolFrom":-1,"tblSrc":-1,"grfopt":16}
{"hitm":65,"hcli":2,"lt":0,"ft":10,"fr":0,"szName":"Web","tblPool":48,"tblPhys":48,"icolPhys":16,"lMatch":-1,"tblFrom":-1,"icolFrom":-1,"tblSrc":-1,"grfopt":16}
{"hitm":66,"hcli":2,"lt":0,"ft":10,"fr":0,"szName":"szWrrntDtls","tblPool":48,"tblPhys":48,"icolPhys":17,"lMatch":-1,"tblFrom":-1,"icolFrom":-1,"tblSrc":-1,"grfopt":16}
{"hitm":67,"hcli":2,"lt":0,"ft":10,"fr":0,"szName":"szImgStore","tblPool":48,"tblPhys":48,"icolPhys":18,"lMatch":-1,"tblFrom":-1,"icolFrom":-1,"tblSrc":-1,"grfopt":16}
{"hitm":68,"hcli":2,"lt":0,"ft":-2,"fr":2,"szName":"Portfolio View Custom Pool","tblPool":68,"tblPhys":68,"icolPhys":-1,"lMatch":-1,"tblFrom":-1,"icolFrom":-1,"tblSrc":-1,"grfopt":16}
{"hitm":69,"hcli":2,"lt":0,"ft":4,"fr":1,"szName":"hPortfolio View Custom Pool","tblPool":68,"tblPhys":68,"icolPhys":0,"lMatch":-1,"tblFrom":-1,"icolFrom":-1,"tblSrc":-1,"grfopt":16}
{"hitm":70,"hcli":2,"lt":0,"ft":10,"fr":0,"szName":"szFull","tblPool":68,"tblPhys":68,"icolPhys":1,"lMatch":-1,"tblFrom":-1,"icolFrom":-1,"tblSrc":-1,"grfopt":16}
{"hitm":71,"hcli":2,"lt":0,"ft":10,"fr":0,"szName":"szAls","tblPool":68,"tblPhys":68,"icolPhys":2,"lMatch":-1,"tblFrom":-1,"icolFrom":-1,"tblSrc":-1,"grfopt":16}
{"hitm":72,"hcli":2,"lt":0,"ft":1,"fr":0,"szName":"fHidden","tblPool":68,"tblPhys":68,"icolPhys":3,"lMatch":-1,"tblFrom":-1,"icolFrom":-1,"tblSrc":-1,"grfopt":16}
{"hitm":73,"hcli":2,"lt":0,"ft":4,"fr":0,"szName":"lDefinedView","tblPool":68,"tblPhys":68,"icolPhys":4,"lMatch":-1,"tblFrom":-1,"icolFrom":-1,"tblSrc":-1,"grfopt":16}
{"hitm":74,"hcli":2,"lt":0,"ft":4,"fr":0,"szName":"lGroupType","tblPool":68,"tblPhys":68,"icolPhys":5,"lMatch":-1,"tblFrom":-1,"icolFrom":-1,"tblSrc":-1,"grfopt":16}
{"hitm":75,"hcli":2,"lt":0,"ft":4,"fr":0,"szName":"lSortField","tblPool":68,"tblPhys":68,"icolPhys":6,"lMatch":-1,"tblFrom":-1,"icolFrom":-1,"tblSrc":-1,"grfopt":16}
{"hitm":76,"hcli":2,"lt":0,"ft":4,"fr":0,"szName":"hviewAcctSelect","tblPool":68,"tblPhys":68,"icolPhys":7,"lMatch":-1,"tblFrom":-1,"icolFrom":-1,"tblSrc":-1,"grfopt":16}
{"hitm":77,"hcli":2,"lt":0,"ft":11,"fr":0,"szName":"rbgHeaderCollapesState","tblPool":68,"tblPhys":68,"icolPhys":8,"lMatch":-1,"tblFrom":-1,"icolFrom":-1,"tblSrc":-1,"grfopt":16}
{"hitm":78,"hcli":2,"lt":0,"ft":11,"fr":0,"szName":"rgbAcctSorting","tblPool":68,"tblPhys":68,"icolPhys":9,"lMatch":-1,"tblFrom":-1,"icolFrom":-1,"tblSrc":-1,"grfopt":16}
{"hitm":79,"hcli":2,"lt":0,"ft":1,"fr":0,"szName":"fAscending","tblPool":68,"tblPhys":68,"icolPhys":10,"lMatch":-1,"tblFrom":-1,"icolFrom":-1,"tblSrc":-1,"grfopt":16}
{"hitm":80,"hcli":2,"lt":0,"ft":11,"fr":0,"szName":"rgbPortFieldInfo","tblPool":68,"tblPhys":68,"icolPhys":11,"lMatch":-1,"tblFrom":-1,"icolFrom":-1,"tblSrc":-1,"grfopt":16}
{"hitm":81,"hcli":2,"lt":0,"ft":4,"fr":0,"szName":"cbPortFieldInfo","tblPool":68,"tblPhys":68,"icolPhys":12,"lMatch":-1,"tblFrom":-1,"icolFrom":-1,"tblSrc":-1,"grfopt":16}
{"hitm":82,"hcli":2,"lt":0,"ft":11,"fr":0,"szName":"rgbFieldWidth","tblPool":68,"tblPhys":68,"icolPhys":13,"lMatch":-1,"tblFrom":-1,"icolFrom":-1,"tblSrc":-1,"grfopt":16}
{"hitm":83,"hcli":2,"lt":0,"ft":-2,"fr":2,"szName":"Asset Allocation Custom Pool","tblPool":83,"tblPhys":83,"icolPhys":-1,"lMatch":-1,"tblFrom":-1,"icolFrom":-1,"tblSrc":-1,"grfopt":16}
{"hitm":84,"hcli":2,"lt":0,"ft":4,"fr":1,"szName":"hAsset Allocation Custom Pool","tblPool":83,"tblPhys":83,"icolPhys":0,"lMatch":-1,"tblFrom":-1,"icolFrom":-1,"tblSrc":-1,"grfopt":16}
{"hitm":85,"hcli":2,"lt":0,"ft":10,"fr":0,"szName":"szFull","tblPool":83,"tblPhys":83,"icolPhys":1,"lMatch":-1,"tblFrom":-1,"icolFrom":-1,"tblSrc":-1,"grfopt":16}
{"hitm":86,"hcli":2,"lt":0,"ft":10,"fr":0,"szName":"szAls","tblPool":83,"tblPhys":83,"icolPhys":2,"lMatch":-1,"tblFrom":-1,"icolFrom":-1,"tblSrc":-1,"grfopt":16}
{"hitm":87,"hcli":2,"lt":0,"ft":1,"fr":0,"szName":"fHidden","tblPool":83,"tblPhys":83,"icolPhys":3,"lMatch":-1,"tblFrom":-1,"icolFrom":-1,"tblSrc":-1,"grfopt":16}
{"hitm":88,"hcli":2,"lt":0,"ft":4,"fr":0,"szName":"Object to change","tblPool":83,"tblPhys":83,"icolPhys":4,"lMatch":-1,"tblFrom":-1,"icolFrom":-1,"tblSrc":-1,"grfopt":16}
{"hitm":89,"hcli":2,"lt":0,"ft":4,"fr":0,"szName":"Object Type","tblPool":83,"tblPhys":83,"icolPhys":5,"lMatch":-1,"tblFrom":-1,"icolFrom":-1,"tblSrc":-1,"grfopt":16}
{"hitm":90,"hcli":2,"lt":0,"ft":5,"fr":0,"szName":"Total value","tblPool":83,"tblPhys":83,"icolPhys":6,"lMatch":-1,"tblFrom":-1,"icolFrom":-1,"tblSrc":-1,"grfopt":16}
{"hitm":91,"hcli":2,"lt":0,"ft":-2,"fr":2,"szName":"Advisor Important Dates Custom Pool","tblPool":91,"tblPhys":91,"icolPhys":-1,"lMatch":-1,"tblFrom":-1,"icolFrom":-1,"tblSrc":-1,"grfopt":16}
{"hitm":92,"hcli":2,"lt":0,"ft":4,"fr":1,"szName":"hAdvisor Important Dates Custom Pool","tblPool":91,"tblPhys":91,"icolPhys":0,"lMatch":-1,"tblFrom":-1,"icolFrom":-1,"tblSrc":-1,"grfopt":16}
{"hitm":93,"hcli":2,"lt":0,"ft":10,"fr":0,"szName":"szFull","tblPool":91,"tblPhys":91,"icolPhys":1,"lMatch":-1,"tblFrom":-1,"icolFrom":-1,"tblSrc":-1,"grfopt":16}
{"hitm":94,"hcli":2,"lt":0,"ft":10,"fr":0,"szName":"szAls","tblPool":91,"tblPhys":91,"icolPhys":2,"lMatch":-1,"tblFrom":-1,"icolFrom":-1,"tblSrc":-1,"grfopt":16}
{"hitm":95,"hcli":2,"lt":0,"ft":1,"fr":0,"szName":"fHidden","tblPool":91,"tblPhys":91,"icolPhys":3,"lMatch":-1,"tblFrom":-1,"icolFrom":-1,"tblSrc":-1,"grfopt":16}
{"hitm":96,"hcli":2,"lt":0,"ft":1,"fr":0,"szName":"fChecked","tblPool":91,"tblPhys":91,"icolPhys":4,"lMatch":-1,"tblFrom":-1,"icolFrom":-1,"tblSrc":-1,"grfopt":16}
{"hitm":97,"hcli":2,"lt":0,"ft":10,"fr":0,"szName":"szEvent","tblPool":91,"tblPhys":91,"icolPhys":5,"lMatch":-1,"tblFrom":-1,"icolFrom":-1,"tblSrc":-1,"grfopt":16}
{"hitm":98,"hcli":2,"lt":0,"ft":8,"fr":0,"szName":"dtDate","tblPool":91,"tblPhys":91,"icolPhys":6,"lMatch":-1,"tblFrom":-1,"icolFrom":-1,"tblSrc":-1,"grfopt":16}
{"hitm":99,"hcli":2,"lt":0,"ft":8,"fr":0,"szName":"dtLastTrgrd","tblPool":91,"tblPhys":91,"icolPhys":7,"lMatch":-1,"tblFrom":-1,"icolFrom":-1,"tblSrc":-1,"grfopt":16}
{"hitm":100,"hcli":2,"lt":0,"ft":1,"fr":0,"szName":"fAdvAbove","tblPool":-4000,"tblPhys":-4000,"icolPhys":117,"lMatch":-1,"tblFrom":-1,"icolFrom":-1,"tblSrc":-1,"grfopt":16}
{"hitm":101,"hcli":2,"lt":0,"ft":5,"fr":0,"szName":"amtAdvAbove","tblPool":-4000,"tblPhys":-4000,"icolPhys":118,"lMatch":-1,"tblFrom":-1,"icolFrom":-1,"tblSrc":-1,"grfopt":16}
{"hitm":102,"hcli":2,"lt":0,"ft":1,"fr":0,"szName":"fAdvBelow","tblPool":-4000,"tblPhys":-4000,"icolPhys":119,"lMatch":-1,"tblFrom":-1,"icolFrom":-1,"tblSrc":-1,"grfopt":16}
{"hitm":103,"hcli":2,"lt":0,"ft":5,"fr":0,"szName":"amtAdvBelow","tblPool":-4000,"tblPhys":-4000,"icolPhys":120,"lMatch":-1,"tblFrom":-1,"icolFrom":-1,"tblSrc":-1,"grfopt":16}
{"hitm":104,"hcli":2,"lt":0,"ft":1,"fr":0,"szName":"fAdvChart","tblPool":-4005,"tblPhys":-4005,"icolPhys":20,"lMatch":-1,"tblFrom":-1,"icolFrom":-1,"tblSrc":-1,"grfopt":16}
{"hitm":105,"hcli":2,"lt":0,"ft":1,"fr":0,"szName":"fAdvOvr","tblPool":-4005,"tblPhys":-4005,"icolPhys":21,"lMatch":-1,"tblFrom":-1,"icolFrom":-1,"tblSrc":-1,"grfopt":16}
{"hitm":106,"hcli":2,"lt":0,"ft":5,"fr":0,"szName":"amtAdvOvr","tblPool":-4005,"tblPhys":-4005,"icolPhys":22,"lMatch":-1,"tblFrom":-1,"icolFrom":-1,"tblSrc":-1,"grfopt":16}
{"hitm":107,"hcli":2,"lt":0,"ft":1,"fr":0,"szName":"fAdvBdgt","tblPool":-4005,"tblPhys":-4005,"icolPhys":23,"lMatch":-1,"tblFrom":-1,"icolFrom":-1,"tblSrc":-1,"grfopt":16}
{"hitm":108,"hcli":2,"lt":0,"ft":1,"fr":0,"szName":"fAdvClose","tblPool":-4005,"tblPhys":-4005,"icolPhys":24,"lMatch":-1,"tblFrom":-1,"icolFrom":-1,"tblSrc":-1,"grfopt":16}
{"hitm":109,"hcli":2,"lt":0,"ft":1,"fr":0,"szName":"fAdvHigh","tblPool":-4028,"tblPhys":-4028,"icolPhys":83,"lMatch":-1,"tblFrom":-1,"icolFrom":-1,"tblSrc":-1,"grfopt":16}
{"hitm":110,"hcli":2,"lt":0,"ft":7,"fr":0,"szName":"amtAdvHigh","tblPool":-4028,"tblPhys":-4028,"icolPhys":84,"lMatch":-1,"tblFrom":-1,"icolFrom":-1,"tblSrc":-1,"grfopt":16}
{"hitm":111,"hcli":2,"lt":0,"ft":1,"fr":0,"szName":"fAdvLow","tblPool":-4028,"tblPhys":-4028,"icolPhys":85,"lMatch":-1,"tblFrom":-1,"icolFrom":-1,"tblSrc":-1,"grfopt":16}
{"hitm":112,"hcli":2,"lt":0,"ft":7,"fr":0,"szName":"amtAdvLow","tblPool":-4028,"tblPhys":-4028,"icolPhys":86,"lMatch":-1,"tblFrom":-1,"icolFrom":-1,"tblSrc":-1,"grfopt":16}
{"hitm":113,"hcli":2,"lt":0,"ft":7,"fr":0,"szName":"dAdvLast","tblPool":-4028,"tblPhys":-4028,"icolPhys":87,"lMatch":-1,"tblFrom":-1,"icolFrom":-1,"tblSrc":-1,"grfopt":16}
{"hitm":114,"hcli":2,"lt":0,"ft":4,"fr":0,"szName":"Balance Sort","tblPool":-4000,"tblPhys":-4000,"icolPhys":121,"lMatch":-1,"tblFrom":-1,"icolFrom":-1,"tblSrc":-1,"grfopt":16}
{"hitm":115,"hcli":2,"lt":0,"ft":-2,"fr":2,"szName":"Goal Custom Pool","tblPool":115,"tblPhys":115,"icolPhys":-1,"lMatch":-1,"tblFrom":-1,"icolFrom":-1,"tblSrc":-1,"grfopt":16}
{"hitm":116,"hcli":2,"lt":0,"ft":4,"fr":1,"szName":"hGoal Custom Pool","tblPool":115,"tblPhys":115,"icolPhys":0,"lMatch":-1,"tblFrom":-1,"icolFrom":-1,"tblSrc":-1,"grfopt":16}
{"hitm":117,"hcli":2,"lt":0,"ft":10,"fr":0,"szName":"szFull","tblPool":115,"tblPhys":115,"icolPhys":1,"lMatch":-1,"tblFrom":-1,"icolFrom":-1,"tblSrc":-1,"grfopt":16}
{"hitm":118,"hcli":2,"lt":0,"ft":10,"fr":0,"szName":"szAls","tblPool":115,"tblPhys":115,"icolPhys":2,"lMatch":-1,"tblFrom":-1,"icolFrom":-1,"tblSrc":-1,"grfopt":16}
{"hitm":119,"hcli":2,"lt":0,"ft":1,"fr":0,"szName":"fHidden","tblPool":115,"tblPhys":115,"icolPhys":3,"lMatch":-1,"tblFrom":-1,"icolFrom":-1,"tblSrc":-1,"grfopt":16}
{"hitm":120,"hcli":2,"lt":0,"ft":11,"fr":0,"szName":"rgbGoalObj","tblPool":115,"tblPhys":115,"icolPhys":4,"lMatch":-1,"tblFrom":-1,"icolFrom":-1,"tblSrc":-1,"grfopt":16}
{"hitm":121,"hcli":2,"lt":0,"ft":7,"fr":0,"szName":"dRateCapGainsLowBraket","tblPool":19,"tblPhys":19,"icolPhys":28,"lMatch":-1,"tblFrom":-1,"icolFrom":-1,"tblSrc":-1,"grfopt":16}
{"hitm":122,"hcli":2,"lt":0,"ft":7,"fr":0,"szName":"dRateCapGainsLongLongT","tblPool":19,"tblPhys":19,"icolPhys":29,"lMatch":-1,"tblFrom":-1,"icolFrom":-1,"tblSrc":-1,"grfopt":16}
{"hitm":123,"hcli":2,"lt":0,"ft":11,"fr":0,"szName":"rglColWidth","tblPool":1,"tblPhys":1,"icolPhys":10,"lMatch":-1,"tblFrom":-1,"icolFrom":-1,"tblSrc":-1,"grfopt":16}
{"hitm":124,"hcli":2,"lt":0,"ft":11,"fr":0,"szName":"rgbMetaFile","tblPool":1,"tblPhys":1,"icolPhys":11,"lMatch":-1,"tblFrom":-1,"icolFrom":-1,"tblSrc":-1,"grfopt":16}
{"hitm":125,"hcli":2,"lt":0,"ft":7,"fr":0,"szName":"damtLow6","tblPool":19,"tblPhys":19,"icolPhys":30,"lMatch":-1,"tblFrom":-1,"icolFrom":-1,"tblSrc":-1,"grfopt":16}
{"hitm":126,"hcli":2,"lt":0,"ft":7,"fr":0,"szName":"damtHigh5","tblPool":19,"tblPhys":19,"icolPhys":31,"lMatch":-1,"tblFrom":-1,"icolFrom":-1,"tblSrc":-1,"grfopt":16}
{"hitm":127,"hcli":2,"lt":0,"ft":7,"fr":0,"szName":"dRate6","tblPool":19,"tblPhys":19,"icolPhys":32,"lMatch":-1,"tblFrom":-1,"icolFrom":-1,"tblSrc":-1,"grfopt":16}
{"hitm":128,"hcli":2,"lt":0,"ft":4,"fr":0,"szName":"lTaxYear","tblPool":19,"tblPhys":19,"icolPhys":33,"lMatch":-1,"tblFrom":-1,"icolFrom":-1,"tblSrc":-1,"grfopt":16}
{"hitm":129,"hcli":2,"lt":0,"ft":10,"fr":0,"szName":"szFullCustom","tblPool":68,"tblPhys":68,"icolPhys":14,"lMatch":-1,"tblFrom":-1,"icolFrom":-1,"tblSrc":-1,"grfopt":16}
{"hitm":130,"hcli":2,"lt":0,"ft":-2,"fr":2,"szName":"Tax Scenario Custom Pool","tblPool":130,"tblPhys":130,"icolPhys":-1,"lMatch":-1,"tblFrom":-1,"icolFrom":-1,"tblSrc":-1,"grfopt":16}
{"hitm":131,"hcli":2,"lt":0,"ft":4,"fr":1,"szName":"hTax Scenario Custom Pool","tblPool":130,"tblPhys":130,"icolPhys":0,"lMatch":-1,"tblFrom":-1,"icolFrom":-1,"tblSrc":-1,"grfopt":16}
{"hitm":132,"hcli":2,"lt":0,"ft":10,"fr":0,"szName":"szFull","tblPool":130,"tblPhys":130,"icolPhys":1,"lMatch":-1,"tblFrom":-1,"icolFrom":-1,"tblSrc":-1,"grfopt":16}
{"hitm":133,"hcli":2,"lt":0,"ft":10,"fr":0,"szName":"szAls","tblPool":130,"tblPhys":130,"icolPhys":2,"lMatch":-1,"tblFrom":-1,"icolFrom":-1,"tblSrc":-1,"grfopt":16}
{"hitm":134,"hcli":2,"lt":0,"ft":1,"fr":0,"szName":"fHidden","tblPool":130,"tblPhys":130,"icolPhys":3,"lMatch":-1,"tblFrom":-1,"icolFrom":-1,"tblSrc":-1,"grfopt":16}
{"hitm":135,"hcli":2,"lt":0,"ft":11,"fr":0,"szName":"rgbPrivate","tblPool":130,"tblPhys":130,"icolPhys":4,"lMatch":-1,"tblFrom":-1,"icolFrom":-1,"tblSrc":-1,"grfopt":16}
{"hitm":136,"hcli":2,"lt":0,"ft":1,"fr":0,"szName":"fCurrent","tblPool":130,"tblPhys":130,"icolPhys":5,"lMatch":-1,"tblFrom":-1,"icolFrom":-1,"tblSrc":-1,"grfopt":16}
{"hitm":137,"hcli":2,"lt":0,"ft":1,"fr":0,"szName":"fAcctCollapsed","tblPool":-4000,"tblPhys":-4000,"icolPhys":122,"lMatch":-1,"tblFrom":-1,"icolFrom":-1,"tblSrc":-1,"grfopt":16}
{"hitm":138,"hcli":2,"lt":0,"ft":1,"fr":0,"szName":"fAcctInitialized","tblPool":-4000,"tblPhys":-4000,"icolPhys":123,"lMatch":-1,"tblFrom":-1,"icolFrom":-1,"tblSrc":-1,"grfopt":16}
{"hitm":139,"hcli":2,"lt":0,"ft":4,"fr":0,"szName":"tvTrans1","tblPool":1,"tblPhys":1,"icolPhys":12,"lMatch":-1,"tblFrom":-1,"icolFrom":-1,"tblSrc":-1,"grfopt":16}
{"hitm":140,"hcli":2,"lt":0,"ft":1,"fr":0,"szName":"fAdvBuy","tblPool":-4028,"tblPhys":-4028,"icolPhys":88,"lMatch":-1,"tblFrom":-1,"icolFrom":-1,"tblSrc":-1,"grfopt":16}
{"hitm":141,"hcli":2,"lt":0,"ft":8,"fr":0,"szName":"DtAdvBuy","tblPool":-4028,"tblPhys":-4028,"icolPhys":89,"lMatch":-1,"tblFrom":-1,"icolFrom":-1,"tblSrc":-1,"grfopt":16}
{"hitm":142,"hcli":2,"lt":0,"ft":1,"fr":0,"szName":"fAdvSell","tblPool":-4028,"tblPhys":-4028,"icolPhys":90,"lMatch":-1,"tblFrom":-1,"icolFrom":-1,"tblSrc":-1,"grfopt":16}
{"hitm":143,"hcli":2,"lt":0,"ft":8,"fr":0,"szName":"DtAdvSell","tblPool":-4028,"tblPhys":-4028,"icolPhys":91,"lMatch":-1,"tblFrom":-1,"icolFrom":-1,"tblSrc":-1,"grfopt":16}
{"hitm":144,"hcli":2,"lt":0,"ft":-2,"fr":2,"szName":"Feature Expiration Custom Pool","tblPool":144,"tblPhys":144,"icolPhys":-1,"lMatch":-1,"tblFrom":-1,"icolFrom":-1,"tblSrc":-1,"grfopt":16}
{"hitm":145,"hcli":2,"lt":0,"ft":4,"fr":1,"szName":"hFeature Expiration Custom Pool","tblPool":144,"tblPhys":144,"icolPhys":0,"lMatch":-1,"tblFrom":-1,"icolFrom":-1,"tblSrc":-1,"grfopt":16}
{"hitm":146,"hcli":2,"lt":0,"ft":10,"fr":0,"szName":"szFull","tblPool":144,"tblPhys":144,"icolPhys":1,"lMatch":-1,"tblFrom":-1,"icolFrom":-1,"tblSrc":-1,"grfopt":16}
{"hitm":147,"hcli":2,"lt":0,"ft":10,"fr":0,"szName":"szAls","tblPool":144,"tblPhys":144,"icolPhys":2,"lMatch":-1,"tblFrom":-1,"icolFrom":-1,"tblSrc":-1,"grfopt":16}
{"hitm":148,"hcli":2,"lt":0,"ft":1,"fr":0,"szName":"fHidden","tblPool":144,"tblPhys":144,"icolPhys":3,"lMatch":-1,"tblFrom":-1,"icolFrom":-1,"tblSrc":-1,"grfopt":16}
{"hitm":149,"hcli":2,"lt":0,"ft":4,"fr":0,"szName":"lFidId","tblPool":144,"tblPhys":144,"icolPhys":4,"lMatch":-1,"tblFrom":-1,"icolFrom":-1,"tblSrc":-1,"grfopt":16}
{"hitm":150,"hcli":2,"lt":0,"ft":8,"fr":0,"szName":"dtExpire","tblPool":144,"tblPhys":144,"icolPhys":5,"lMatch":-1,"tblFrom":-1,"icolFrom":-1,"tblSrc":-1,"grfopt":16}
{"hitm":151,"hcli":2,"lt":0,"ft":4,"fr":0,"szName":"lNextRemind","tblPool":144,"tblPhys":144,"icolPhys":6,"lMatch":-1,"tblFrom":-1,"icolFrom":-1,"tblSrc":-1,"grfopt":16}
{"hitm":152,"hcli":2,"lt":0,"ft":4,"fr":0,"szName":"lFidSku","tblPool":144,"tblPhys":144,"icolPhys":7,"lMatch":-1,"tblFrom":-1,"icolFrom":-1,"tblSrc":-1,"grfopt":16}
{"hitm":-32001,"hcli":2,"lt":0,"ft":-2,"fr":2,"szName":"RSRCCAP","tblPool":-32001,"tblPhys":-32001,"icolPhys":-1,"lMatch":-1,"tblFrom":-1,"icolFrom":-1,"tblSrc":-1,"grfopt":0}
{"hitm":-2097217536,"hcli":2,"lt":0,"ft":4,"fr":0,"szName":"Id","tblPool":-32001,"tblPhys":-32001,"icolPhys":-1,"lMatch":-1,"tblFrom":-1,"icolFrom":-1,"tblSrc":-1,"grfopt":0}
{"hitm":-2097217535,"hcli":2,"lt":0,"ft":10,"fr":0,"szName":"szName","tblPool":-32001,"tblPhys":-32001,"icolPhys":-1,"lMatch":-1,"tblFrom":-1,"icolFrom":-1,"tblSrc":-1,"grfopt":0}
{"hitm":-2097217534,"hcli":2,"lt":0,"ft":9,"fr":0,"szName":"rgbValue","tblPool":-32001,"tblPhys":-32001,"icolPhys":-1,"lMatch":-1,"tblFrom":-1,"icolFrom":-1,"tblSrc":-1,"grfopt":0}
{"hitm":-2097217533,"hcli":2,"lt":0,"ft":10,"fr":0,"szName":"szDescription","tblPool":-32001,"tblPhys":-32001,"icolPhys":-1,"lMatch":-1,"tblFrom":-1,"icolFrom":-1,"tblSrc":-1,"grfopt":0}
{"hitm":-32002,"hcli":2,"lt":0,"ft":-2,"fr":2,"szName":"RSRCGROUPBY","tblPool":-32002,"tblPhys":-32002,"icolPhys":-1,"lMatch":-1,"tblFrom":-1,"icolFrom":-1,"tblSrc":-1,"grfopt":0}
{"hitm":-2097283072,"hcli":2,"lt":0,"ft":4,"fr":0,"szName":"Id","tblPool":-32002,"tblPhys":-32002,"icolPhys":-1,"lMatch":-1,"tblFrom":-1,"icolFrom":-1,"tblSrc":-1,"grfopt":0}
{"hitm":-2097283071,"hcli":2,"lt":0,"ft":10,"fr":0,"szName":"szName","tblPool":-32002,"tblPhys":-32002,"icolPhys":-1,"lMatch":-1,"tblFrom":-1,"icolFrom":-1,"tblSrc":-1,"grfopt":0}
{"hitm":-2097283070,"hcli":2,"lt":0,"ft":9,"fr":0,"szName":"rgbValue","tblPool":-32002,"tblPhys":-32002,"icolPhys":-1,"lMatch":-1,"tblFrom":-1,"icolFrom":-1,"tblSrc":-1,"grfopt":0}
{"hitm":-2097283069,"hcli":2,"lt":0,"ft":10,"fr":0,"szName":"szDescription","tblPool":-32002,"tblPhys":-32002,"icolPhys":-1,"lMatch":-1,"tblFrom":-1,"icolFrom":-1,"tblSrc":-1,"grfopt":0}
{"hitm":-32003,"hcli":2,"lt":0,"ft":-2,"fr":2,"szName":"RSRCRISK","tblPool":-32003,"tblPhys":-32003,"icolPhys":-1,"lMatch":-1,"tblFrom":-1,"icolFrom":-1,"tblSrc":-1,"grfopt":0}
{"hitm":-2097348608,"hcli":2,"lt":0,"ft":4,"fr":0,"szName":"Id","tblPool":-32003,"tblPhys":-32003,"icolPhys":-1,"lMatch":-1,"tblFrom":-1,"icolFrom":-1,"tblSrc":-1,"grfopt":0}
{"hitm":-2097348607,"hcli":2,"lt":0,"ft":10,"fr":0,"szName":"szName","tblPool":-32003,"tblPhys":-32003,"icolPhys":-1,"lMatch":-1,"tblFrom":-1,"icolFrom":-1,"tblSrc":-1,"grfopt":0}
{"hitm":-2097348606,"hcli":2,"lt":0,"ft":9,"fr":0,"szName":"rgbValue","tblPool":-32003,"tblPhys":-32003,"icolPhys":-1,"lMatch":-1,"tblFrom":-1,"icolFrom":-1,"tblSrc":-1,"grfopt":0}
{"hitm":-2097348605,"hcli":2,"lt":0,"ft":10,"fr":0,"szName":"szDescription","tblPool":-32003,"tblPhys":-32003,"icolPhys":-1,"lMatch":-1,"tblFrom":-1,"icolFrom":-1,"tblSrc":-1,"grfopt":0}
{"hitm":-32006,"hcli":2,"lt":0,"ft":-2,"fr":2,"szName":"RSRCCAT","tblPool":-32006,"tblPhys":-32006,"icolPhys":-1,"lMatch":-1,"tblFrom":-1,"icolFrom":-1,"tblSrc":-1,"grfopt":0}
{"hitm":-2097545216,"hcli":2,"lt":0,"ft":4,"fr":0,"szName":"Id","tblPool":-32006,"tblPhys":-32006,"icolPhys":-1,"lMatch":-1,"tblFrom":-1,"icolFrom":-1,"tblSrc":-1,"grfopt":0}
{"hitm":-2097545215,"hcli":2,"lt":0,"ft":10,"fr":0,"szName":"szName","tblPool":-32006,"tblPhys":-32006,"icolPhys":-1,"lMatch":-1,"tblFrom":-1,"icolFrom":-1,"tblSrc":-1,"grfopt":0}
{"hitm":-2097545214,"hcli":2,"lt":0,"ft":9,"fr":0,"szName":"rgbValue","tblPool":-32006,"tblPhys":-32006,"icolPhys":-1,"lMatch":-1,"tblFrom":-1,"icolFrom":-1,"tblSrc":-1,"grfopt":0}
{"hitm":-2097545213,"hcli":2,"lt":0,"ft":10,"fr":0,"szName":"szDescription","tblPool":-32006,"tblPhys":-32006,"icolPhys":-1,"lMatch":-1,"tblFrom":-1,"icolFrom":-1,"tblSrc":-1,"grfopt":0}
{"hitm":-32004,"hcli":2,"lt":0,"ft":-2,"fr":2,"szName":"RSRCSECTYPE","tblPool":-32004,"tblPhys":-32004,"icolPhys":-1,"lMatch":-1,"tblFrom":-1,"icolFrom":-1,"tblSrc":-1,"grfopt":0}
{"hitm":-2097414144,"hcli":2,"lt":0,"ft":4,"fr":0,"szName":"Id","tblPool":-32004,"tblPhys":-32004,"icolPhys":-1,"lMatch":-1,"tblFrom":-1,"icolFrom":-1,"tblSrc":-1,"grfopt":0}
{"hitm":-2097414143,"hcli":2,"lt":0,"ft":10,"fr":0,"szName":"szName","tblPool":-32004,"tblPhys":-32004,"icolPhys":-1,"lMatch":-1,"tblFrom":-1,"icolFrom":-1,"tblSrc":-1,"grfopt":0}
{"hitm":-2097414142,"hcli":2,"lt":0,"ft":9,"fr":0,"szName":"rgbValue","tblPool":-32004,"tblPhys":-32004,"icolPhys":-1,"lMatch":-1,"tblFrom":-1,"icolFrom":-1,"tblSrc":-1,"grfopt":0}
{"hitm":-2097414141,"hcli":2,"lt":0,"ft":10,"fr":0,"szName":"szDescription","tblPool":-32004,"tblPhys":-32004,"icolPhys":-1,"lMatch":-1,"tblFrom":-1,"icolFrom":-1,"tblSrc":-1,"grfopt":0}
{"hitm":-32007,"hcli":2,"lt":0,"ft":-2,"fr":2,"szName":"RSRCBONDTYPE","tblPool":-32007,"tblPhys":-32007,"icolPhys":-1,"lMatch":-1,"tblFrom":-1,"icolFrom":-1,"tblSrc":-1,"grfopt":0}
{"hitm":-2097610752,"hcli":2,"lt":0,"ft":4,"fr":0,"szName":"Id","tblPool":-32007,"tblPhys":-32007,"icolPhys":-1,"lMatch":-1,"tblFrom":-1,"icolFrom":-1,"tblSrc":-1,"grfopt":0}
{"hitm":-2097610751,"hcli":2,"lt":0,"ft":10,"fr":0,"szName":"szName","tblPool":-32007,"tblPhys":-32007,"icolPhys":-1,"lMatch":-1,"tblFrom":-1,"icolFrom":-1,"tblSrc":-1,"grfopt":0}
{"hitm":-2097610750,"hcli":2,"lt":0,"ft":9,"fr":0,"szName":"rgbValue","tblPool":-32007,"tblPhys":-32007,"icolPhys":-1,"lMatch":-1,"tblFrom":-1,"icolFrom":-1,"tblSrc":-1,"grfopt":0}
{"hitm":-2097610749,"hcli":2,"lt":0,"ft":10,"fr":0,"szName":"szDescription","tblPool":-32007,"tblPhys":-32007,"icolPhys":-1,"lMatch":-1,"tblFrom":-1,"icolFrom":-1,"tblSrc":-1,"grfopt":0}
{"hitm":-32008,"hcli":2,"lt":0,"ft":-2,"fr":2,"szName":"RSRCRATING","tblPool":-32008,"tblPhys":-32008,"icolPhys":-1,"lMatch":-1,"tblFrom":-1,"icolFrom":-1,"tblSrc":-1,"grfopt":0}
{"hitm":-2097676288,"hcli":2,"lt":0,"ft":4,"fr":0,"szName":"Id","tblPool":-32008,"tblPhys":-32008,"icolPhys":-1,"lMatch":-1,"tblFrom":-1,"icolFrom":-1,"tblSrc":-1,"grfopt":0}
{"hitm":-2097676287,"hcli":2,"lt":0,"ft":10,"fr":0,"szName":"szName","tblPool":-32008,"tblPhys":-32008,"icolPhys":-1,"lMatch":-1,"tblFrom":-1,"icolFrom":-1,"tblSrc":-1,"grfopt":0}
{"hitm":-2097676286,"hcli":2,"lt":0,"ft":9,"fr":0,"szName":"rgbValue","tblPool":-32008,"tblPhys":-32008,"icolPhys":-1,"lMatch":-1,"tblFrom":-1,"icolFrom":-1,"tblSrc":-1,"grfopt":0}
{"hitm":-2097676285,"hcli":2,"lt":0,"ft":10,"fr":0,"szName":"szDescription","tblPool":-32008,"tblPhys":-32008,"icolPhys":-1,"lMatch":-1,"tblFrom":-1,"icolFrom":-1,"tblSrc":-1,"grfopt":0}
{"hitm":-32000,"hcli":2,"lt":0,"ft":-2,"fr":2,"szName":"PMCust","tblPool":-32000,"tblPhys":-32000,"icolPhys":-1,"lMatch":-1,"tblFrom":-1,"icolFrom":-1,"tblSrc":-1,"grfopt":0}
{"hitm":-32005,"hcli":2,"lt":0,"ft":-2,"fr":2,"szName":"AcctSummary","tblPool":-32005,"tblPhys":-32005,"icolPhys":-1,"lMatch":-1,"tblFrom":-1,"icolFrom":-1,"tblSrc":-1,"grfopt":0}
{"hitm":153,"hcli":2,"lt":0,"ft":7,"fr":0,"szName":"dRateDividends","tblPool":19,"tblPhys":19,"icolPhys":34,"lMatch":-1,"tblFrom":-1,"icolFrom":-1,"tblSrc":-1,"grfopt":16}
