{"hlot":537,"htrnBuy":4900,"qty":40,"hacct":79,"hsec":123,"dtBuy":"01/30/07 00:00:00","dtSell":"01/00/00 00:00:00","lott":0,"htrnOpen":4900,"dtOpen":"01/30/07 00:00:00","dtClose":"01/00/00 00:00:00","dtSerial":"05/02/07 09:57:58","sguid":{"$binary": "e0Q5M0QxMzAzLTY2OUItNDE2QS1BREUwN0JDRkU3RTBEOEM2fQ==", "$type": "00"},"fUpdated":1}
{"hlot":538,"htrnBuy":4900,"htrnSell":4911,"qty":10,"hacct":79,"hsec":123,"dtBuy":"01/30/07 00:00:00","dtSell":"02/15/08 00:00:00","hlotOpen":537,"lott":1,"htrnOpen":4900,"htrnClose":4911,"dtOpen":"01/30/07 00:00:00","dtClose":"02/15/08 00:00:00","dtSerial":"05/02/07 09:57:58","sguid":{"$binary": "ezA3NUVBNTlCLTMwM0UtNEZEMy1COUI4Q0M0MDBFMzM1RjlBfQ==", "$type": "00"},"fUpdated":1}
{"hlot":478,"htrnBuy":1418,"qty":100,"hacct":2,"hsec":68,"dtBuy":"07/02/02 00:00:00","dtSell":"01/00/00 00:00:00","lott":0,"htrnOpen":1418,"dtOpen":"07/02/02 00:00:00","dtClose":"01/00/00 00:00:00","dtSerial":"04/20/07 10:42:30","sguid":{"$binary": "ezYwQjEwQ0MyLTlBNUMtNDdBQi04M0I3OEEzQTc1MUY0RkVBfQ==", "$type": "00"},"fUpdated":1}
{"hlot":29,"htrnBuy":660,"qty":0,"hacct":2,"hsec":78,"dtBuy":"08/19/00 00:00:00","dtSell":"01/00/00 00:00:00","lott":0,"htrnOpen":660,"dtOpen":"08/19/00 00:00:00","dtClose":"01/00/00 00:00:00","dtSerial":"04/30/07 12:39:43","sguid":{"$binary": "ezlCMzk1NTZDLTAyQzctNEEyQS05NEY1RTYyNzIwMEI0QUJGfQ==", "$type": "00"},"fUpdated":1}
{"hlot":261,"htrnBuy":1537,"qty":50,"hacct":2,"hsec":78,"dtBuy":"07/02/02 00:00:00","dtSell":"01/00/00 00:00:00","lott":0,"htrnOpen":1537,"dtOpen":"07/02/02 00:00:00","dtClose":"01/00/00 00:00:00","dtSerial":"04/30/07 12:39:43","sguid":{"$binary": "ezY1MUYzNENFLTdDRjAtNEJFNi05NUVFMjM4NTJCNjcyMjU1fQ==", "$type": "00"},"fUpdated":1}
{"hlot":263,"htrnBuy":1541,"qty":100,"hacct":2,"hsec":69,"dtBuy":"08/22/02 00:00:00","dtSell":"01/00/00 00:00:00","lott":0,"htrnOpen":1541,"dtOpen":"08/22/02 00:00:00","dtClose":"01/00/00 00:00:00","dtSerial":"04/20/07 10:42:30","sguid":{"$binary": "ezUzNkRDMjBDLTIzQzAtNEYxNS05ODdDRDdFQTg1MEMyNjVGfQ==", "$type": "00"},"fUpdated":1}
{"hlot":277,"htrnBuy":2449,"qty":0,"hacct":2,"hsec":114,"dtBuy":"12/31/01 00:00:00","dtSell":"01/00/00 00:00:00","lott":0,"htrnOpen":2449,"dtOpen":"12/31/01 00:00:00","dtClose":"01/00/00 00:00:00","dtSerial":"04/20/07 10:42:30","sguid":{"$binary": "ezIzMjRGMURCLURGQ0ItNDYyQi05MTYxODM5ODUwRDBBQTdDfQ==", "$type": "00"},"fUpdated":1}
{"hlot":316,"htrnBuy":2477,"qty":0,"hacct":2,"hsec":114,"dtBuy":"06/30/01 00:00:00","dtSell":"01/00/00 00:00:00","lott":0,"htrnOpen":2477,"dtOpen":"06/30/01 00:00:00","dtClose":"01/00/00 00:00:00","dtSerial":"04/20/07 10:42:30","sguid":{"$binary": "e0I1QkZFODFGLTUwNjUtNDA5Ni05NURBRjNFM0FCQkVFQjFGfQ==", "$type": "00"},"fUpdated":1}
{"hlot":343,"htrnBuy":2485,"qty":3,"hacct":2,"hsec":114,"dtBuy":"06/30/02 00:00:00","dtSell":"01/00/00 00:00:00","lott":0,"htrnOpen":2485,"dtOpen":"06/30/02 00:00:00","dtClose":"01/00/00 00:00:00","dtSerial":"04/20/07 10:42:30","sguid":{"$binary": "e0M3RTkyOTg4LUQ3MUMtNDdBMy04MDcxRUQ3QkY2MTg3MjIxfQ==", "$type": "00"},"fUpdated":1}
{"hlot":446,"htrnBuy":2477,"htrnSell":2483,"qty":60,"hacct":2,"hsec":114,"dtBuy":"06/30/01 00:00:00","dtSell":"03/24/02 00:00:00","hlotOpen":316,"lott":1,"htrnOpen":2477,"htrnClose":2483,"dtOpen":"06/30/01 00:00:00","dtClose":"03/24/02 00:00:00","dtSerial":"04/20/07 10:42:30","sguid":{"$binary": "e0VGN0M1OUY3LUFFQzQtNEMxQi1BQTU4MzYyMjk5MUJGRDk2fQ==", "$type": "00"},"fUpdated":1}
{"hlot":474,"htrnBuy":2477,"htrnSell":2467,"qty":26,"hacct":2,"hsec":114,"dtBuy":"06/30/01 00:00:00","dtSell":"07/19/02 00:00:00","hlotOpen":316,"lott":1,"htrnOpen":2477,"htrnClose":2467,"dtOpen":"06/30/01 00:00:00","dtClose":"07/19/02 00:00:00","dtSerial":"04/20/07 10:42:30","sguid":{"$binary": "ezgwMjBGMkQ0LTUxRUMtNDk0Ny04QTI4NzJFMUQxMjgyQjg5fQ==", "$type": "00"},"fUpdated":1}
{"hlot":475,"htrnBuy":2449,"htrnSell":2467,"qty":54,"hacct":2,"hsec":114,"dtBuy":"12/31/01 00:00:00","dtSell":"07/19/02 00:00:00","hlotOpen":277,"lott":1,"htrnOpen":2449,"htrnClose":2467,"dtOpen":"12/31/01 00:00:00","dtClose":"07/19/02 00:00:00","dtSerial":"04/20/07 10:42:30","sguid":{"$binary": "e0UzRDZCQzU1LTZFRDUtNEJBMy1CRkQzNEY2REY3QzYzQkNEfQ==", "$type": "00"},"fUpdated":1}
{"hlot":476,"htrnBuy":2485,"htrnSell":2467,"qty":20,"hacct":2,"hsec":114,"dtBuy":"06/30/02 00:00:00","dtSell":"07/19/02 00:00:00","hlotOpen":343,"lott":1,"htrnOpen":2485,"htrnClose":2467,"dtOpen":"06/30/02 00:00:00","dtClose":"07/19/02 00:00:00","dtSerial":"04/20/07 10:42:30","sguid":{"$binary": "ezU3RkQ4OTA4LUE4QUQtNDdFQi04QUI0MjgxQUI2QjcxNDQzfQ==", "$type": "00"},"fUpdated":1}
{"hlot":482,"htrnBuy":1937,"qty":1000,"hacct":66,"hsec":89,"dtBuy":"08/16/01 00:00:00","dtSell":"01/00/00 00:00:00","lott":0,"htrnOpen":1937,"dtOpen":"08/16/01 00:00:00","dtClose":"01/00/00 00:00:00","dtSerial":"04/20/07 10:42:30","sguid":{"$binary": "ezI0NTQyQTIyLTYxOTgtNDhBRC04ODM3M0U5NjY0NzM4MENFfQ==", "$type": "00"},"fUpdated":0}
{"hlot":495,"htrnBuy":2737,"qty":150,"hacct":2,"hsec":68,"dtBuy":"05/21/03 00:00:00","dtSell":"01/00/00 00:00:00","lott":0,"htrnOpen":2737,"dtOpen":"05/21/03 00:00:00","dtClose":"01/00/00 00:00:00","dtSerial":"04/20/07 10:42:30","sguid":{"$binary": "ezMxQjJCMkE2LTQwMDItNDYxOC1BRjg4RTMwMzkxMjUxQzUxfQ==", "$type": "00"},"fUpdated":1}
{"hlot":497,"htrnBuy":2485,"htrnSell":2481,"qty":30,"hacct":2,"hsec":114,"dtBuy":"06/30/02 00:00:00","dtSell":"05/02/03 00:00:00","hlotOpen":343,"lott":1,"htrnOpen":2485,"htrnClose":2481,"dtOpen":"06/30/02 00:00:00","dtClose":"05/02/03 00:00:00","dtSerial":"04/20/07 10:42:30","sguid":{"$binary": "ezFGNTg0NDMwLTFFNDMtNDVCNy1CODlBM0VFNjZGMDFGOUM1fQ==", "$type": "00"},"fUpdated":1}
{"hlot":487,"htrnBuy":1049,"qty":110.25,"hacct":26,"hsec":98,"dtBuy":"12/31/01 00:00:00","dtSell":"01/00/00 00:00:00","lott":0,"htrnOpen":1049,"dtOpen":"12/31/01 00:00:00","dtClose":"01/00/00 00:00:00","dtSerial":"04/20/07 10:42:30","sguid":{"$binary": "ezkwNUNCQTI4LUJDMEEtNEZFOS1BRjY3Rjc1MEYyMTVDMkZDfQ==", "$type": "00"},"fUpdated":1}
{"hlot":490,"htrnBuy":1935,"qty":20000,"hacct":66,"hsec":87,"dtBuy":"08/16/02 00:00:00","dtSell":"01/00/00 00:00:00","lott":0,"htrnOpen":1935,"dtOpen":"08/16/02 00:00:00","dtClose":"01/00/00 00:00:00","dtSerial":"04/20/07 10:42:30","sguid":{"$binary": "ezQ4MzRGMEEyLUM2RTEtNDBDOC04QTJDRTc0NDc5QzEyMjE3fQ==", "$type": "00"},"fUpdated":0}
{"hlot":491,"htrnBuy":1965,"qty":15000,"hacct":66,"hsec":90,"dtBuy":"07/17/03 00:00:00","dtSell":"01/00/00 00:00:00","lott":0,"htrnOpen":1965,"dtOpen":"07/17/03 00:00:00","dtClose":"01/00/00 00:00:00","dtSerial":"04/20/07 10:42:30","sguid":{"$binary": "ezMxNDZFRTBGLUNDMzMtNEYxMS05M0FDQjcxNDJGOTU0RDMyfQ==", "$type": "00"},"fUpdated":0}
{"hlot":492,"htrnBuy":1969,"qty":10000,"hacct":66,"hsec":112,"dtBuy":"04/23/03 00:00:00","dtSell":"01/00/00 00:00:00","lott":0,"htrnOpen":1969,"dtOpen":"04/23/03 00:00:00","dtClose":"01/00/00 00:00:00","dtSerial":"04/20/07 10:42:30","sguid":{"$binary": "e0Q4QUEwNTExLTFCRTctNDQyNy05MDlERTY5NjMyQzJEQUY5fQ==", "$type": "00"},"fUpdated":0}
{"hlot":494,"htrnBuy":2727,"qty":50,"hacct":2,"hsec":69,"dtBuy":"06/10/03 00:00:00","dtSell":"01/00/00 00:00:00","lott":0,"htrnOpen":2727,"dtOpen":"06/10/03 00:00:00","dtClose":"01/00/00 00:00:00","dtSerial":"04/20/07 10:42:30","sguid":{"$binary": "ezEwQjdFQkNGLTRDREEtNDQ2RS1CNTRCREM2NzE4MTI1RTE1fQ==", "$type": "00"},"fUpdated":1}
{"hlot":512,"htrnBuy":4075,"qty":0,"hacct":2,"hsec":105,"dtBuy":"12/30/04 00:00:00","dtSell":"01/00/00 00:00:00","lott":0,"htrnOpen":4075,"dtOpen":"12/30/04 00:00:00","dtClose":"01/00/00 00:00:00","dtSerial":"04/20/07 10:42:30","sguid":{"$binary": "e0UyNEVDRTUwLTVGQTEtNEY3OS04QTNBNTVDNjFERkRFRTQyfQ==", "$type": "00"},"fUpdated":1}
{"hlot":513,"htrnBuy":4075,"htrnSell":4076,"qty":8345,"hacct":2,"hsec":105,"dtBuy":"12/30/04 00:00:00","dtSell":"01/01/05 00:00:00","hlotOpen":512,"lott":1,"htrnOpen":4075,"htrnClose":4076,"dtOpen":"12/30/04 00:00:00","dtClose":"01/01/05 00:00:00","dtSerial":"04/20/07 10:42:30","sguid":{"$binary": "ezJENjQ3QTE0LUUwM0QtNEY1MS1BREI0RDlGOTlEQzZBRDdDfQ==", "$type": "00"},"fUpdated":1}
{"hlot":514,"htrnBuy":4080,"qty":51.28,"hacct":2,"hsec":105,"dtBuy":"01/15/05 00:00:00","dtSell":"01/00/00 00:00:00","lott":0,"htrnOpen":4080,"dtOpen":"01/15/05 00:00:00","dtClose":"01/00/00 00:00:00","dtSerial":"04/20/07 10:42:30","sguid":{"$binary": "ezlBMDc2NDU5LTUzQUEtNENDRS04QzU2RTU1RTk2MDNFRTg1fQ==", "$type": "00"},"fUpdated":1}
{"hlot":515,"htrnBuy":4082,"qty":35,"hacct":2,"hsec":105,"dtBuy":"01/17/05 00:00:00","dtSell":"01/00/00 00:00:00","lott":0,"htrnOpen":4082,"dtOpen":"01/17/05 00:00:00","dtClose":"01/00/00 00:00:00","dtSerial":"04/20/07 10:42:30","sguid":{"$binary": "ezJEMTZEQTIxLTI5Q0ItNEVFMy1BNEJGNTNEMDM2QzcyMjVCfQ==", "$type": "00"},"fUpdated":1}
{"hlot":517,"htrnBuy":660,"htrnSell":4087,"qty":800,"hacct":2,"hsec":78,"dtBuy":"08/19/00 00:00:00","dtSell":"01/30/05 00:00:00","hlotOpen":29,"lott":1,"htrnOpen":660,"htrnClose":4087,"dtOpen":"08/19/00 00:00:00","dtClose":"01/30/05 00:00:00","dtSerial":"04/30/07 12:39:43","sguid":{"$binary": "e0U5MzIxRjI2LTYyQUYtNDg4RS04M0MzOEU0QjM4ODdBQ0M5fQ==", "$type": "00"},"fUpdated":1}
{"hlot":518,"htrnBuy":2755,"qty":100,"hacct":72,"hsec":115,"dtBuy":"01/01/07 00:00:00","dtSell":"01/00/00 00:00:00","lott":0,"htrnOpen":2755,"dtOpen":"01/01/07 00:00:00","dtClose":"01/00/00 00:00:00","dtSerial":"04/20/07 10:42:30","sguid":{"$binary": "e0M5RUFDQUJGLUEzMDItNDlCNC1BREE4MDdDNDI2M0VFRjk1fQ==", "$type": "00"},"fUpdated":1}
{"hlot":519,"htrnBuy":2756,"qty":100,"hacct":72,"hsec":116,"dtBuy":"01/01/07 00:00:00","dtSell":"01/00/00 00:00:00","lott":0,"htrnOpen":2756,"dtOpen":"01/01/07 00:00:00","dtClose":"01/00/00 00:00:00","dtSerial":"04/20/07 10:42:30","sguid":{"$binary": "ezc0NEFDMEU4LTM5RkQtNEMxMi04NjM0QzJEOTRFQkFFNTI4fQ==", "$type": "00"},"fUpdated":1}
{"hlot":520,"htrnBuy":2757,"qty":100,"hacct":72,"hsec":104,"dtBuy":"01/01/07 00:00:00","dtSell":"01/00/00 00:00:00","lott":0,"htrnOpen":2757,"dtOpen":"01/01/07 00:00:00","dtClose":"01/00/00 00:00:00","dtSerial":"04/20/07 10:42:30","sguid":{"$binary": "ezgwQTJGREM1LUEwOTYtNENFMi04RTExNzk5N0U5NTM1Q0RCfQ==", "$type": "00"},"fUpdated":1}
{"hlot":521,"htrnBuy":2758,"qty":100,"hacct":72,"hsec":103,"dtBuy":"01/01/07 00:00:00","dtSell":"01/00/00 00:00:00","lott":0,"htrnOpen":2758,"dtOpen":"01/01/07 00:00:00","dtClose":"01/00/00 00:00:00","dtSerial":"04/20/07 10:42:30","sguid":{"$binary": "ezJGOUQyQzM1LTdBQUMtNEVGMS05MkE2MTREQ0YwNkQyMzhEfQ==", "$type": "00"},"fUpdated":1}
{"hlot":522,"htrnBuy":2759,"qty":100,"hacct":72,"hsec":102,"dtBuy":"01/01/07 00:00:00","dtSell":"01/00/00 00:00:00","lott":0,"htrnOpen":2759,"dtOpen":"01/01/07 00:00:00","dtClose":"01/00/00 00:00:00","dtSerial":"04/20/07 10:42:30","sguid":{"$binary": "ezFBMzJBMDQ2LUY5MjctNDhERi1CRTQ5RkYzMDdEMEM0QTMxfQ==", "$type": "00"},"fUpdated":1}
{"hlot":523,"htrnBuy":2760,"qty":15,"hacct":72,"hsec":102,"dtBuy":"01/01/07 00:00:00","dtSell":"01/00/00 00:00:00","lott":0,"htrnOpen":2760,"dtOpen":"01/01/07 00:00:00","dtClose":"01/00/00 00:00:00","dtSerial":"04/20/07 10:42:30","sguid":{"$binary": "e0QzM0E3OUQ0LTQ4MEQtNDA0NS1BMzhEQjI4RjE1NDhDRjU4fQ==", "$type": "00"},"fUpdated":1}
{"hlot":524,"htrnBuy":2762,"qty":25,"hacct":72,"hsec":104,"dtBuy":"01/01/07 00:00:00","dtSell":"01/00/00 00:00:00","lott":0,"htrnOpen":2762,"dtOpen":"01/01/07 00:00:00","dtClose":"01/00/00 00:00:00","dtSerial":"04/20/07 10:42:30","sguid":{"$binary": "ezY0QzdBQkFELTREQzQtNEZCRS1BMzA4REY0MTE3MDYzQjVGfQ==", "$type": "00"},"fUpdated":1}
{"hlot":525,"htrnBuy":2764,"qty":20,"hacct":72,"hsec":103,"dtBuy":"01/01/07 00:00:00","dtSell":"01/00/00 00:00:00","lott":0,"htrnOpen":2764,"dtOpen":"01/01/07 00:00:00","dtClose":"01/00/00 00:00:00","dtSerial":"04/20/07 10:42:30","sguid":{"$binary": "ezI5MTc4NEEzLUE5NTgtNEM3RC1CMEFEQjQzRDk0MDUwREM0fQ==", "$type": "00"},"fUpdated":1}
{"hlot":526,"htrnBuy":2766,"qty":45,"hacct":72,"hsec":115,"dtBuy":"01/01/07 00:00:00","dtSell":"01/00/00 00:00:00","lott":0,"htrnOpen":2766,"dtOpen":"01/01/07 00:00:00","dtClose":"01/00/00 00:00:00","dtSerial":"04/20/07 10:42:30","sguid":{"$binary": "e0QyOTU1QzEzLTQ3MDMtNDIzMC1BODZFNzlGNTY4RTIyOUIwfQ==", "$type": "00"},"fUpdated":1}
{"hlot":527,"htrnBuy":2768,"qty":40,"hacct":72,"hsec":116,"dtBuy":"07/15/06 00:00:00","dtSell":"01/00/00 00:00:00","lott":0,"htrnOpen":2768,"dtOpen":"07/15/06 00:00:00","dtClose":"01/00/00 00:00:00","dtSerial":"04/20/07 10:42:30","sguid":{"$binary": "ezRCNUVCQzg4LUE4QjktNDk2Qy1BNUVCQzU3NENFNTk4NTYwfQ==", "$type": "00"},"fUpdated":1}
{"hlot":528,"htrnBuy":2770,"qty":200,"hacct":72,"hsec":114,"dtBuy":"01/30/06 00:00:00","dtSell":"01/00/00 00:00:00","lott":0,"htrnOpen":2770,"dtOpen":"01/30/06 00:00:00","dtClose":"01/00/00 00:00:00","dtSerial":"04/20/07 10:42:30","sguid":{"$binary": "ezk5MkJBMTQ2LTgwQzgtNDJERi05RkEwNEIyQjMwRjU1MzdCfQ==", "$type": "00"},"fUpdated":1}
{"hlot":531,"htrnBuy":2772,"qty":44,"hacct":16,"hsec":114,"dtBuy":"03/30/07 00:00:00","dtSell":"01/00/00 00:00:00","lott":0,"htrnOpen":2772,"dtOpen":"03/30/07 00:00:00","dtClose":"01/00/00 00:00:00","dtSerial":"04/20/07 10:42:30","sguid":{"$binary": "ezc1MzhBQUM3LURENEItNEU2Ri05QTBCOTdFOEY0REQzNEZCfQ==", "$type": "00"},"fUpdated":1}
{"hlot":533,"htrnBuy":616,"qty":156,"hacct":16,"hsec":56,"dtBuy":"07/01/06 00:00:00","dtSell":"01/00/00 00:00:00","lott":0,"htrnOpen":616,"dtOpen":"07/01/06 00:00:00","dtClose":"01/00/00 00:00:00","dtSerial":"04/20/07 10:42:30","sguid":{"$binary": "ezUyMzNGNjk0LUFGRkQtNDRGRi05QTNFN0M0ODYyQzJDQTcwfQ==", "$type": "00"},"fUpdated":1}
{"hlot":534,"htrnBuy":620,"qty":12,"hacct":16,"hsec":60,"dtBuy":"07/15/06 00:00:00","dtSell":"01/00/00 00:00:00","lott":0,"htrnOpen":620,"dtOpen":"07/15/06 00:00:00","dtClose":"01/00/00 00:00:00","dtSerial":"04/20/07 10:42:30","sguid":{"$binary": "ezU4M0E3MkEwLUFBMzAtNDQxRS04NzlGOEI1NTEwRUMxMDkwfQ==", "$type": "00"},"fUpdated":1}
{"hlot":535,"htrnBuy":619,"qty":527,"hacct":16,"hsec":59,"dtBuy":"09/15/06 00:00:00","dtSell":"01/00/00 00:00:00","lott":0,"htrnOpen":619,"dtOpen":"09/15/06 00:00:00","dtClose":"01/00/00 00:00:00","dtSerial":"04/20/07 10:42:30","sguid":{"$binary": "e0RBRTQ3NkUyLUEyNDMtNERGNC05RjE4REY1MDhCNzQzQzlGfQ==", "$type": "00"},"fUpdated":1}
