{"hposstmt":1,"hacct":2,"mUIDType":"CUSIP","mUID":"808515100","szFull":"Woodgrove Money Market Fund","dUnitPrice":1,"szSymbol":"WGMXX","sct":2,"qty":1977.65,"dtMaturity":"01/00/00 00:00:00","fProcessed":1,"dtAsOf":"01/30/05 00:00:00","dtSerial":"04/20/07 10:42:30","dtExpire":"01/00/00 00:00:00","fCall":0,"grfFlags":0}
{"hposstmt":2,"hacct":2,"mUIDType":"CUSIP","mUID":"293562104","szFull":"FrogKick Scuba Gear","dUnitPrice":30.45,"szSymbol":"FKSG","sct":1,"qty":300,"dtMaturity":"01/00/00 00:00:00","fProcessed":1,"dtAsOf":"01/30/05 00:00:00","dtSerial":"04/20/07 10:42:30","dtExpire":"01/00/00 00:00:00","fCall":0,"grfFlags":0}
{"hposstmt":3,"hacct":2,"mUIDType":"CUSIP","mUID":"918005109","szFull":"Contoso LTD","dUnitPrice":71.84,"szSymbol":"CLTD","sct":1,"qty":100,"dtMaturity":"01/00/00 00:00:00","fProcessed":1,"dtAsOf":"01/30/05 00:00:00","dtSerial":"04/20/07 10:42:30","dtExpire":"01/00/00 00:00:00","fCall":0,"grfFlags":0}
