{"hpreflist":1,"sguid":{"$binary": "e0E3MTg0MzdFLUIyNkEtNDBBMS05RDlDMTBFMkIzODQzNEMwfQ==", "$type": "00"},"nValue":-213909.5031,"iitem":3,"dtSerial":"04/25/07 10:46:54","fSyncLast":0,"guidObj":{"$binary": "ezg5NTAwOUFFLUQ2NkUtNDcxMy1CMkIwNzY4RUI3MTRBODI2fQ==", "$type": "00"},"lcolSize":64,"nDecPrecision":2,"fUpdated":1,"guidListType":{"$binary": "ezg5NTAwOUFFLUQ2NkUtNDcxMy1CMkIwNzY4RUI3MTRBODI2fQ==", "$type": "00"},"fSynced":0}
{"hpreflist":2,"sguid":{"$binary": "ezc2OEFBRkRDLUI4MTYtNDAwMS04MDMxMkVBOEQyNkQ3MDQ3fQ==", "$type": "00"},"nValue":-213647.3596,"iitem":6,"dtSerial":"04/25/07 10:46:54","fSyncLast":0,"guidObj":{"$binary": "ezg5NTAwOUFFLUQ2NkUtNDcxMy1CMkIwNzY4RUI3MTRBODI2fQ==", "$type": "00"},"lcolSize":96,"nDecPrecision":3,"fUpdated":1,"guidListType":{"$binary": "ezg5NTAwOUFFLUQ2NkUtNDcxMy1CMkIwNzY4RUI3MTRBODI2fQ==", "$type": "00"},"fSynced":0}
{"hpreflist":3,"sguid":{"$binary": "ezgxMUU5RkMwLTUzMDItNDkzNi1CQjY4RDE1Q0E2MUJFMkY3fQ==", "$type": "00"},"nValue":-213647.3566,"iitem":7,"dtSerial":"04/25/07 10:46:54","fSyncLast":0,"guidObj":{"$binary": "ezg5NTAwOUFFLUQ2NkUtNDcxMy1CMkIwNzY4RUI3MTRBODI2fQ==", "$type": "00"},"lcolSize":96,"nDecPrecision":2,"fUpdated":1,"guidListType":{"$binary": "ezg5NTAwOUFFLUQ2NkUtNDcxMy1CMkIwNzY4RUI3MTRBODI2fQ==", "$type": "00"},"fSynced":0}
{"hpreflist":5,"sguid":{"$binary": "e0ZBMUMyMzAwLTE2MTMtNDUzQS05ODlCQjNBQTEyRDg4MUNGfQ==", "$type": "00"},"nValue":-196607.9997,"iitem":5,"dtSerial":"04/25/07 10:46:54","fSyncLast":0,"guidObj":{"$binary": "ezg5NTAwOUFFLUQ2NkUtNDcxMy1CMkIwNzY4RUI3MTRBODI2fQ==", "$type": "00"},"lcolSize":64,"nDecPrecision":2,"fUpdated":1,"guidListType":{"$binary": "ezg5NTAwOUFFLUQ2NkUtNDcxMy1CMkIwNzY4RUI3MTRBODI2fQ==", "$type": "00"},"fSynced":0}
{"hpreflist":7,"sguid":{"$binary": "e0MwQjVBRUQzLUU1MTYtNDkwMC1CMDkwN0M2QThDODBFRjVGfQ==", "$type": "00"},"nValue":-26391.3534,"iitem":0,"dtSerial":"04/25/07 10:46:54","fSyncLast":0,"guidObj":{"$binary": "ezg5NTAwOUFFLUQ2NkUtNDcxMy1CMkIwNzY4RUI3MTRBODI2fQ==", "$type": "00"},"lcolSize":64,"nDecPrecision":-1,"fUpdated":1,"guidListType":{"$binary": "ezg5NTAwOUFFLUQ2NkUtNDcxMy1CMkIwNzY4RUI3MTRBODI2fQ==", "$type": "00"},"fSynced":0}
{"hpreflist":8,"sguid":{"$binary": "e0JGMjFENURELTY0RTktNEIxNC1BMDY5N0ZCNzUyOUVBNEY0fQ==", "$type": "00"},"nValue":-26391.3518,"iitem":1,"dtSerial":"04/25/07 10:46:54","fSyncLast":0,"guidObj":{"$binary": "ezg5NTAwOUFFLUQ2NkUtNDcxMy1CMkIwNzY4RUI3MTRBODI2fQ==", "$type": "00"},"lcolSize":64,"nDecPrecision":-1,"fUpdated":1,"guidListType":{"$binary": "ezg5NTAwOUFFLUQ2NkUtNDcxMy1CMkIwNzY4RUI3MTRBODI2fQ==", "$type": "00"},"fSynced":0}
{"hpreflist":9,"sguid":{"$binary": "e0NDNjE1OUU1LUY1ODAtNEVFRi1BMjdBQjE1QTU3RDE3RjUxfQ==", "$type": "00"},"nValue":-26391.3475,"iitem":2,"dtSerial":"04/25/07 10:46:54","fSyncLast":0,"guidObj":{"$binary": "ezg5NTAwOUFFLUQ2NkUtNDcxMy1CMkIwNzY4RUI3MTRBODI2fQ==", "$type": "00"},"lcolSize":64,"nDecPrecision":-1,"fUpdated":1,"guidListType":{"$binary": "ezg5NTAwOUFFLUQ2NkUtNDcxMy1CMkIwNzY4RUI3MTRBODI2fQ==", "$type": "00"},"fSynced":0}
{"hpreflist":10,"sguid":{"$binary": "ezNGQzU3NkEzLUQwRkUtNEZGMi1BNUEzRDQwMzIyQkM5MjlBfQ==", "$type": "00"},"nValue":-26391.3474,"iitem":4,"dtSerial":"04/25/07 10:46:54","fSyncLast":0,"guidObj":{"$binary": "ezg5NTAwOUFFLUQ2NkUtNDcxMy1CMkIwNzY4RUI3MTRBODI2fQ==", "$type": "00"},"lcolSize":160,"nDecPrecision":-1,"fUpdated":1,"guidListType":{"$binary": "ezg5NTAwOUFFLUQ2NkUtNDcxMy1CMkIwNzY4RUI3MTRBODI2fQ==", "$type": "00"},"fSynced":0}
{"hpreflist":11,"sguid":{"$binary": "e0UxRkExMjBCLUI0OTEtNEQyMC04MDdGNEJGOUNDQkEwNTIzfQ==", "$type": "00"},"nValue":-213909.5040,"iitem":13,"dtSerial":"05/24/04 17:44:32","fSyncLast":0,"guidObj":{"$binary": "ezg5NTAwOUFGLUQ2NkUtNDcxMy1CMkIwNzY4RUI3MTRBODI2fQ==", "$type": "00"},"lcolSize":64,"nDecPrecision":2,"fUpdated":1,"guidListType":{"$binary": "ezg5NTAwOUFGLUQ2NkUtNDcxMy1CMkIwNzY4RUI3MTRBODI2fQ==", "$type": "00"},"fSynced":0}
{"hpreflist":12,"sguid":{"$binary": "ezI5RUM5RDUwLTBCRTQtNDNDMS05MzZEMUVBM0MyN0QyOUVDfQ==", "$type": "00"},"nValue":-213909.5039,"iitem":9,"dtSerial":"05/24/04 17:44:32","fSyncLast":0,"guidObj":{"$binary": "ezg5NTAwOUFGLUQ2NkUtNDcxMy1CMkIwNzY4RUI3MTRBODI2fQ==", "$type": "00"},"lcolSize":64,"nDecPrecision":1,"fUpdated":1,"guidListType":{"$binary": "ezg5NTAwOUFGLUQ2NkUtNDcxMy1CMkIwNzY4RUI3MTRBODI2fQ==", "$type": "00"},"fSynced":0}
{"hpreflist":13,"sguid":{"$binary": "e0YxN0UxNTUwLUIwNDItNEVGNi1BRDQ1MUM4QUU4MjI3N0Q0fQ==", "$type": "00"},"nValue":-213909.5038,"iitem":7,"dtSerial":"05/24/04 17:44:32","fSyncLast":0,"guidObj":{"$binary": "ezg5NTAwOUFGLUQ2NkUtNDcxMy1CMkIwNzY4RUI3MTRBODI2fQ==", "$type": "00"},"lcolSize":64,"nDecPrecision":1,"fUpdated":1,"guidListType":{"$binary": "ezg5NTAwOUFGLUQ2NkUtNDcxMy1CMkIwNzY4RUI3MTRBODI2fQ==", "$type": "00"},"fSynced":0}
{"hpreflist":14,"sguid":{"$binary": "ezQxN0IxREIxLUQyRkItNDZFOC1BN0MwODgwQkEyMjk1QzkxfQ==", "$type": "00"},"nValue":-213909.5037,"iitem":5,"dtSerial":"05/24/04 17:44:32","fSyncLast":0,"guidObj":{"$binary": "ezg5NTAwOUFGLUQ2NkUtNDcxMy1CMkIwNzY4RUI3MTRBODI2fQ==", "$type": "00"},"lcolSize":64,"nDecPrecision":1,"fUpdated":1,"guidListType":{"$binary": "ezg5NTAwOUFGLUQ2NkUtNDcxMy1CMkIwNzY4RUI3MTRBODI2fQ==", "$type": "00"},"fSynced":0}
{"hpreflist":15,"sguid":{"$binary": "e0VCNEQ1QUI4LTgzQjUtNEJEMy04RTFBQzQ2MUUwM0E4RjZFfQ==", "$type": "00"},"nValue":-213909.5036,"iitem":11,"dtSerial":"05/24/04 17:44:32","fSyncLast":0,"guidObj":{"$binary": "ezg5NTAwOUFGLUQ2NkUtNDcxMy1CMkIwNzY4RUI3MTRBODI2fQ==", "$type": "00"},"lcolSize":64,"nDecPrecision":2,"fUpdated":1,"guidListType":{"$binary": "ezg5NTAwOUFGLUQ2NkUtNDcxMy1CMkIwNzY4RUI3MTRBODI2fQ==", "$type": "00"},"fSynced":0}
{"hpreflist":16,"sguid":{"$binary": "ezlBRTQ4MEUzLTA0NjMtNDM0Ri1BNDNBRUQ2MjZCMzE3NTE2fQ==", "$type": "00"},"nValue":-213909.5033,"iitem":10,"dtSerial":"05/24/04 17:44:32","fSyncLast":0,"guidObj":{"$binary": "ezg5NTAwOUFGLUQ2NkUtNDcxMy1CMkIwNzY4RUI3MTRBODI2fQ==", "$type": "00"},"lcolSize":96,"nDecPrecision":2,"fUpdated":1,"guidListType":{"$binary": "ezg5NTAwOUFGLUQ2NkUtNDcxMy1CMkIwNzY4RUI3MTRBODI2fQ==", "$type": "00"},"fSynced":0}
{"hpreflist":17,"sguid":{"$binary": "ezNGN0EzRkI4LUI5MzktNDQ0Ny04N0U1NzY4RDkyMjhEMEVDfQ==", "$type": "00"},"nValue":-213909.5032,"iitem":3,"dtSerial":"05/24/04 17:44:32","fSyncLast":0,"guidObj":{"$binary": "ezg5NTAwOUFGLUQ2NkUtNDcxMy1CMkIwNzY4RUI3MTRBODI2fQ==", "$type": "00"},"lcolSize":160,"nDecPrecision":-1,"fUpdated":1,"guidListType":{"$binary": "ezg5NTAwOUFGLUQ2NkUtNDcxMy1CMkIwNzY4RUI3MTRBODI2fQ==", "$type": "00"},"fSynced":0}
{"hpreflist":18,"sguid":{"$binary": "e0E3QjY0RTc4LUVFRjEtNDQ5My1BNkQyRTg1MzhFQUQwOUM4fQ==", "$type": "00"},"nValue":-213909.5031,"iitem":1,"dtSerial":"05/24/04 17:44:32","fSyncLast":0,"guidObj":{"$binary": "ezg5NTAwOUFGLUQ2NkUtNDcxMy1CMkIwNzY4RUI3MTRBODI2fQ==", "$type": "00"},"lcolSize":64,"nDecPrecision":2,"fUpdated":1,"guidListType":{"$binary": "ezg5NTAwOUFGLUQ2NkUtNDcxMy1CMkIwNzY4RUI3MTRBODI2fQ==", "$type": "00"},"fSynced":0}
{"hpreflist":19,"sguid":{"$binary": "e0NEQkIxNkM4LTVGRDctNEJFMS05Njg5QTEwQ0Y0MTBFRjc5fQ==", "$type": "00"},"nValue":-213909.5030,"iitem":8,"dtSerial":"05/24/04 17:44:32","fSyncLast":0,"guidObj":{"$binary": "ezg5NTAwOUFGLUQ2NkUtNDcxMy1CMkIwNzY4RUI3MTRBODI2fQ==", "$type": "00"},"lcolSize":96,"nDecPrecision":2,"fUpdated":1,"guidListType":{"$binary": "ezg5NTAwOUFGLUQ2NkUtNDcxMy1CMkIwNzY4RUI3MTRBODI2fQ==", "$type": "00"},"fSynced":0}
{"hpreflist":20,"sguid":{"$binary": "ezA3QzA4RjMxLUQ1NkMtNDhBMy04M0EwRjZFNkRCOUY4ODk0fQ==", "$type": "00"},"nValue":-213909.5029,"iitem":6,"dtSerial":"05/24/04 17:44:32","fSyncLast":0,"guidObj":{"$binary": "ezg5NTAwOUFGLUQ2NkUtNDcxMy1CMkIwNzY4RUI3MTRBODI2fQ==", "$type": "00"},"lcolSize":96,"nDecPrecision":2,"fUpdated":1,"guidListType":{"$binary": "ezg5NTAwOUFGLUQ2NkUtNDcxMy1CMkIwNzY4RUI3MTRBODI2fQ==", "$type": "00"},"fSynced":0}
{"hpreflist":21,"sguid":{"$binary": "e0FFNTVFMUFELTE1MkYtNDgwMC1BNzM2QzAwNkJCMzc4M0ZBfQ==", "$type": "00"},"nValue":-213909.5028,"iitem":12,"dtSerial":"05/24/04 17:44:32","fSyncLast":0,"guidObj":{"$binary": "ezg5NTAwOUFGLUQ2NkUtNDcxMy1CMkIwNzY4RUI3MTRBODI2fQ==", "$type": "00"},"lcolSize":96,"nDecPrecision":2,"fUpdated":1,"guidListType":{"$binary": "ezg5NTAwOUFGLUQ2NkUtNDcxMy1CMkIwNzY4RUI3MTRBODI2fQ==", "$type": "00"},"fSynced":0}
{"hpreflist":22,"sguid":{"$binary": "ezlEN0I1OEM3LUMwMzMtNDlBRS05QUEzMzk0MTY4MzE4MDE5fQ==", "$type": "00"},"nValue":-213647.3566,"iitem":4,"dtSerial":"05/24/04 17:44:32","fSyncLast":0,"guidObj":{"$binary": "ezg5NTAwOUFGLUQ2NkUtNDcxMy1CMkIwNzY4RUI3MTRBODI2fQ==", "$type": "00"},"lcolSize":96,"nDecPrecision":2,"fUpdated":1,"guidListType":{"$binary": "ezg5NTAwOUFGLUQ2NkUtNDcxMy1CMkIwNzY4RUI3MTRBODI2fQ==", "$type": "00"},"fSynced":0}
{"hpreflist":23,"sguid":{"$binary": "ezlCNEM1QjQ5LTVDMDEtNDRFRi04ODU3MzE1QzYzMkNGMkU5fQ==", "$type": "00"},"nValue":-26391.3475,"iitem":0,"dtSerial":"05/24/04 17:44:32","fSyncLast":0,"guidObj":{"$binary": "ezg5NTAwOUFGLUQ2NkUtNDcxMy1CMkIwNzY4RUI3MTRBODI2fQ==", "$type": "00"},"lcolSize":64,"nDecPrecision":-1,"fUpdated":1,"guidListType":{"$binary": "ezg5NTAwOUFGLUQ2NkUtNDcxMy1CMkIwNzY4RUI3MTRBODI2fQ==", "$type": "00"},"fSynced":0}
{"hpreflist":24,"sguid":{"$binary": "ezI4OUJGRDIwLTkzQ0MtNDMxNS04N0Y5ODYzMUZCOEMwNkNDfQ==", "$type": "00"},"nValue":-26391.3474,"iitem":2,"dtSerial":"05/24/04 17:44:32","fSyncLast":0,"guidObj":{"$binary": "ezg5NTAwOUFGLUQ2NkUtNDcxMy1CMkIwNzY4RUI3MTRBODI2fQ==", "$type": "00"},"lcolSize":160,"nDecPrecision":-1,"fUpdated":1,"guidListType":{"$binary": "ezg5NTAwOUFGLUQ2NkUtNDcxMy1CMkIwNzY4RUI3MTRBODI2fQ==", "$type": "00"},"fSynced":0}
{"hpreflist":25,"sguid":{"$binary": "e0Q5REYyOEVGLTNBNDUtNDFBRC05RTUyNzhBNEZCMUM0OEY2fQ==", "$type": "00"},"nValue":-213909.5031,"iitem":1,"dtSerial":"05/24/04 17:44:32","fSyncLast":0,"guidObj":{"$binary": "ezg5NTAwOUIwLUQ2NkUtNDcxMy1CMkIwNzY4RUI3MTRBODI2fQ==", "$type": "00"},"lcolSize":64,"nDecPrecision":2,"fUpdated":1,"guidListType":{"$binary": "ezg5NTAwOUIwLUQ2NkUtNDcxMy1CMkIwNzY4RUI3MTRBODI2fQ==", "$type": "00"},"fSynced":0}
{"hpreflist":26,"sguid":{"$binary": "e0NEMEE4MkNDLUQzQTgtNENCRi1BMjczOEU0MDcyOTlFMUU1fQ==", "$type": "00"},"nValue":-213909.5027,"iitem":5,"dtSerial":"05/24/04 17:44:32","fSyncLast":0,"guidObj":{"$binary": "ezg5NTAwOUIwLUQ2NkUtNDcxMy1CMkIwNzY4RUI3MTRBODI2fQ==", "$type": "00"},"lcolSize":96,"nDecPrecision":2,"fUpdated":1,"guidListType":{"$binary": "ezg5NTAwOUIwLUQ2NkUtNDcxMy1CMkIwNzY4RUI3MTRBODI2fQ==", "$type": "00"},"fSynced":0}
{"hpreflist":27,"sguid":{"$binary": "e0I0REVDRUNCLTQ1QjAtNDIxMC04RDRDODNCQ0Q3NUI3NUZFfQ==", "$type": "00"},"nValue":-213647.3596,"iitem":4,"dtSerial":"05/24/04 17:44:32","fSyncLast":0,"guidObj":{"$binary": "ezg5NTAwOUIwLUQ2NkUtNDcxMy1CMkIwNzY4RUI3MTRBODI2fQ==", "$type": "00"},"lcolSize":96,"nDecPrecision":3,"fUpdated":1,"guidListType":{"$binary": "ezg5NTAwOUIwLUQ2NkUtNDcxMy1CMkIwNzY4RUI3MTRBODI2fQ==", "$type": "00"},"fSynced":0}
{"hpreflist":28,"sguid":{"$binary": "e0Q4NUE4MDlFLUM0RDAtNDNDRC1BMDYzOUE0QkI1QTUyODQ3fQ==", "$type": "00"},"nValue":-213647.3566,"iitem":6,"dtSerial":"05/24/04 17:44:32","fSyncLast":0,"guidObj":{"$binary": "ezg5NTAwOUIwLUQ2NkUtNDcxMy1CMkIwNzY4RUI3MTRBODI2fQ==", "$type": "00"},"lcolSize":96,"nDecPrecision":2,"fUpdated":1,"guidListType":{"$binary": "ezg5NTAwOUIwLUQ2NkUtNDcxMy1CMkIwNzY4RUI3MTRBODI2fQ==", "$type": "00"},"fSynced":0}
{"hpreflist":29,"sguid":{"$binary": "e0M5NDY1RDk1LTM2RTEtNDk4MC05MkQ5Q0M2Qzg0NjIxNEI3fQ==", "$type": "00"},"nValue":-213647.3561,"iitem":9,"dtSerial":"05/24/04 17:44:32","fSyncLast":0,"guidObj":{"$binary": "ezg5NTAwOUIwLUQ2NkUtNDcxMy1CMkIwNzY4RUI3MTRBODI2fQ==", "$type": "00"},"lcolSize":96,"nDecPrecision":2,"fUpdated":1,"guidListType":{"$binary": "ezg5NTAwOUIwLUQ2NkUtNDcxMy1CMkIwNzY4RUI3MTRBODI2fQ==", "$type": "00"},"fSynced":0}
{"hpreflist":30,"sguid":{"$binary": "e0U1ODcwQ0NDLTA0QjQtNDI5NC1BMjMzRkVFREYyRjQyQjhDfQ==", "$type": "00"},"nValue":-213647.3552,"iitem":7,"dtSerial":"05/24/04 17:44:32","fSyncLast":0,"guidObj":{"$binary": "ezg5NTAwOUIwLUQ2NkUtNDcxMy1CMkIwNzY4RUI3MTRBODI2fQ==", "$type": "00"},"lcolSize":96,"nDecPrecision":2,"fUpdated":1,"guidListType":{"$binary": "ezg5NTAwOUIwLUQ2NkUtNDcxMy1CMkIwNzY4RUI3MTRBODI2fQ==", "$type": "00"},"fSynced":0}
{"hpreflist":31,"sguid":{"$binary": "ezM5RjUxOTYyLTYxMjItNDQ4Ni05QjAzREJFMUMwMzVDRDA3fQ==", "$type": "00"},"nValue":-213647.3551,"iitem":8,"dtSerial":"05/24/04 17:44:32","fSyncLast":0,"guidObj":{"$binary": "ezg5NTAwOUIwLUQ2NkUtNDcxMy1CMkIwNzY4RUI3MTRBODI2fQ==", "$type": "00"},"lcolSize":96,"nDecPrecision":2,"fUpdated":1,"guidListType":{"$binary": "ezg5NTAwOUIwLUQ2NkUtNDcxMy1CMkIwNzY4RUI3MTRBODI2fQ==", "$type": "00"},"fSynced":0}
{"hpreflist":32,"sguid":{"$binary": "e0UzNTY0Q0Q5LTcwRkEtNDgyRC1BRkEyMkZDQzkyQjA4ODU3fQ==", "$type": "00"},"nValue":-213647.3520,"iitem":10,"dtSerial":"05/24/04 17:44:32","fSyncLast":0,"guidObj":{"$binary": "ezg5NTAwOUIwLUQ2NkUtNDcxMy1CMkIwNzY4RUI3MTRBODI2fQ==", "$type": "00"},"lcolSize":96,"nDecPrecision":1,"fUpdated":1,"guidListType":{"$binary": "ezg5NTAwOUIwLUQ2NkUtNDcxMy1CMkIwNzY4RUI3MTRBODI2fQ==", "$type": "00"},"fSynced":0}
{"hpreflist":33,"sguid":{"$binary": "ezNFMjE5OTJFLTJBRUYtNDczOS04RjA5QUY1QzA3MkQ1MEIzfQ==", "$type": "00"},"nValue":-213647.3516,"iitem":11,"dtSerial":"05/24/04 17:44:32","fSyncLast":0,"guidObj":{"$binary": "ezg5NTAwOUIwLUQ2NkUtNDcxMy1CMkIwNzY4RUI3MTRBODI2fQ==", "$type": "00"},"lcolSize":96,"nDecPrecision":1,"fUpdated":1,"guidListType":{"$binary": "ezg5NTAwOUIwLUQ2NkUtNDcxMy1CMkIwNzY4RUI3MTRBODI2fQ==", "$type": "00"},"fSynced":0}
{"hpreflist":34,"sguid":{"$binary": "e0QyM0IyRkMwLUJEMUItNEQ0Qy04Mzc0QTIyMDhCQkIzNUE4fQ==", "$type": "00"},"nValue":-196607.9997,"iitem":3,"dtSerial":"05/24/04 17:44:32","fSyncLast":0,"guidObj":{"$binary": "ezg5NTAwOUIwLUQ2NkUtNDcxMy1CMkIwNzY4RUI3MTRBODI2fQ==", "$type": "00"},"lcolSize":64,"nDecPrecision":2,"fUpdated":1,"guidListType":{"$binary": "ezg5NTAwOUIwLUQ2NkUtNDcxMy1CMkIwNzY4RUI3MTRBODI2fQ==", "$type": "00"},"fSynced":0}
{"hpreflist":35,"sguid":{"$binary": "e0VDQkVEQTAyLUZDNzMtNDJCRC05RjEzRTFEQ0I4NkVDNThFfQ==", "$type": "00"},"nValue":-26391.3475,"iitem":0,"dtSerial":"05/24/04 17:44:32","fSyncLast":0,"guidObj":{"$binary": "ezg5NTAwOUIwLUQ2NkUtNDcxMy1CMkIwNzY4RUI3MTRBODI2fQ==", "$type": "00"},"lcolSize":64,"nDecPrecision":-1,"fUpdated":1,"guidListType":{"$binary": "ezg5NTAwOUIwLUQ2NkUtNDcxMy1CMkIwNzY4RUI3MTRBODI2fQ==", "$type": "00"},"fSynced":0}
{"hpreflist":36,"sguid":{"$binary": "ezRGOEMxREY0LTlFNTEtNEVFOS04RTExREY1RjgxREUzRTNBfQ==", "$type": "00"},"nValue":-26391.3474,"iitem":2,"dtSerial":"05/24/04 17:44:32","fSyncLast":0,"guidObj":{"$binary": "ezg5NTAwOUIwLUQ2NkUtNDcxMy1CMkIwNzY4RUI3MTRBODI2fQ==", "$type": "00"},"lcolSize":160,"nDecPrecision":-1,"fUpdated":1,"guidListType":{"$binary": "ezg5NTAwOUIwLUQ2NkUtNDcxMy1CMkIwNzY4RUI3MTRBODI2fQ==", "$type": "00"},"fSynced":0}
{"hpreflist":37,"sguid":{"$binary": "e0RGNTU4OUY5LTFFNUYtNDU3Ri1CMjI0QjJCQzEyRDU3MUQwfQ==", "$type": "00"},"nValue":-213909.5031,"iitem":1,"dtSerial":"05/24/04 17:44:32","fSyncLast":0,"guidObj":{"$binary": "ezg5NTAwOUIxLUQ2NkUtNDcxMy1CMkIwNzY4RUI3MTRBODI2fQ==", "$type": "00"},"lcolSize":64,"nDecPrecision":2,"fUpdated":1,"guidListType":{"$binary": "ezg5NTAwOUIxLUQ2NkUtNDcxMy1CMkIwNzY4RUI3MTRBODI2fQ==", "$type": "00"},"fSynced":0}
{"hpreflist":38,"sguid":{"$binary": "ezJGOUUxRkQzLTREMjEtNDEyNC1CNTgyOTE5RjQxQzhGREM1fQ==", "$type": "00"},"nValue":-213647.3566,"iitem":3,"dtSerial":"05/24/04 17:44:32","fSyncLast":0,"guidObj":{"$binary": "ezg5NTAwOUIxLUQ2NkUtNDcxMy1CMkIwNzY4RUI3MTRBODI2fQ==", "$type": "00"},"lcolSize":96,"nDecPrecision":2,"fUpdated":1,"guidListType":{"$binary": "ezg5NTAwOUIxLUQ2NkUtNDcxMy1CMkIwNzY4RUI3MTRBODI2fQ==", "$type": "00"},"fSynced":0}
{"hpreflist":39,"sguid":{"$binary": "ezgxNDZDOUYwLTA0NzktNEQ0Qi05MERBMkUxNDY5RTU1NjNEfQ==", "$type": "00"},"nValue":-213647.3532,"iitem":4,"dtSerial":"05/24/04 17:44:32","fSyncLast":0,"guidObj":{"$binary": "ezg5NTAwOUIxLUQ2NkUtNDcxMy1CMkIwNzY4RUI3MTRBODI2fQ==", "$type": "00"},"lcolSize":96,"nDecPrecision":1,"fUpdated":1,"guidListType":{"$binary": "ezg5NTAwOUIxLUQ2NkUtNDcxMy1CMkIwNzY4RUI3MTRBODI2fQ==", "$type": "00"},"fSynced":0}
{"hpreflist":40,"sguid":{"$binary": "ezcxMTc1QTA5LThBNzEtNDBEMS1CQzZCMzFDN0U2RjU5REE1fQ==", "$type": "00"},"nValue":-213647.3530,"iitem":5,"dtSerial":"05/24/04 17:44:32","fSyncLast":0,"guidObj":{"$binary": "ezg5NTAwOUIxLUQ2NkUtNDcxMy1CMkIwNzY4RUI3MTRBODI2fQ==", "$type": "00"},"lcolSize":96,"nDecPrecision":1,"fUpdated":1,"guidListType":{"$binary": "ezg5NTAwOUIxLUQ2NkUtNDcxMy1CMkIwNzY4RUI3MTRBODI2fQ==", "$type": "00"},"fSynced":0}
{"hpreflist":41,"sguid":{"$binary": "ezQyMDRFNTFDLTNENzUtNDUwOC1BRDA5OERFODhEMDUyRjAzfQ==", "$type": "00"},"nValue":-213647.3528,"iitem":6,"dtSerial":"05/24/04 17:44:32","fSyncLast":0,"guidObj":{"$binary": "ezg5NTAwOUIxLUQ2NkUtNDcxMy1CMkIwNzY4RUI3MTRBODI2fQ==", "$type": "00"},"lcolSize":96,"nDecPrecision":1,"fUpdated":1,"guidListType":{"$binary": "ezg5NTAwOUIxLUQ2NkUtNDcxMy1CMkIwNzY4RUI3MTRBODI2fQ==", "$type": "00"},"fSynced":0}
{"hpreflist":42,"sguid":{"$binary": "ezNCQjcwOTE2LThGRjctNDI5NC04MTk0QzI2NDdFQUZBREE1fQ==", "$type": "00"},"nValue":-213647.3526,"iitem":7,"dtSerial":"05/24/04 17:44:32","fSyncLast":0,"guidObj":{"$binary": "ezg5NTAwOUIxLUQ2NkUtNDcxMy1CMkIwNzY4RUI3MTRBODI2fQ==", "$type": "00"},"lcolSize":96,"nDecPrecision":1,"fUpdated":1,"guidListType":{"$binary": "ezg5NTAwOUIxLUQ2NkUtNDcxMy1CMkIwNzY4RUI3MTRBODI2fQ==", "$type": "00"},"fSynced":0}
{"hpreflist":43,"sguid":{"$binary": "ezcwRDE1N0IxLTk4NUMtNEFCQS1CQ0VBNUYzNjQ5M0ZCNTlBfQ==", "$type": "00"},"nValue":-213647.3524,"iitem":8,"dtSerial":"05/24/04 17:44:32","fSyncLast":0,"guidObj":{"$binary": "ezg5NTAwOUIxLUQ2NkUtNDcxMy1CMkIwNzY4RUI3MTRBODI2fQ==", "$type": "00"},"lcolSize":96,"nDecPrecision":1,"fUpdated":1,"guidListType":{"$binary": "ezg5NTAwOUIxLUQ2NkUtNDcxMy1CMkIwNzY4RUI3MTRBODI2fQ==", "$type": "00"},"fSynced":0}
{"hpreflist":44,"sguid":{"$binary": "ezhEREU3OEMyLUNCQTMtNEI2Qi1BNTNCRjhFMEFEREMwRDcwfQ==", "$type": "00"},"nValue":-213647.3522,"iitem":9,"dtSerial":"05/24/04 17:44:32","fSyncLast":0,"guidObj":{"$binary": "ezg5NTAwOUIxLUQ2NkUtNDcxMy1CMkIwNzY4RUI3MTRBODI2fQ==", "$type": "00"},"lcolSize":96,"nDecPrecision":1,"fUpdated":1,"guidListType":{"$binary": "ezg5NTAwOUIxLUQ2NkUtNDcxMy1CMkIwNzY4RUI3MTRBODI2fQ==", "$type": "00"},"fSynced":0}
{"hpreflist":45,"sguid":{"$binary": "e0JGMzBBNTlDLTIwMjktNDdCMC05RDU0MzNGN0VCQjhFQUU3fQ==", "$type": "00"},"nValue":-213647.3520,"iitem":10,"dtSerial":"05/24/04 17:44:32","fSyncLast":0,"guidObj":{"$binary": "ezg5NTAwOUIxLUQ2NkUtNDcxMy1CMkIwNzY4RUI3MTRBODI2fQ==", "$type": "00"},"lcolSize":96,"nDecPrecision":1,"fUpdated":1,"guidListType":{"$binary": "ezg5NTAwOUIxLUQ2NkUtNDcxMy1CMkIwNzY4RUI3MTRBODI2fQ==", "$type": "00"},"fSynced":0}
{"hpreflist":46,"sguid":{"$binary": "ezU2M0E2MkU2LUVCM0EtNDI0MC1CNUVFNzFFOEU2ODE1OTFBfQ==", "$type": "00"},"nValue":-213647.3516,"iitem":11,"dtSerial":"05/24/04 17:44:32","fSyncLast":0,"guidObj":{"$binary": "ezg5NTAwOUIxLUQ2NkUtNDcxMy1CMkIwNzY4RUI3MTRBODI2fQ==", "$type": "00"},"lcolSize":96,"nDecPrecision":1,"fUpdated":1,"guidListType":{"$binary": "ezg5NTAwOUIxLUQ2NkUtNDcxMy1CMkIwNzY4RUI3MTRBODI2fQ==", "$type": "00"},"fSynced":0}
{"hpreflist":47,"sguid":{"$binary": "ezM2MkE2Njg3LUYxNzQtNEE4OC05ODM4QTU2MzEwRDhDQkVBfQ==", "$type": "00"},"nValue":-26391.3475,"iitem":0,"dtSerial":"05/24/04 17:44:32","fSyncLast":0,"guidObj":{"$binary": "ezg5NTAwOUIxLUQ2NkUtNDcxMy1CMkIwNzY4RUI3MTRBODI2fQ==", "$type": "00"},"lcolSize":64,"nDecPrecision":-1,"fUpdated":1,"guidListType":{"$binary": "ezg5NTAwOUIxLUQ2NkUtNDcxMy1CMkIwNzY4RUI3MTRBODI2fQ==", "$type": "00"},"fSynced":0}
{"hpreflist":48,"sguid":{"$binary": "ezM2N0E1NzY1LTlFODgtNDAyRS04RjNDMEZCMkU5NjIzMjFBfQ==", "$type": "00"},"nValue":-26391.3474,"iitem":2,"dtSerial":"05/24/04 17:44:32","fSyncLast":0,"guidObj":{"$binary": "ezg5NTAwOUIxLUQ2NkUtNDcxMy1CMkIwNzY4RUI3MTRBODI2fQ==", "$type": "00"},"lcolSize":160,"nDecPrecision":-1,"fUpdated":1,"guidListType":{"$binary": "ezg5NTAwOUIxLUQ2NkUtNDcxMy1CMkIwNzY4RUI3MTRBODI2fQ==", "$type": "00"},"fSynced":0}
{"hpreflist":49,"sguid":{"$binary": "ezhBMjAyMjA0LTdFMzctNDU4Ny1BRjQxRkZFODY4QUJDNTZDfQ==", "$type": "00"},"nValue":-213909.5031,"iitem":1,"dtSerial":"05/24/04 17:44:33","fSyncLast":0,"guidObj":{"$binary": "ezg5NTAwOUIyLUQ2NkUtNDcxMy1CMkIwNzY4RUI3MTRBODI2fQ==", "$type": "00"},"lcolSize":64,"nDecPrecision":2,"fUpdated":1,"guidListType":{"$binary": "ezg5NTAwOUIyLUQ2NkUtNDcxMy1CMkIwNzY4RUI3MTRBODI2fQ==", "$type": "00"},"fSynced":0}
{"hpreflist":50,"sguid":{"$binary": "e0UwMjM3MDQwLTcwREItNDQ2Ny1CQUE2OUQ5MTg1RDA0MDNBfQ==", "$type": "00"},"nValue":-213647.3596,"iitem":4,"dtSerial":"05/24/04 17:44:33","fSyncLast":0,"guidObj":{"$binary": "ezg5NTAwOUIyLUQ2NkUtNDcxMy1CMkIwNzY4RUI3MTRBODI2fQ==", "$type": "00"},"lcolSize":96,"nDecPrecision":3,"fUpdated":1,"guidListType":{"$binary": "ezg5NTAwOUIyLUQ2NkUtNDcxMy1CMkIwNzY4RUI3MTRBODI2fQ==", "$type": "00"},"fSynced":0}
{"hpreflist":51,"sguid":{"$binary": "ezZCMUY2MzNELTI0MTQtNDYwRS1CODNERjFEMjVFQzM0OTNBfQ==", "$type": "00"},"nValue":-213647.3587,"iitem":5,"dtSerial":"05/24/04 17:44:33","fSyncLast":0,"guidObj":{"$binary": "ezg5NTAwOUIyLUQ2NkUtNDcxMy1CMkIwNzY4RUI3MTRBODI2fQ==", "$type": "00"},"lcolSize":96,"nDecPrecision":2,"fUpdated":1,"guidListType":{"$binary": "ezg5NTAwOUIyLUQ2NkUtNDcxMy1CMkIwNzY4RUI3MTRBODI2fQ==", "$type": "00"},"fSynced":0}
{"hpreflist":52,"sguid":{"$binary": "ezkxNzlDMzU2LTlBNTktNDk4Mi05RUVCNTIzNEExNUJDQUNBfQ==", "$type": "00"},"nValue":-213647.3566,"iitem":6,"dtSerial":"05/24/04 17:44:33","fSyncLast":0,"guidObj":{"$binary": "ezg5NTAwOUIyLUQ2NkUtNDcxMy1CMkIwNzY4RUI3MTRBODI2fQ==", "$type": "00"},"lcolSize":96,"nDecPrecision":2,"fUpdated":1,"guidListType":{"$binary": "ezg5NTAwOUIyLUQ2NkUtNDcxMy1CMkIwNzY4RUI3MTRBODI2fQ==", "$type": "00"},"fSynced":0}
{"hpreflist":53,"sguid":{"$binary": "ezY0NTJGNEFFLTFERDEtNEQ3Qi1BMjE1OTYyMEZGMjZBQUVFfQ==", "$type": "00"},"nValue":-213647.3561,"iitem":9,"dtSerial":"05/24/04 17:44:33","fSyncLast":0,"guidObj":{"$binary": "ezg5NTAwOUIyLUQ2NkUtNDcxMy1CMkIwNzY4RUI3MTRBODI2fQ==", "$type": "00"},"lcolSize":96,"nDecPrecision":2,"fUpdated":1,"guidListType":{"$binary": "ezg5NTAwOUIyLUQ2NkUtNDcxMy1CMkIwNzY4RUI3MTRBODI2fQ==", "$type": "00"},"fSynced":0}
{"hpreflist":54,"sguid":{"$binary": "ezI3N0E2NDk4LUE0RjAtNDk1MS1CNEQ5MTI3RDdFMEQ3RjFGfQ==", "$type": "00"},"nValue":-213647.3552,"iitem":7,"dtSerial":"05/24/04 17:44:33","fSyncLast":0,"guidObj":{"$binary": "ezg5NTAwOUIyLUQ2NkUtNDcxMy1CMkIwNzY4RUI3MTRBODI2fQ==", "$type": "00"},"lcolSize":96,"nDecPrecision":2,"fUpdated":1,"guidListType":{"$binary": "ezg5NTAwOUIyLUQ2NkUtNDcxMy1CMkIwNzY4RUI3MTRBODI2fQ==", "$type": "00"},"fSynced":0}
{"hpreflist":55,"sguid":{"$binary": "e0E5N0VDREMwLTQ3NEMtNDQwMS04RkY4NEVGQ0VGRTJEOUVBfQ==", "$type": "00"},"nValue":-213647.3551,"iitem":8,"dtSerial":"05/24/04 17:44:33","fSyncLast":0,"guidObj":{"$binary": "ezg5NTAwOUIyLUQ2NkUtNDcxMy1CMkIwNzY4RUI3MTRBODI2fQ==", "$type": "00"},"lcolSize":96,"nDecPrecision":2,"fUpdated":1,"guidListType":{"$binary": "ezg5NTAwOUIyLUQ2NkUtNDcxMy1CMkIwNzY4RUI3MTRBODI2fQ==", "$type": "00"},"fSynced":0}
{"hpreflist":56,"sguid":{"$binary": "e0NEMjk3ODkwLTk2RDgtNDA0NS05NjY0QzUyNzkxRTVDNjQzfQ==", "$type": "00"},"nValue":-196607.9997,"iitem":3,"dtSerial":"05/24/04 17:44:33","fSyncLast":0,"guidObj":{"$binary": "ezg5NTAwOUIyLUQ2NkUtNDcxMy1CMkIwNzY4RUI3MTRBODI2fQ==", "$type": "00"},"lcolSize":64,"nDecPrecision":2,"fUpdated":1,"guidListType":{"$binary": "ezg5NTAwOUIyLUQ2NkUtNDcxMy1CMkIwNzY4RUI3MTRBODI2fQ==", "$type": "00"},"fSynced":0}
{"hpreflist":57,"sguid":{"$binary": "ezZEMjk0MDRDLTk1RDctNDA4RC04RDY1Q0RDOUJFMUM1RDg1fQ==", "$type": "00"},"nValue":-26391.3475,"iitem":0,"dtSerial":"05/24/04 17:44:33","fSyncLast":0,"guidObj":{"$binary": "ezg5NTAwOUIyLUQ2NkUtNDcxMy1CMkIwNzY4RUI3MTRBODI2fQ==", "$type": "00"},"lcolSize":64,"nDecPrecision":-1,"fUpdated":1,"guidListType":{"$binary": "ezg5NTAwOUIyLUQ2NkUtNDcxMy1CMkIwNzY4RUI3MTRBODI2fQ==", "$type": "00"},"fSynced":0}
{"hpreflist":58,"sguid":{"$binary": "e0VDMTUzNURGLTVDNzktNDRDNi1CMDU4OTkyRDZEOEVEODNDfQ==", "$type": "00"},"nValue":-26391.3474,"iitem":2,"dtSerial":"05/24/04 17:44:33","fSyncLast":0,"guidObj":{"$binary": "ezg5NTAwOUIyLUQ2NkUtNDcxMy1CMkIwNzY4RUI3MTRBODI2fQ==", "$type": "00"},"lcolSize":160,"nDecPrecision":-1,"fUpdated":1,"guidListType":{"$binary": "ezg5NTAwOUIyLUQ2NkUtNDcxMy1CMkIwNzY4RUI3MTRBODI2fQ==", "$type": "00"},"fSynced":0}
{"hpreflist":59,"sguid":{"$binary": "ezBDQjQ4NTM1LTNGMkQtNDM1NS04NTNFNzI0QzRFQjBDREM4fQ==", "$type": "00"},"nValue":-213909.5031,"iitem":1,"dtSerial":"05/24/04 17:44:33","fSyncLast":0,"guidObj":{"$binary": "ezg5NTAwOUIzLUQ2NkUtNDcxMy1CMkIwNzY4RUI3MTRBODI2fQ==", "$type": "00"},"lcolSize":64,"nDecPrecision":2,"fUpdated":1,"guidListType":{"$binary": "ezg5NTAwOUIzLUQ2NkUtNDcxMy1CMkIwNzY4RUI3MTRBODI2fQ==", "$type": "00"},"fSynced":0}
{"hpreflist":60,"sguid":{"$binary": "e0M5RUNFQUExLUI5N0YtNDBFMy1CRjRFRUJBRjg5ODQwNDI2fQ==", "$type": "00"},"nValue":-213909.5015,"iitem":5,"dtSerial":"05/24/04 17:44:33","fSyncLast":0,"guidObj":{"$binary": "ezg5NTAwOUIzLUQ2NkUtNDcxMy1CMkIwNzY4RUI3MTRBODI2fQ==", "$type": "00"},"lcolSize":64,"nDecPrecision":2,"fUpdated":1,"guidListType":{"$binary": "ezg5NTAwOUIzLUQ2NkUtNDcxMy1CMkIwNzY4RUI3MTRBODI2fQ==", "$type": "00"},"fSynced":0}
{"hpreflist":61,"sguid":{"$binary": "e0ZCMzEzMzQzLUE3OUYtNDIxRS1BNEJDMEM5NzFGRTEyMzdDfQ==", "$type": "00"},"nValue":-196607.9999,"iitem":8,"dtSerial":"05/24/04 17:44:33","fSyncLast":0,"guidObj":{"$binary": "ezg5NTAwOUIzLUQ2NkUtNDcxMy1CMkIwNzY4RUI3MTRBODI2fQ==", "$type": "00"},"lcolSize":64,"nDecPrecision":2,"fUpdated":1,"guidListType":{"$binary": "ezg5NTAwOUIzLUQ2NkUtNDcxMy1CMkIwNzY4RUI3MTRBODI2fQ==", "$type": "00"},"fSynced":0}
{"hpreflist":62,"sguid":{"$binary": "ezBFQkNDQjUwLUJFQzMtNEQ2MC04REYwODYwRUQ2RjYyOUNCfQ==", "$type": "00"},"nValue":-196607.9998,"iitem":9,"dtSerial":"05/24/04 17:44:33","fSyncLast":0,"guidObj":{"$binary": "ezg5NTAwOUIzLUQ2NkUtNDcxMy1CMkIwNzY4RUI3MTRBODI2fQ==", "$type": "00"},"lcolSize":64,"nDecPrecision":2,"fUpdated":1,"guidListType":{"$binary": "ezg5NTAwOUIzLUQ2NkUtNDcxMy1CMkIwNzY4RUI3MTRBODI2fQ==", "$type": "00"},"fSynced":0}
{"hpreflist":63,"sguid":{"$binary": "ezBERDFFM0NBLTAwQkUtNDU4OS1BNTM2QjBDMjkyOEIzQzEwfQ==", "$type": "00"},"nValue":-196607.9997,"iitem":3,"dtSerial":"05/24/04 17:44:33","fSyncLast":0,"guidObj":{"$binary": "ezg5NTAwOUIzLUQ2NkUtNDcxMy1CMkIwNzY4RUI3MTRBODI2fQ==", "$type": "00"},"lcolSize":64,"nDecPrecision":2,"fUpdated":1,"guidListType":{"$binary": "ezg5NTAwOUIzLUQ2NkUtNDcxMy1CMkIwNzY4RUI3MTRBODI2fQ==", "$type": "00"},"fSynced":0}
{"hpreflist":64,"sguid":{"$binary": "ezA1NzA1NjAxLTlDNUMtNDUwQS04QThGOTUxQjA4QjU3Q0JGfQ==", "$type": "00"},"nValue":-196607.9995,"iitem":6,"dtSerial":"05/24/04 17:44:33","fSyncLast":0,"guidObj":{"$binary": "ezg5NTAwOUIzLUQ2NkUtNDcxMy1CMkIwNzY4RUI3MTRBODI2fQ==", "$type": "00"},"lcolSize":96,"nDecPrecision":0,"fUpdated":1,"guidListType":{"$binary": "ezg5NTAwOUIzLUQ2NkUtNDcxMy1CMkIwNzY4RUI3MTRBODI2fQ==", "$type": "00"},"fSynced":0}
{"hpreflist":66,"sguid":{"$binary": "e0U0RjU1QUI4LUY2NEEtNDcwMC1CNkNBREEzMUU3OUFEQjZBfQ==", "$type": "00"},"nValue":-196607.9980,"iitem":7,"dtSerial":"05/24/04 17:44:33","fSyncLast":0,"guidObj":{"$binary": "ezg5NTAwOUIzLUQ2NkUtNDcxMy1CMkIwNzY4RUI3MTRBODI2fQ==", "$type": "00"},"lcolSize":96,"nDecPrecision":0,"fUpdated":1,"guidListType":{"$binary": "ezg5NTAwOUIzLUQ2NkUtNDcxMy1CMkIwNzY4RUI3MTRBODI2fQ==", "$type": "00"},"fSynced":0}
{"hpreflist":67,"sguid":{"$binary": "ezA1NThBMzlELTZCNDYtNEFCMy1BODc1RkIwRUI4RkFCQ0E1fQ==", "$type": "00"},"nValue":-196607.9977,"iitem":10,"dtSerial":"05/24/04 17:44:33","fSyncLast":0,"guidObj":{"$binary": "ezg5NTAwOUIzLUQ2NkUtNDcxMy1CMkIwNzY4RUI3MTRBODI2fQ==", "$type": "00"},"lcolSize":64,"nDecPrecision":2,"fUpdated":1,"guidListType":{"$binary": "ezg5NTAwOUIzLUQ2NkUtNDcxMy1CMkIwNzY4RUI3MTRBODI2fQ==", "$type": "00"},"fSynced":0}
{"hpreflist":68,"sguid":{"$binary": "ezVFREM5MDcyLTRGRTYtNENCRS1CRDgyMTY1QzgyNUM5NkE5fQ==", "$type": "00"},"nValue":-196607.9976,"iitem":11,"dtSerial":"05/24/04 17:44:33","fSyncLast":0,"guidObj":{"$binary": "ezg5NTAwOUIzLUQ2NkUtNDcxMy1CMkIwNzY4RUI3MTRBODI2fQ==", "$type": "00"},"lcolSize":64,"nDecPrecision":2,"fUpdated":1,"guidListType":{"$binary": "ezg5NTAwOUIzLUQ2NkUtNDcxMy1CMkIwNzY4RUI3MTRBODI2fQ==", "$type": "00"},"fSynced":0}
{"hpreflist":69,"sguid":{"$binary": "ezk5MTJGMTM2LTRGNTYtNDc2OS1BNTFDM0VFMTYzOUQyQzc5fQ==", "$type": "00"},"nValue":-26391.3475,"iitem":0,"dtSerial":"05/24/04 17:44:33","fSyncLast":0,"guidObj":{"$binary": "ezg5NTAwOUIzLUQ2NkUtNDcxMy1CMkIwNzY4RUI3MTRBODI2fQ==", "$type": "00"},"lcolSize":64,"nDecPrecision":-1,"fUpdated":1,"guidListType":{"$binary": "ezg5NTAwOUIzLUQ2NkUtNDcxMy1CMkIwNzY4RUI3MTRBODI2fQ==", "$type": "00"},"fSynced":0}
{"hpreflist":70,"sguid":{"$binary": "ezRGMDlBNTM1LTk3MDItNEIxMi05QTZCRDhFMzk5QkU1RDdDfQ==", "$type": "00"},"nValue":-26391.3474,"iitem":2,"dtSerial":"05/24/04 17:44:33","fSyncLast":0,"guidObj":{"$binary": "ezg5NTAwOUIzLUQ2NkUtNDcxMy1CMkIwNzY4RUI3MTRBODI2fQ==", "$type": "00"},"lcolSize":96,"nDecPrecision":-1,"fUpdated":1,"guidListType":{"$binary": "ezg5NTAwOUIzLUQ2NkUtNDcxMy1CMkIwNzY4RUI3MTRBODI2fQ==", "$type": "00"},"fSynced":0}
{"hpreflist":71,"sguid":{"$binary": "e0M0OTMyNzA4LTUxODUtNEI0Qi1CMTZGNDdFQUFFMzFBNkJBfQ==", "$type": "00"},"nValue":-213909.5040,"iitem":9,"dtSerial":"05/24/04 17:44:33","fSyncLast":0,"guidObj":{"$binary": "ezg5NTAwOUI0LUQ2NkUtNDcxMy1CMkIwNzY4RUI3MTRBODI2fQ==", "$type": "00"},"lcolSize":64,"nDecPrecision":2,"fUpdated":1,"guidListType":{"$binary": "ezg5NTAwOUI0LUQ2NkUtNDcxMy1CMkIwNzY4RUI3MTRBODI2fQ==", "$type": "00"},"fSynced":0}
{"hpreflist":72,"sguid":{"$binary": "e0MwQjZEODAyLTZCNDItNDI2MS05NUY1QkU5QjgwNUI5QzI4fQ==", "$type": "00"},"nValue":-213909.5031,"iitem":2,"dtSerial":"05/24/04 17:44:33","fSyncLast":0,"guidObj":{"$binary": "ezg5NTAwOUI0LUQ2NkUtNDcxMy1CMkIwNzY4RUI3MTRBODI2fQ==", "$type": "00"},"lcolSize":64,"nDecPrecision":2,"fUpdated":1,"guidListType":{"$binary": "ezg5NTAwOUI0LUQ2NkUtNDcxMy1CMkIwNzY4RUI3MTRBODI2fQ==", "$type": "00"},"fSynced":0}
{"hpreflist":73,"sguid":{"$binary": "ezdENkU5MzU1LUYxMDAtNDhCQi05RjJFQ0E0NUQ3ODAxQ0NGfQ==", "$type": "00"},"nValue":-213647.3596,"iitem":5,"dtSerial":"05/24/04 17:44:33","fSyncLast":0,"guidObj":{"$binary": "ezg5NTAwOUI0LUQ2NkUtNDcxMy1CMkIwNzY4RUI3MTRBODI2fQ==", "$type": "00"},"lcolSize":64,"nDecPrecision":3,"fUpdated":1,"guidListType":{"$binary": "ezg5NTAwOUI0LUQ2NkUtNDcxMy1CMkIwNzY4RUI3MTRBODI2fQ==", "$type": "00"},"fSynced":0}
{"hpreflist":74,"sguid":{"$binary": "ezEyOTI2RjUxLTMyQjUtNDQzNC04NTQzREMzNDRGRjE2OUVDfQ==", "$type": "00"},"nValue":-213647.3587,"iitem":6,"dtSerial":"05/24/04 17:44:33","fSyncLast":0,"guidObj":{"$binary": "ezg5NTAwOUI0LUQ2NkUtNDcxMy1CMkIwNzY4RUI3MTRBODI2fQ==", "$type": "00"},"lcolSize":64,"nDecPrecision":2,"fUpdated":1,"guidListType":{"$binary": "ezg5NTAwOUI0LUQ2NkUtNDcxMy1CMkIwNzY4RUI3MTRBODI2fQ==", "$type": "00"},"fSynced":0}
{"hpreflist":75,"sguid":{"$binary": "e0ZENkIxOEQ1LTYwODEtNDlGQy1CQTExQkZFMkYyNTBERkUxfQ==", "$type": "00"},"nValue":-213647.3566,"iitem":7,"dtSerial":"05/24/04 17:44:33","fSyncLast":0,"guidObj":{"$binary": "ezg5NTAwOUI0LUQ2NkUtNDcxMy1CMkIwNzY4RUI3MTRBODI2fQ==", "$type": "00"},"lcolSize":64,"nDecPrecision":2,"fUpdated":1,"guidListType":{"$binary": "ezg5NTAwOUI0LUQ2NkUtNDcxMy1CMkIwNzY4RUI3MTRBODI2fQ==", "$type": "00"},"fSynced":0}
{"hpreflist":76,"sguid":{"$binary": "ezY2OTZCMDg1LTBGNzUtNEMxOS04MjZCNzlGRTlGMjdBNTk2fQ==", "$type": "00"},"nValue":-213647.3561,"iitem":8,"dtSerial":"05/24/04 17:44:33","fSyncLast":0,"guidObj":{"$binary": "ezg5NTAwOUI0LUQ2NkUtNDcxMy1CMkIwNzY4RUI3MTRBODI2fQ==", "$type": "00"},"lcolSize":96,"nDecPrecision":2,"fUpdated":1,"guidListType":{"$binary": "ezg5NTAwOUI0LUQ2NkUtNDcxMy1CMkIwNzY4RUI3MTRBODI2fQ==", "$type": "00"},"fSynced":0}
{"hpreflist":77,"sguid":{"$binary": "ezVCQzZDQTIwLTYzODQtNEZBOS1BOTEyOUE3NTQ3QzQxNjcwfQ==", "$type": "00"},"nValue":-213647.3515,"iitem":3,"dtSerial":"05/24/04 17:44:33","fSyncLast":0,"guidObj":{"$binary": "ezg5NTAwOUI0LUQ2NkUtNDcxMy1CMkIwNzY4RUI3MTRBODI2fQ==", "$type": "00"},"lcolSize":96,"nDecPrecision":-1,"fUpdated":1,"guidListType":{"$binary": "ezg5NTAwOUI0LUQ2NkUtNDcxMy1CMkIwNzY4RUI3MTRBODI2fQ==", "$type": "00"},"fSynced":0}
{"hpreflist":78,"sguid":{"$binary": "ezEyNEI0NDI4LTAxQjItNDkwOS05NzdCNUQwNTAzNzhFNEEyfQ==", "$type": "00"},"nValue":-196607.9997,"iitem":4,"dtSerial":"05/24/04 17:44:33","fSyncLast":0,"guidObj":{"$binary": "ezg5NTAwOUI0LUQ2NkUtNDcxMy1CMkIwNzY4RUI3MTRBODI2fQ==", "$type": "00"},"lcolSize":64,"nDecPrecision":2,"fUpdated":1,"guidListType":{"$binary": "ezg5NTAwOUI0LUQ2NkUtNDcxMy1CMkIwNzY4RUI3MTRBODI2fQ==", "$type": "00"},"fSynced":0}
{"hpreflist":79,"sguid":{"$binary": "e0Y1NDczNEI0LUI3NDUtNDFEMS05ODkxMjQ2NUYyNDU3MUE0fQ==", "$type": "00"},"nValue":-26391.3475,"iitem":1,"dtSerial":"05/24/04 17:44:33","fSyncLast":0,"guidObj":{"$binary": "ezg5NTAwOUI0LUQ2NkUtNDcxMy1CMkIwNzY4RUI3MTRBODI2fQ==", "$type": "00"},"lcolSize":64,"nDecPrecision":-1,"fUpdated":1,"guidListType":{"$binary": "ezg5NTAwOUI0LUQ2NkUtNDcxMy1CMkIwNzY4RUI3MTRBODI2fQ==", "$type": "00"},"fSynced":0}
{"hpreflist":80,"sguid":{"$binary": "ezc0QjBDQzlELUY0MUMtNEEyRC1BODUxQjkyODgyQ0I0NEQyfQ==", "$type": "00"},"nValue":-26391.3474,"iitem":0,"dtSerial":"05/24/04 17:44:33","fSyncLast":0,"guidObj":{"$binary": "ezg5NTAwOUI0LUQ2NkUtNDcxMy1CMkIwNzY4RUI3MTRBODI2fQ==", "$type": "00"},"lcolSize":160,"nDecPrecision":-1,"fUpdated":1,"guidListType":{"$binary": "ezg5NTAwOUI0LUQ2NkUtNDcxMy1CMkIwNzY4RUI3MTRBODI2fQ==", "$type": "00"},"fSynced":0}
{"hpreflist":81,"sguid":{"$binary": "ezc5QUUzRDI1LTRERjctNEMxRC05MkU5NkI4NkRFQjQ1QUVCfQ==", "$type": "00"},"nValue":-213909.5031,"iitem":1,"dtSerial":"05/24/04 17:44:33","fSyncLast":0,"guidObj":{"$binary": "ezg5NTAwOUI1LUQ2NkUtNDcxMy1CMkIwNzY4RUI3MTRBODI2fQ==", "$type": "00"},"lcolSize":64,"nDecPrecision":2,"fUpdated":1,"guidListType":{"$binary": "ezg5NTAwOUI1LUQ2NkUtNDcxMy1CMkIwNzY4RUI3MTRBODI2fQ==", "$type": "00"},"fSynced":0}
{"hpreflist":82,"sguid":{"$binary": "e0M0Mzg5MUZGLTBCMjQtNEFCRi1BMTMxQTc4M0VCMzE1NDg0fQ==", "$type": "00"},"nValue":-213909.5014,"iitem":11,"dtSerial":"05/24/04 17:44:33","fSyncLast":0,"guidObj":{"$binary": "ezg5NTAwOUI1LUQ2NkUtNDcxMy1CMkIwNzY4RUI3MTRBODI2fQ==", "$type": "00"},"lcolSize":96,"nDecPrecision":2,"fUpdated":1,"guidListType":{"$binary": "ezg5NTAwOUI1LUQ2NkUtNDcxMy1CMkIwNzY4RUI3MTRBODI2fQ==", "$type": "00"},"fSynced":0}
{"hpreflist":83,"sguid":{"$binary": "ezBBMzg5MDc3LTQ5QTAtNDk2Qi1BRjc4N0VENzlDMTQ0NTlDfQ==", "$type": "00"},"nValue":-196607.9997,"iitem":3,"dtSerial":"05/24/04 17:44:33","fSyncLast":0,"guidObj":{"$binary": "ezg5NTAwOUI1LUQ2NkUtNDcxMy1CMkIwNzY4RUI3MTRBODI2fQ==", "$type": "00"},"lcolSize":64,"nDecPrecision":2,"fUpdated":1,"guidListType":{"$binary": "ezg5NTAwOUI1LUQ2NkUtNDcxMy1CMkIwNzY4RUI3MTRBODI2fQ==", "$type": "00"},"fSynced":0}
{"hpreflist":84,"sguid":{"$binary": "e0JCMDBEMTAwLTZGRjMtNDVFNS1CODZDRDU0MTk0ODBFMzVEfQ==", "$type": "00"},"nValue":-196607.9977,"iitem":8,"dtSerial":"05/24/04 17:44:33","fSyncLast":0,"guidObj":{"$binary": "ezg5NTAwOUI1LUQ2NkUtNDcxMy1CMkIwNzY4RUI3MTRBODI2fQ==", "$type": "00"},"lcolSize":64,"nDecPrecision":2,"fUpdated":1,"guidListType":{"$binary": "ezg5NTAwOUI1LUQ2NkUtNDcxMy1CMkIwNzY4RUI3MTRBODI2fQ==", "$type": "00"},"fSynced":0}
{"hpreflist":85,"sguid":{"$binary": "ezdEMzdDMkMxLTFBMDEtNDVBMy04MUQ5NzQ0OTM5REMwM0RGfQ==", "$type": "00"},"nValue":-196607.9976,"iitem":9,"dtSerial":"05/24/04 17:44:33","fSyncLast":0,"guidObj":{"$binary": "ezg5NTAwOUI1LUQ2NkUtNDcxMy1CMkIwNzY4RUI3MTRBODI2fQ==", "$type": "00"},"lcolSize":64,"nDecPrecision":2,"fUpdated":1,"guidListType":{"$binary": "ezg5NTAwOUI1LUQ2NkUtNDcxMy1CMkIwNzY4RUI3MTRBODI2fQ==", "$type": "00"},"fSynced":0}
{"hpreflist":86,"sguid":{"$binary": "ezdBM0Y1MzZFLUFEN0UtNEQ1NC04RjNEOEExOUQxMDU4NTEyfQ==", "$type": "00"},"nValue":-196607.9875,"iitem":4,"dtSerial":"05/24/04 17:44:33","fSyncLast":0,"guidObj":{"$binary": "ezg5NTAwOUI1LUQ2NkUtNDcxMy1CMkIwNzY4RUI3MTRBODI2fQ==", "$type": "00"},"lcolSize":64,"nDecPrecision":2,"fUpdated":1,"guidListType":{"$binary": "ezg5NTAwOUI1LUQ2NkUtNDcxMy1CMkIwNzY4RUI3MTRBODI2fQ==", "$type": "00"},"fSynced":0}
{"hpreflist":87,"sguid":{"$binary": "ezBGQUZBN0E5LTA2QkMtNEVENS1CRkVGRUU4MDdENEE5NTI0fQ==", "$type": "00"},"nValue":-196607.9873,"iitem":6,"dtSerial":"05/24/04 17:44:33","fSyncLast":0,"guidObj":{"$binary": "ezg5NTAwOUI1LUQ2NkUtNDcxMy1CMkIwNzY4RUI3MTRBODI2fQ==", "$type": "00"},"lcolSize":64,"nDecPrecision":2,"fUpdated":1,"guidListType":{"$binary": "ezg5NTAwOUI1LUQ2NkUtNDcxMy1CMkIwNzY4RUI3MTRBODI2fQ==", "$type": "00"},"fSynced":0}
{"hpreflist":88,"sguid":{"$binary": "e0EyRjJFMTQwLThCRDAtNDQ1MS1CNkNBM0I3MzMyOEM0QjlEfQ==", "$type": "00"},"nValue":-196607.9860,"iitem":5,"dtSerial":"05/24/04 17:44:33","fSyncLast":0,"guidObj":{"$binary": "ezg5NTAwOUI1LUQ2NkUtNDcxMy1CMkIwNzY4RUI3MTRBODI2fQ==", "$type": "00"},"lcolSize":64,"nDecPrecision":1,"fUpdated":1,"guidListType":{"$binary": "ezg5NTAwOUI1LUQ2NkUtNDcxMy1CMkIwNzY4RUI3MTRBODI2fQ==", "$type": "00"},"fSynced":0}
{"hpreflist":89,"sguid":{"$binary": "ezY5NENFQkRELTI2QjgtNDBDRC04RkZFOUYzMUQwNzAyNDY2fQ==", "$type": "00"},"nValue":-196607.9767,"iitem":10,"dtSerial":"05/24/04 17:44:33","fSyncLast":0,"guidObj":{"$binary": "ezg5NTAwOUI1LUQ2NkUtNDcxMy1CMkIwNzY4RUI3MTRBODI2fQ==", "$type": "00"},"lcolSize":96,"nDecPrecision":0,"fUpdated":1,"guidListType":{"$binary": "ezg5NTAwOUI1LUQ2NkUtNDcxMy1CMkIwNzY4RUI3MTRBODI2fQ==", "$type": "00"},"fSynced":0}
{"hpreflist":90,"sguid":{"$binary": "e0E4RjdDOUMxLUIxNzktNDAwOS04NDI0RTc5Qzg3ODJBMjM4fQ==", "$type": "00"},"nValue":-196607.9740,"iitem":7,"dtSerial":"05/24/04 17:44:33","fSyncLast":0,"guidObj":{"$binary": "ezg5NTAwOUI1LUQ2NkUtNDcxMy1CMkIwNzY4RUI3MTRBODI2fQ==", "$type": "00"},"lcolSize":64,"nDecPrecision":1,"fUpdated":1,"guidListType":{"$binary": "ezg5NTAwOUI1LUQ2NkUtNDcxMy1CMkIwNzY4RUI3MTRBODI2fQ==", "$type": "00"},"fSynced":0}
{"hpreflist":91,"sguid":{"$binary": "e0QxNDAzRTNELUFFMTYtNDVENC04MEJFMEI4MzFDQzAwQkEwfQ==", "$type": "00"},"nValue":-26391.3475,"iitem":0,"dtSerial":"05/24/04 17:44:33","fSyncLast":0,"guidObj":{"$binary": "ezg5NTAwOUI1LUQ2NkUtNDcxMy1CMkIwNzY4RUI3MTRBODI2fQ==", "$type": "00"},"lcolSize":64,"nDecPrecision":-1,"fUpdated":1,"guidListType":{"$binary": "ezg5NTAwOUI1LUQ2NkUtNDcxMy1CMkIwNzY4RUI3MTRBODI2fQ==", "$type": "00"},"fSynced":0}
{"hpreflist":92,"sguid":{"$binary": "ezk0OTIwQjBBLTZEMTQtNDBGMC05OTQyRkIyQjdDOTYzNzUyfQ==", "$type": "00"},"nValue":-26391.3474,"iitem":2,"dtSerial":"05/24/04 17:44:33","fSyncLast":0,"guidObj":{"$binary": "ezg5NTAwOUI1LUQ2NkUtNDcxMy1CMkIwNzY4RUI3MTRBODI2fQ==", "$type": "00"},"lcolSize":160,"nDecPrecision":-1,"fUpdated":1,"guidListType":{"$binary": "ezg5NTAwOUI1LUQ2NkUtNDcxMy1CMkIwNzY4RUI3MTRBODI2fQ==", "$type": "00"},"fSynced":0}
{"hpreflist":93,"sguid":{"$binary": "ezQyMzExOTA5LTJENDQtNEM5QS1CQjhCQjdGMzgyQjVGOTlBfQ==", "$type": "00"},"nValue":-213909.5016,"iitem":8,"dtSerial":"05/24/04 17:44:33","fSyncLast":0,"guidObj":{"$binary": "ezg5NTAwOUI2LUQ2NkUtNDcxMy1CMkIwNzY4RUI3MTRBODI2fQ==", "$type": "00"},"lcolSize":96,"nDecPrecision":-1,"fUpdated":1,"guidListType":{"$binary": "ezg5NTAwOUI2LUQ2NkUtNDcxMy1CMkIwNzY4RUI3MTRBODI2fQ==", "$type": "00"},"fSynced":0}
{"hpreflist":94,"sguid":{"$binary": "e0IyQTgyQTg2LTA5MUYtNDVFQS05QkM0MTYwREIzMjEyMjdEfQ==", "$type": "00"},"nValue":-213647.3596,"iitem":4,"dtSerial":"05/24/04 17:44:33","fSyncLast":0,"guidObj":{"$binary": "ezg5NTAwOUI2LUQ2NkUtNDcxMy1CMkIwNzY4RUI3MTRBODI2fQ==", "$type": "00"},"lcolSize":64,"nDecPrecision":3,"fUpdated":1,"guidListType":{"$binary": "ezg5NTAwOUI2LUQ2NkUtNDcxMy1CMkIwNzY4RUI3MTRBODI2fQ==", "$type": "00"},"fSynced":0}
{"hpreflist":95,"sguid":{"$binary": "ezRGQzc0RjdELUI5NkEtNDBBNC1BMUQ5QUY4NkRFNTAzRjRCfQ==", "$type": "00"},"nValue":-213647.3566,"iitem":5,"dtSerial":"05/24/04 17:44:33","fSyncLast":0,"guidObj":{"$binary": "ezg5NTAwOUI2LUQ2NkUtNDcxMy1CMkIwNzY4RUI3MTRBODI2fQ==", "$type": "00"},"lcolSize":96,"nDecPrecision":2,"fUpdated":1,"guidListType":{"$binary": "ezg5NTAwOUI2LUQ2NkUtNDcxMy1CMkIwNzY4RUI3MTRBODI2fQ==", "$type": "00"},"fSynced":0}
{"hpreflist":96,"sguid":{"$binary": "ezkzQjVCQzBGLTJDRjMtNDU0Mi05REQ2RTExREQ0RTk2QTgxfQ==", "$type": "00"},"nValue":-213647.3561,"iitem":6,"dtSerial":"05/24/04 17:44:33","fSyncLast":0,"guidObj":{"$binary": "ezg5NTAwOUI2LUQ2NkUtNDcxMy1CMkIwNzY4RUI3MTRBODI2fQ==", "$type": "00"},"lcolSize":96,"nDecPrecision":2,"fUpdated":1,"guidListType":{"$binary": "ezg5NTAwOUI2LUQ2NkUtNDcxMy1CMkIwNzY4RUI3MTRBODI2fQ==", "$type": "00"},"fSynced":0}
{"hpreflist":97,"sguid":{"$binary": "ezczNUIyM0MyLTM5NkQtNDUyQi1CRTc1RDI4RDU4MjkxNTNBfQ==", "$type": "00"},"nValue":-196607.9997,"iitem":2,"dtSerial":"05/24/04 17:44:33","fSyncLast":0,"guidObj":{"$binary": "ezg5NTAwOUI2LUQ2NkUtNDcxMy1CMkIwNzY4RUI3MTRBODI2fQ==", "$type": "00"},"lcolSize":64,"nDecPrecision":2,"fUpdated":1,"guidListType":{"$binary": "ezg5NTAwOUI2LUQ2NkUtNDcxMy1CMkIwNzY4RUI3MTRBODI2fQ==", "$type": "00"},"fSynced":0}
{"hpreflist":100,"sguid":{"$binary": "ezdGRDgwNDlDLTdGRTMtNEQwNC04NDY5MDFCODNCMzMzRjE5fQ==", "$type": "00"},"nValue":-26391.3475,"iitem":1,"dtSerial":"05/24/04 17:44:33","fSyncLast":0,"guidObj":{"$binary": "ezg5NTAwOUI2LUQ2NkUtNDcxMy1CMkIwNzY4RUI3MTRBODI2fQ==", "$type": "00"},"lcolSize":64,"nDecPrecision":-1,"fUpdated":1,"guidListType":{"$binary": "ezg5NTAwOUI2LUQ2NkUtNDcxMy1CMkIwNzY4RUI3MTRBODI2fQ==", "$type": "00"},"fSynced":0}
{"hpreflist":101,"sguid":{"$binary": "ezBGQkRFQzA2LUQ2MjctNDVGQS04RTU3QzRFQTgxRDJDRUZEfQ==", "$type": "00"},"nValue":-26391.3474,"iitem":0,"dtSerial":"05/24/04 17:44:33","fSyncLast":0,"guidObj":{"$binary": "ezg5NTAwOUI2LUQ2NkUtNDcxMy1CMkIwNzY4RUI3MTRBODI2fQ==", "$type": "00"},"lcolSize":160,"nDecPrecision":-1,"fUpdated":1,"guidListType":{"$binary": "ezg5NTAwOUI2LUQ2NkUtNDcxMy1CMkIwNzY4RUI3MTRBODI2fQ==", "$type": "00"},"fSynced":0}
{"hpreflist":102,"sguid":{"$binary": "e0FBQzk2MTVGLUQxREItNDY0OS1BMjdBQjc2MzVFQ0NBMkYyfQ==", "$type": "00"},"nValue":-213647.3566,"iitem":6,"dtSerial":"05/24/04 17:44:34","fSyncLast":0,"guidObj":{"$binary": "ezg5NTAwOUI3LUQ2NkUtNDcxMy1CMkIwNzY4RUI3MTRBODI2fQ==", "$type": "00"},"lcolSize":96,"nDecPrecision":2,"fUpdated":1,"guidListType":{"$binary": "ezg5NTAwOUI3LUQ2NkUtNDcxMy1CMkIwNzY4RUI3MTRBODI2fQ==", "$type": "00"},"fSynced":0}
{"hpreflist":103,"sguid":{"$binary": "ezgxNkQ1RDFDLUY3RjgtNEM2MC1BNUFGNzg0QjNERUM5N0U1fQ==", "$type": "00"},"nValue":-213647.3561,"iitem":7,"dtSerial":"05/24/04 17:44:34","fSyncLast":0,"guidObj":{"$binary": "ezg5NTAwOUI3LUQ2NkUtNDcxMy1CMkIwNzY4RUI3MTRBODI2fQ==", "$type": "00"},"lcolSize":96,"nDecPrecision":2,"fUpdated":1,"guidListType":{"$binary": "ezg5NTAwOUI3LUQ2NkUtNDcxMy1CMkIwNzY4RUI3MTRBODI2fQ==", "$type": "00"},"fSynced":0}
{"hpreflist":104,"sguid":{"$binary": "ezgzRTQzRTk0LUY4RUMtNEVFQi1CRUU4OEQ4RUI4NEUyODlCfQ==", "$type": "00"},"nValue":-213647.3508,"iitem":2,"dtSerial":"05/24/04 17:44:34","fSyncLast":0,"guidObj":{"$binary": "ezg5NTAwOUI3LUQ2NkUtNDcxMy1CMkIwNzY4RUI3MTRBODI2fQ==", "$type": "00"},"lcolSize":64,"nDecPrecision":0,"fUpdated":1,"guidListType":{"$binary": "ezg5NTAwOUI3LUQ2NkUtNDcxMy1CMkIwNzY4RUI3MTRBODI2fQ==", "$type": "00"},"fSynced":0}
{"hpreflist":105,"sguid":{"$binary": "ezQ0NzlFRTYyLTk5MUItNDM0My1BRUExMEM2RENDRTlFMDY5fQ==", "$type": "00"},"nValue":-213647.3507,"iitem":5,"dtSerial":"05/24/04 17:44:34","fSyncLast":0,"guidObj":{"$binary": "ezg5NTAwOUI3LUQ2NkUtNDcxMy1CMkIwNzY4RUI3MTRBODI2fQ==", "$type": "00"},"lcolSize":64,"nDecPrecision":0,"fUpdated":1,"guidListType":{"$binary": "ezg5NTAwOUI3LUQ2NkUtNDcxMy1CMkIwNzY4RUI3MTRBODI2fQ==", "$type": "00"},"fSynced":0}
{"hpreflist":106,"sguid":{"$binary": "ezM2NDZFRjJBLUM2RUItNDIzNS04QTUzQ0IyM0FGMkNENzUwfQ==", "$type": "00"},"nValue":-213647.3506,"iitem":3,"dtSerial":"05/24/04 17:44:34","fSyncLast":0,"guidObj":{"$binary": "ezg5NTAwOUI3LUQ2NkUtNDcxMy1CMkIwNzY4RUI3MTRBODI2fQ==", "$type": "00"},"lcolSize":64,"nDecPrecision":0,"fUpdated":1,"guidListType":{"$binary": "ezg5NTAwOUI3LUQ2NkUtNDcxMy1CMkIwNzY4RUI3MTRBODI2fQ==", "$type": "00"},"fSynced":0}
{"hpreflist":107,"sguid":{"$binary": "ezM4RUY2ODhFLTE1NjctNDkyOS1CREM0MjYxQTkwRTlBRURCfQ==", "$type": "00"},"nValue":-213647.3505,"iitem":4,"dtSerial":"05/24/04 17:44:34","fSyncLast":0,"guidObj":{"$binary": "ezg5NTAwOUI3LUQ2NkUtNDcxMy1CMkIwNzY4RUI3MTRBODI2fQ==", "$type": "00"},"lcolSize":96,"nDecPrecision":2,"fUpdated":1,"guidListType":{"$binary": "ezg5NTAwOUI3LUQ2NkUtNDcxMy1CMkIwNzY4RUI3MTRBODI2fQ==", "$type": "00"},"fSynced":0}
{"hpreflist":108,"sguid":{"$binary": "ezc0NkYyOTQ2LTBERTQtNERDMy04RjgxODhGMUJBNTMyNzYwfQ==", "$type": "00"},"nValue":-26391.3475,"iitem":1,"dtSerial":"05/24/04 17:44:34","fSyncLast":0,"guidObj":{"$binary": "ezg5NTAwOUI3LUQ2NkUtNDcxMy1CMkIwNzY4RUI3MTRBODI2fQ==", "$type": "00"},"lcolSize":64,"nDecPrecision":-1,"fUpdated":1,"guidListType":{"$binary": "ezg5NTAwOUI3LUQ2NkUtNDcxMy1CMkIwNzY4RUI3MTRBODI2fQ==", "$type": "00"},"fSynced":0}
{"hpreflist":109,"sguid":{"$binary": "e0YwNzFBRUE0LUIyNzgtNDc5Ni1BMTBGMzlENEE1NURGNTUwfQ==", "$type": "00"},"nValue":-26391.3474,"iitem":0,"dtSerial":"05/24/04 17:44:34","fSyncLast":0,"guidObj":{"$binary": "ezg5NTAwOUI3LUQ2NkUtNDcxMy1CMkIwNzY4RUI3MTRBODI2fQ==", "$type": "00"},"lcolSize":160,"nDecPrecision":-1,"fUpdated":1,"guidListType":{"$binary": "ezg5NTAwOUI3LUQ2NkUtNDcxMy1CMkIwNzY4RUI3MTRBODI2fQ==", "$type": "00"},"fSynced":0}
{"hpreflist":110,"sguid":{"$binary": "ezZFQ0U5MEM2LTkwQjYtNEQyQS05NTVERUY1OTcxN0RBRUVCfQ==", "$type": "00"},"nValue":-213909.5023,"iitem":13,"dtSerial":"05/24/04 17:44:34","fSyncLast":0,"guidObj":{"$binary": "ezg5NTAwOUI4LUQ2NkUtNDcxMy1CMkIwNzY4RUI3MTRBODI2fQ==", "$type": "00"},"lcolSize":96,"nDecPrecision":-1,"fUpdated":1,"guidListType":{"$binary": "ezg5NTAwOUI4LUQ2NkUtNDcxMy1CMkIwNzY4RUI3MTRBODI2fQ==", "$type": "00"},"fSynced":0}
{"hpreflist":111,"sguid":{"$binary": "ezkxMERBREM3LUYxNEMtNEJFMi1BQzJCNUY3QUQyNzJFQ0MxfQ==", "$type": "00"},"nValue":-213909.5020,"iitem":12,"dtSerial":"05/24/04 17:44:34","fSyncLast":0,"guidObj":{"$binary": "ezg5NTAwOUI4LUQ2NkUtNDcxMy1CMkIwNzY4RUI3MTRBODI2fQ==", "$type": "00"},"lcolSize":96,"nDecPrecision":-1,"fUpdated":1,"guidListType":{"$binary": "ezg5NTAwOUI4LUQ2NkUtNDcxMy1CMkIwNzY4RUI3MTRBODI2fQ==", "$type": "00"},"fSynced":0}
{"hpreflist":112,"sguid":{"$binary": "e0I4RUQxQzlELTJCQzctNDVGRS1CODYyMzkwNUM3ODMwNzIzfQ==", "$type": "00"},"nValue":-213909.5019,"iitem":7,"dtSerial":"05/24/04 17:44:34","fSyncLast":0,"guidObj":{"$binary": "ezg5NTAwOUI4LUQ2NkUtNDcxMy1CMkIwNzY4RUI3MTRBODI2fQ==", "$type": "00"},"lcolSize":64,"nDecPrecision":2,"fUpdated":1,"guidListType":{"$binary": "ezg5NTAwOUI4LUQ2NkUtNDcxMy1CMkIwNzY4RUI3MTRBODI2fQ==", "$type": "00"},"fSynced":0}
{"hpreflist":113,"sguid":{"$binary": "e0VEODVGNjM0LTdFNEYtNEFBNi1BREY5RUM1NDYxNTA4OURBfQ==", "$type": "00"},"nValue":-213909.5018,"iitem":8,"dtSerial":"05/24/04 17:44:34","fSyncLast":0,"guidObj":{"$binary": "ezg5NTAwOUI4LUQ2NkUtNDcxMy1CMkIwNzY4RUI3MTRBODI2fQ==", "$type": "00"},"lcolSize":64,"nDecPrecision":2,"fUpdated":1,"guidListType":{"$binary": "ezg5NTAwOUI4LUQ2NkUtNDcxMy1CMkIwNzY4RUI3MTRBODI2fQ==", "$type": "00"},"fSynced":0}
{"hpreflist":114,"sguid":{"$binary": "e0IzMzlBREZELTAyQjQtNDM2Ri04NDgxOENGMzE0OEYxOUQ4fQ==", "$type": "00"},"nValue":-213647.3596,"iitem":2,"dtSerial":"05/24/04 17:44:34","fSyncLast":0,"guidObj":{"$binary": "ezg5NTAwOUI4LUQ2NkUtNDcxMy1CMkIwNzY4RUI3MTRBODI2fQ==", "$type": "00"},"lcolSize":64,"nDecPrecision":3,"fUpdated":1,"guidListType":{"$binary": "ezg5NTAwOUI4LUQ2NkUtNDcxMy1CMkIwNzY4RUI3MTRBODI2fQ==", "$type": "00"},"fSynced":0}
{"hpreflist":115,"sguid":{"$binary": "ezBCQUQyODQzLUQzRTUtNDkyMC04OEM1OUYwM0JBNEYwMTY4fQ==", "$type": "00"},"nValue":-213647.3566,"iitem":3,"dtSerial":"05/24/04 17:44:34","fSyncLast":0,"guidObj":{"$binary": "ezg5NTAwOUI4LUQ2NkUtNDcxMy1CMkIwNzY4RUI3MTRBODI2fQ==", "$type": "00"},"lcolSize":96,"nDecPrecision":2,"fUpdated":1,"guidListType":{"$binary": "ezg5NTAwOUI4LUQ2NkUtNDcxMy1CMkIwNzY4RUI3MTRBODI2fQ==", "$type": "00"},"fSynced":0}
{"hpreflist":116,"sguid":{"$binary": "ezFDRUEzMDQ3LTZERDEtNDRCRS1BNzdDMUIwMjNBNjQzOTZGfQ==", "$type": "00"},"nValue":-213647.3561,"iitem":5,"dtSerial":"05/24/04 17:44:34","fSyncLast":0,"guidObj":{"$binary": "ezg5NTAwOUI4LUQ2NkUtNDcxMy1CMkIwNzY4RUI3MTRBODI2fQ==", "$type": "00"},"lcolSize":96,"nDecPrecision":2,"fUpdated":1,"guidListType":{"$binary": "ezg5NTAwOUI4LUQ2NkUtNDcxMy1CMkIwNzY4RUI3MTRBODI2fQ==", "$type": "00"},"fSynced":0}
{"hpreflist":117,"sguid":{"$binary": "ezUyQ0MyMkRFLTQ2MTMtNDc0Ni04OTRGMjJGMkQyRjU0MDQ5fQ==", "$type": "00"},"nValue":-213647.3552,"iitem":4,"dtSerial":"05/24/04 17:44:34","fSyncLast":0,"guidObj":{"$binary": "ezg5NTAwOUI4LUQ2NkUtNDcxMy1CMkIwNzY4RUI3MTRBODI2fQ==", "$type": "00"},"lcolSize":96,"nDecPrecision":2,"fUpdated":1,"guidListType":{"$binary": "ezg5NTAwOUI4LUQ2NkUtNDcxMy1CMkIwNzY4RUI3MTRBODI2fQ==", "$type": "00"},"fSynced":0}
{"hpreflist":118,"sguid":{"$binary": "e0U1NTk2RTQ2LUI3OEQtNDYzNy1CNEU4ODYzRjJENUIwNTc3fQ==", "$type": "00"},"nValue":-213647.3520,"iitem":6,"dtSerial":"05/24/04 17:44:34","fSyncLast":0,"guidObj":{"$binary": "ezg5NTAwOUI4LUQ2NkUtNDcxMy1CMkIwNzY4RUI3MTRBODI2fQ==", "$type": "00"},"lcolSize":64,"nDecPrecision":1,"fUpdated":1,"guidListType":{"$binary": "ezg5NTAwOUI4LUQ2NkUtNDcxMy1CMkIwNzY4RUI3MTRBODI2fQ==", "$type": "00"},"fSynced":0}
{"hpreflist":119,"sguid":{"$binary": "ezE5QjFDRDMwLTdERDgtNDIyNi04QjlCQTk5RjFGOTk2MjNFfQ==", "$type": "00"},"nValue":-196607.9997,"iitem":1,"dtSerial":"05/24/04 17:44:34","fSyncLast":0,"guidObj":{"$binary": "ezg5NTAwOUI4LUQ2NkUtNDcxMy1CMkIwNzY4RUI3MTRBODI2fQ==", "$type": "00"},"lcolSize":64,"nDecPrecision":2,"fUpdated":1,"guidListType":{"$binary": "ezg5NTAwOUI4LUQ2NkUtNDcxMy1CMkIwNzY4RUI3MTRBODI2fQ==", "$type": "00"},"fSynced":0}
{"hpreflist":120,"sguid":{"$binary": "ezc5OUVBQTZELTEyNEYtNDhGRS04MEI0QzMzQzgxM0Q0REJEfQ==", "$type": "00"},"nValue":-26391.3515,"iitem":11,"dtSerial":"05/24/04 17:44:34","fSyncLast":0,"guidObj":{"$binary": "ezg5NTAwOUI4LUQ2NkUtNDcxMy1CMkIwNzY4RUI3MTRBODI2fQ==", "$type": "00"},"lcolSize":96,"nDecPrecision":-1,"fUpdated":1,"guidListType":{"$binary": "ezg5NTAwOUI4LUQ2NkUtNDcxMy1CMkIwNzY4RUI3MTRBODI2fQ==", "$type": "00"},"fSynced":0}
{"hpreflist":121,"sguid":{"$binary": "ezNEM0EyN0ZCLTJBNUItNEFFMC04MDRDMjk0OTgwQzRBRjE5fQ==", "$type": "00"},"nValue":-26391.3510,"iitem":9,"dtSerial":"05/24/04 17:44:34","fSyncLast":0,"guidObj":{"$binary": "ezg5NTAwOUI4LUQ2NkUtNDcxMy1CMkIwNzY4RUI3MTRBODI2fQ==", "$type": "00"},"lcolSize":64,"nDecPrecision":2,"fUpdated":1,"guidListType":{"$binary": "ezg5NTAwOUI4LUQ2NkUtNDcxMy1CMkIwNzY4RUI3MTRBODI2fQ==", "$type": "00"},"fSynced":0}
{"hpreflist":122,"sguid":{"$binary": "ezE2MDNEQTY0LThDMjktNDZCRC04Q0YyNjU5RkNBM0YxNUQ2fQ==", "$type": "00"},"nValue":-26391.3479,"iitem":10,"dtSerial":"05/24/04 17:44:34","fSyncLast":0,"guidObj":{"$binary": "ezg5NTAwOUI4LUQ2NkUtNDcxMy1CMkIwNzY4RUI3MTRBODI2fQ==", "$type": "00"},"lcolSize":96,"nDecPrecision":-1,"fUpdated":1,"guidListType":{"$binary": "ezg5NTAwOUI4LUQ2NkUtNDcxMy1CMkIwNzY4RUI3MTRBODI2fQ==", "$type": "00"},"fSynced":0}
{"hpreflist":123,"sguid":{"$binary": "ezRENjA3QTY1LTUwQjYtNDlFMS1BMEQ1QkFFM0U2RDMyMzAwfQ==", "$type": "00"},"nValue":-26391.3474,"iitem":0,"dtSerial":"05/24/04 17:44:34","fSyncLast":0,"guidObj":{"$binary": "ezg5NTAwOUI4LUQ2NkUtNDcxMy1CMkIwNzY4RUI3MTRBODI2fQ==", "$type": "00"},"lcolSize":160,"nDecPrecision":-1,"fUpdated":1,"guidListType":{"$binary": "ezg5NTAwOUI4LUQ2NkUtNDcxMy1CMkIwNzY4RUI3MTRBODI2fQ==", "$type": "00"},"fSynced":0}
{"hpreflist":124,"sguid":{"$binary": "ezYzNkI1NjhGLTk1RUQtNEVDOC04RUI3NTJEQjFCNkFDOERFfQ==", "$type": "00"},"nValue":-213909.5031,"iitem":3,"dtSerial":"05/24/04 17:44:34","fSyncLast":0,"guidObj":{"$binary": "ezg1NTc2QjlGLUYwQUMtNEExNC1BQTkwM0YzOTkyNTIwNTRBfQ==", "$type": "00"},"lcolSize":64,"nDecPrecision":2,"fUpdated":1,"guidListType":{"$binary": "ezg1NTc2QjlGLUYwQUMtNEExNC1BQTkwM0YzOTkyNTIwNTRBfQ==", "$type": "00"},"fSynced":0}
{"hpreflist":125,"sguid":{"$binary": "e0ZGMkFCMzkyLTk2OEItNEQ0Qy04QzNBMkQwQTM1OUUxNjBFfQ==", "$type": "00"},"nValue":-213647.3596,"iitem":7,"dtSerial":"05/24/04 17:44:34","fSyncLast":0,"guidObj":{"$binary": "ezg1NTc2QjlGLUYwQUMtNEExNC1BQTkwM0YzOTkyNTIwNTRBfQ==", "$type": "00"},"lcolSize":64,"nDecPrecision":3,"fUpdated":1,"guidListType":{"$binary": "ezg1NTc2QjlGLUYwQUMtNEExNC1BQTkwM0YzOTkyNTIwNTRBfQ==", "$type": "00"},"fSynced":0}
{"hpreflist":126,"sguid":{"$binary": "ezg0Nzg2NERDLTZDMzgtNDUwNy1BNTg1RTI2RkZBODJDM0IxfQ==", "$type": "00"},"nValue":-213647.3566,"iitem":8,"dtSerial":"05/24/04 17:44:34","fSyncLast":0,"guidObj":{"$binary": "ezg1NTc2QjlGLUYwQUMtNEExNC1BQTkwM0YzOTkyNTIwNTRBfQ==", "$type": "00"},"lcolSize":96,"nDecPrecision":2,"fUpdated":1,"guidListType":{"$binary": "ezg1NTc2QjlGLUYwQUMtNEExNC1BQTkwM0YzOTkyNTIwNTRBfQ==", "$type": "00"},"fSynced":0}
{"hpreflist":127,"sguid":{"$binary": "ezVFQjcxMUVCLURFMjktNEE5Qy1BNTNFMDI1ODFGNkZBMjE5fQ==", "$type": "00"},"nValue":-213647.3561,"iitem":9,"dtSerial":"05/24/04 17:44:34","fSyncLast":0,"guidObj":{"$binary": "ezg1NTc2QjlGLUYwQUMtNEExNC1BQTkwM0YzOTkyNTIwNTRBfQ==", "$type": "00"},"lcolSize":96,"nDecPrecision":2,"fUpdated":1,"guidListType":{"$binary": "ezg1NTc2QjlGLUYwQUMtNEExNC1BQTkwM0YzOTkyNTIwNTRBfQ==", "$type": "00"},"fSynced":0}
{"hpreflist":128,"sguid":{"$binary": "e0FDOTdBMUNELTI4MjEtNDQ5MS1CMjMwQTQ4RjA1NEYwNzU4fQ==", "$type": "00"},"nValue":-196607.9997,"iitem":5,"dtSerial":"05/24/04 17:44:34","fSyncLast":0,"guidObj":{"$binary": "ezg1NTc2QjlGLUYwQUMtNEExNC1BQTkwM0YzOTkyNTIwNTRBfQ==", "$type": "00"},"lcolSize":64,"nDecPrecision":2,"fUpdated":1,"guidListType":{"$binary": "ezg1NTc2QjlGLUYwQUMtNEExNC1BQTkwM0YzOTkyNTIwNTRBfQ==", "$type": "00"},"fSynced":0}
{"hpreflist":130,"sguid":{"$binary": "ezU4Q0IyQjgzLUYxQTUtNEMwMi1BMTgzRUEwMzRFNkUzM0JEfQ==", "$type": "00"},"nValue":-26391.3534,"iitem":0,"dtSerial":"05/24/04 17:44:34","fSyncLast":0,"guidObj":{"$binary": "ezg1NTc2QjlGLUYwQUMtNEExNC1BQTkwM0YzOTkyNTIwNTRBfQ==", "$type": "00"},"lcolSize":96,"nDecPrecision":-1,"fUpdated":1,"guidListType":{"$binary": "ezg1NTc2QjlGLUYwQUMtNEExNC1BQTkwM0YzOTkyNTIwNTRBfQ==", "$type": "00"},"fSynced":0}
{"hpreflist":131,"sguid":{"$binary": "ezIyNUY5RTRCLUQwMTgtNDJEOC04NjUyRTEyODcyOUZENDk2fQ==", "$type": "00"},"nValue":-26391.3518,"iitem":1,"dtSerial":"05/24/04 17:44:34","fSyncLast":0,"guidObj":{"$binary": "ezg1NTc2QjlGLUYwQUMtNEExNC1BQTkwM0YzOTkyNTIwNTRBfQ==", "$type": "00"},"lcolSize":96,"nDecPrecision":-1,"fUpdated":1,"guidListType":{"$binary": "ezg1NTc2QjlGLUYwQUMtNEExNC1BQTkwM0YzOTkyNTIwNTRBfQ==", "$type": "00"},"fSynced":0}
{"hpreflist":132,"sguid":{"$binary": "e0FCNjgyRDI4LUYwODMtNDA4Qi04Q0QzQUU5NUQxOTk0OTIxfQ==", "$type": "00"},"nValue":-26391.3475,"iitem":2,"dtSerial":"05/24/04 17:44:34","fSyncLast":0,"guidObj":{"$binary": "ezg1NTc2QjlGLUYwQUMtNEExNC1BQTkwM0YzOTkyNTIwNTRBfQ==", "$type": "00"},"lcolSize":64,"nDecPrecision":-1,"fUpdated":1,"guidListType":{"$binary": "ezg1NTc2QjlGLUYwQUMtNEExNC1BQTkwM0YzOTkyNTIwNTRBfQ==", "$type": "00"},"fSynced":0}
{"hpreflist":133,"sguid":{"$binary": "ezMwMTc2QzAyLTlFM0UtNEU1Ny1BQ0JEQzlBMEZFMjBFNzA0fQ==", "$type": "00"},"nValue":-26391.3474,"iitem":4,"dtSerial":"05/24/04 17:44:34","fSyncLast":0,"guidObj":{"$binary": "ezg1NTc2QjlGLUYwQUMtNEExNC1BQTkwM0YzOTkyNTIwNTRBfQ==", "$type": "00"},"lcolSize":160,"nDecPrecision":-1,"fUpdated":1,"guidListType":{"$binary": "ezg1NTc2QjlGLUYwQUMtNEExNC1BQTkwM0YzOTkyNTIwNTRBfQ==", "$type": "00"},"fSynced":0}
{"hpreflist":134,"sguid":{"$binary": "ezhDQkI4QjkwLTRCQkUtNDdCMC1CNkVFMEZFMjI2OTMxM0Y3fQ==", "$type": "00"},"nValue":-213909.5040,"iitem":9,"dtSerial":"05/24/04 17:44:34","fSyncLast":0,"guidObj":{"$binary": "ezg5NTAwOUI5LUQ2NkUtNDcxMy1CMkIwNzY4RUI3MTRBODI2fQ==", "$type": "00"},"lcolSize":150,"nDecPrecision":2,"fUpdated":1,"guidListType":{"$binary": "ezg5NTAwOUI5LUQ2NkUtNDcxMy1CMkIwNzY4RUI3MTRBODI2fQ==", "$type": "00"},"fSynced":0}
{"hpreflist":135,"sguid":{"$binary": "ezkwNTJBMjdELUVFMTQtNDkwOC1COEFGMDgyNUEzMzE2QjA4fQ==", "$type": "00"},"nValue":-213909.5031,"iitem":2,"dtSerial":"05/24/04 17:44:34","fSyncLast":0,"guidObj":{"$binary": "ezg5NTAwOUI5LUQ2NkUtNDcxMy1CMkIwNzY4RUI3MTRBODI2fQ==", "$type": "00"},"lcolSize":40,"nDecPrecision":2,"fUpdated":1,"guidListType":{"$binary": "ezg5NTAwOUI5LUQ2NkUtNDcxMy1CMkIwNzY4RUI3MTRBODI2fQ==", "$type": "00"},"fSynced":0}
{"hpreflist":136,"sguid":{"$binary": "e0Q3RUQ3NDdGLUFFNTMtNDM0Qi05RTIyRURGOEJFM0NGQzg1fQ==", "$type": "00"},"nValue":-213647.3596,"iitem":5,"dtSerial":"05/24/04 17:44:34","fSyncLast":0,"guidObj":{"$binary": "ezg5NTAwOUI5LUQ2NkUtNDcxMy1CMkIwNzY4RUI3MTRBODI2fQ==", "$type": "00"},"lcolSize":150,"nDecPrecision":3,"fUpdated":1,"guidListType":{"$binary": "ezg5NTAwOUI5LUQ2NkUtNDcxMy1CMkIwNzY4RUI3MTRBODI2fQ==", "$type": "00"},"fSynced":0}
{"hpreflist":137,"sguid":{"$binary": "ezk0QkIxRkIwLTg4REQtNDg2Qi04QzNCRUQxOTYwRkJCRTZGfQ==", "$type": "00"},"nValue":-213647.3587,"iitem":6,"dtSerial":"05/24/04 17:44:34","fSyncLast":0,"guidObj":{"$binary": "ezg5NTAwOUI5LUQ2NkUtNDcxMy1CMkIwNzY4RUI3MTRBODI2fQ==", "$type": "00"},"lcolSize":150,"nDecPrecision":2,"fUpdated":1,"guidListType":{"$binary": "ezg5NTAwOUI5LUQ2NkUtNDcxMy1CMkIwNzY4RUI3MTRBODI2fQ==", "$type": "00"},"fSynced":0}
{"hpreflist":138,"sguid":{"$binary": "ezZBNkQ1NjI3LTFEQTctNDg0Ri04RDY5RTNDMkI2OTgyMTc0fQ==", "$type": "00"},"nValue":-213647.3566,"iitem":7,"dtSerial":"05/24/04 17:44:34","fSyncLast":0,"guidObj":{"$binary": "ezg5NTAwOUI5LUQ2NkUtNDcxMy1CMkIwNzY4RUI3MTRBODI2fQ==", "$type": "00"},"lcolSize":150,"nDecPrecision":2,"fUpdated":1,"guidListType":{"$binary": "ezg5NTAwOUI5LUQ2NkUtNDcxMy1CMkIwNzY4RUI3MTRBODI2fQ==", "$type": "00"},"fSynced":0}
{"hpreflist":139,"sguid":{"$binary": "e0FDREU1MUQ4LTE2RTQtNEE3RS04NTNGQTNFNDYxODRFRjgzfQ==", "$type": "00"},"nValue":-213647.3561,"iitem":8,"dtSerial":"05/24/04 17:44:34","fSyncLast":0,"guidObj":{"$binary": "ezg5NTAwOUI5LUQ2NkUtNDcxMy1CMkIwNzY4RUI3MTRBODI2fQ==", "$type": "00"},"lcolSize":150,"nDecPrecision":2,"fUpdated":1,"guidListType":{"$binary": "ezg5NTAwOUI5LUQ2NkUtNDcxMy1CMkIwNzY4RUI3MTRBODI2fQ==", "$type": "00"},"fSynced":0}
{"hpreflist":140,"sguid":{"$binary": "ezU0QTBENDM5LTVCRjAtNEVGRi04NUNFNzlEMjg2NjhBMjY2fQ==", "$type": "00"},"nValue":-213647.3515,"iitem":3,"dtSerial":"05/24/04 17:44:34","fSyncLast":0,"guidObj":{"$binary": "ezg5NTAwOUI5LUQ2NkUtNDcxMy1CMkIwNzY4RUI3MTRBODI2fQ==", "$type": "00"},"lcolSize":100,"nDecPrecision":-1,"fUpdated":1,"guidListType":{"$binary": "ezg5NTAwOUI5LUQ2NkUtNDcxMy1CMkIwNzY4RUI3MTRBODI2fQ==", "$type": "00"},"fSynced":0}
{"hpreflist":141,"sguid":{"$binary": "ezQyOTQ1RTM2LThEQTAtNDJGMC1BNjBFMjU4QzlCRDAxMURGfQ==", "$type": "00"},"nValue":-196607.9997,"iitem":4,"dtSerial":"05/24/04 17:44:34","fSyncLast":0,"guidObj":{"$binary": "ezg5NTAwOUI5LUQ2NkUtNDcxMy1CMkIwNzY4RUI3MTRBODI2fQ==", "$type": "00"},"lcolSize":150,"nDecPrecision":2,"fUpdated":1,"guidListType":{"$binary": "ezg5NTAwOUI5LUQ2NkUtNDcxMy1CMkIwNzY4RUI3MTRBODI2fQ==", "$type": "00"},"fSynced":0}
{"hpreflist":142,"sguid":{"$binary": "e0JDOUFCM0EyLUFEN0EtNDM4Ri05MENENzFDM0NENTI4NUI4fQ==", "$type": "00"},"nValue":-26391.3475,"iitem":1,"dtSerial":"05/24/04 17:44:34","fSyncLast":0,"guidObj":{"$binary": "ezg5NTAwOUI5LUQ2NkUtNDcxMy1CMkIwNzY4RUI3MTRBODI2fQ==", "$type": "00"},"lcolSize":150,"nDecPrecision":-1,"fUpdated":1,"guidListType":{"$binary": "ezg5NTAwOUI5LUQ2NkUtNDcxMy1CMkIwNzY4RUI3MTRBODI2fQ==", "$type": "00"},"fSynced":0}
{"hpreflist":143,"sguid":{"$binary": "ezBCOENCOTFGLTJBQTMtNDlBRi05RUJDNTIwQ0RBM0YwNEVFfQ==", "$type": "00"},"nValue":-26391.3474,"iitem":0,"dtSerial":"05/24/04 17:44:34","fSyncLast":0,"guidObj":{"$binary": "ezg5NTAwOUI5LUQ2NkUtNDcxMy1CMkIwNzY4RUI3MTRBODI2fQ==", "$type": "00"},"lcolSize":180,"nDecPrecision":-1,"fUpdated":1,"guidListType":{"$binary": "ezg5NTAwOUI5LUQ2NkUtNDcxMy1CMkIwNzY4RUI3MTRBODI2fQ==", "$type": "00"},"fSynced":0}
