{"hpref":1,"sguid":{"$binary": "ezg5NTAwOUFFLUQ2NkUtNDcxMy1CMkIwNzY4RUI3MTRBODI2fQ==", "$type": "00"},"szValue":"Standard","dtSerial":"07/10/07 08:31:41","fSyncLast":0,"guidObj":{"$binary": "ezAwMDAwMDAwLTAwMDAtMDAwMC0wMDAwMDAwMDAwMDAwMDAwfQ==", "$type": "00"},"fUpdated":1}
{"hpref":2,"sguid":{"$binary": "ezg5NTAwOUFGLUQ2NkUtNDcxMy1CMkIwNzY4RUI3MTRBODI2fQ==", "$type": "00"},"szValue":"Asset allocation","dtSerial":"07/10/07 08:31:41","fSyncLast":0,"fUpdated":1}
{"hpref":3,"sguid":{"$binary": "ezg5NTAwOUIwLUQ2NkUtNDcxMy1CMkIwNzY4RUI3MTRBODI2fQ==", "$type": "00"},"szValue":"Performance","dtSerial":"07/10/07 08:31:41","fSyncLast":0,"fUpdated":1}
{"hpref":4,"sguid":{"$binary": "ezg5NTAwOUIxLUQ2NkUtNDcxMy1CMkIwNzY4RUI3MTRBODI2fQ==", "$type": "00"},"szValue":"Return calculations","dtSerial":"07/10/07 08:31:41","fSyncLast":0,"fUpdated":1}
{"hpref":5,"sguid":{"$binary": "ezg5NTAwOUIyLUQ2NkUtNDcxMy1CMkIwNzY4RUI3MTRBODI2fQ==", "$type": "00"},"szValue":"Valuation","dtSerial":"07/10/07 08:31:41","fSyncLast":0,"fUpdated":1}
{"hpref":6,"sguid":{"$binary": "ezg5NTAwOUIzLUQ2NkUtNDcxMy1CMkIwNzY4RUI3MTRBODI2fQ==", "$type": "00"},"szValue":"Quotes","dtSerial":"07/10/07 08:31:41","fSyncLast":0,"fUpdated":1}
{"hpref":7,"sguid":{"$binary": "ezg5NTAwOUI0LUQ2NkUtNDcxMy1CMkIwNzY4RUI3MTRBODI2fQ==", "$type": "00"},"szValue":"Holdings","dtSerial":"07/10/07 08:31:41","fSyncLast":0,"fUpdated":1}
{"hpref":8,"sguid":{"$binary": "ezg5NTAwOUI1LUQ2NkUtNDcxMy1CMkIwNzY4RUI3MTRBODI2fQ==", "$type": "00"},"szValue":"Fundamental data","dtSerial":"07/10/07 08:31:41","fSyncLast":0,"fUpdated":1}
{"hpref":9,"sguid":{"$binary": "ezg5NTAwOUI2LUQ2NkUtNDcxMy1CMkIwNzY4RUI3MTRBODI2fQ==", "$type": "00"},"szValue":"Option","dtSerial":"07/10/07 08:31:41","fSyncLast":0,"fUpdated":1}
{"hpref":10,"sguid":{"$binary": "ezg5NTAwOUI3LUQ2NkUtNDcxMy1CMkIwNzY4RUI3MTRBODI2fQ==", "$type": "00"},"szValue":"Employee stock options","dtSerial":"07/10/07 08:31:41","fSyncLast":0,"fUpdated":1}
{"hpref":11,"sguid":{"$binary": "ezg5NTAwOUI4LUQ2NkUtNDcxMy1CMkIwNzY4RUI3MTRBODI2fQ==", "$type": "00"},"szValue":"Bonds","dtSerial":"07/10/07 08:31:42","fSyncLast":0,"fUpdated":1}
{"hpref":12,"sguid":{"$binary": "ezg1NTc2QjlGLUYwQUMtNEExNC1BQTkwM0YzOTkyNTIwNTRBfQ==", "$type": "00"},"szValue":"Custom view","dtSerial":"07/10/07 08:31:42","fSyncLast":0,"guidObj":{"$binary": "ezg5NTAwOUFFLUQ2NkUtNDcxMy1CMkIwNzY4RUI3MTRBODI2fQ==", "$type": "00"},"fUpdated":1}
{"hpref":13,"sguid":{"$binary": "ezg5NTAwOUI5LUQ2NkUtNDcxMy1CMkIwNzY4RUI3MTRBODI2fQ==", "$type": "00"},"szValue":"Account Summary","dtSerial":"07/10/07 08:31:42","fSyncLast":0,"fUpdated":1}
{"hpref":14,"sguid":{"$binary": "e0UwRkE5Qzk2LTUyREMtNDAxOC05NDQ2MTg2QTgyOEMzQzZEfQ==", "$type": "00"},"nValue":0.0005,"szValue":"Quote Interval","dtSerial":"05/24/04 17:44:44","fSyncLast":0,"fUpdated":1}
{"hpref":15,"sguid":{"$binary": "ezNFQzc3QzMzLTFBREYtNDUwNS04RTY5MzZFODhCNzA5Q0Q0fQ==", "$type": "00"},"nValue":101.0000,"dtSerial":"05/24/04 17:44:45","fSyncLast":0,"fUpdated":1}
{"hpref":16,"sguid":{"$binary": "e0VBN0NGRDA4LTJDQTgtNEQxQy05MTdEQ0YyRjU5MkY2MDY5fQ==", "$type": "00"},"nValue":0.0302,"szValue":"PM Prefs","dtSerial":"07/06/04 13:41:06","fSyncLast":0,"fUpdated":1}
{"hpref":17,"sguid":{"$binary": "e0VCQUNCNEQ2LUIzQTYtNENCOC04RUI0RjMxOTRGNjlDMjVGfQ==", "$type": "00"},"nValue":0.0000,"szValue":"{895009AE-D66E-4713-B2B0-768EB714A826}","dtSerial":"05/03/07 12:40:14","fSyncLast":0,"fUpdated":1}
{"hpref":18,"sguid":{"$binary": "e0ZEQkZEODkyLTMxQkItNEVGOS04NDc0RDZGMUM0QjVCNTJCfQ==", "$type": "00"},"nValue":0.0057,"szValue":"ListView Prefs","dtSerial":"04/25/07 10:46:54","fSyncLast":0,"fUpdated":1}
