{"hsec":18,"szFull":"Dow Jones Industrial Average","szSymbol":"$INDU","dtMaturity":"01/00/00 00:00:00","dtSplit":"01/00/00 00:00:00","sct":7,"fHidden":1,"fTaxExempt":0,"sic":-1,"fOLQuotes":1,"dtLastHistQuote":"01/00/00 00:00:00","fGetHistQuotes":0,"cbt":-1,"hcrnc":45,"hcntry":43,"fEuroPriceDownloaded":0,"fEuroDialogDisabled":0,"fWatch":0,"frqIntPmt":-1,"sctsub":-1,"rating":-1,"dtCall":"01/00/00 00:00:00","dtLastUpdate":"09/04/02 00:00:00","dtFYI":"01/00/00 00:00:00","size":-1,"dtFYILastRead":"01/00/00 00:00:00","dtNewsLastRead":"01/00/00 00:00:00","dtNews":"01/00/00 00:00:00","sat":-1,"fViewInCrnc":0,"dtSerial":"04/20/07 10:42:30","fCall":0,"dtExpire":"01/00/00 00:00:00","lStockScouterOverallRating":-1,"fSymDummy":0,"iBaseUnit":-1,"sguid":{"$binary": "ezhBQUJFRDAwLUMwODQtNEQ2MS1CQzNDMTA2OUFGNTY5MUZCfQ==", "$type": "00"},"fUpdated":1,"hcrncQuote":45,"fPence":0,"fAdvHigh":0,"fAdvLow":0,"fAdvBuy":0,"fAdvSell":0}
{"hsec":30,"szFull":"NASDAQ Composite Index","szSymbol":"$COMPX","dtMaturity":"01/00/00 00:00:00","dtSplit":"01/00/00 00:00:00","sct":7,"fHidden":1,"fTaxExempt":0,"sic":-1,"fOLQuotes":1,"dtLastHistQuote":"01/00/00 00:00:00","fGetHistQuotes":0,"cbt":-1,"hcrnc":45,"hcntry":43,"fEuroPriceDownloaded":0,"fEuroDialogDisabled":0,"fWatch":0,"frqIntPmt":-1,"sctsub":-1,"rating":-1,"dtCall":"01/00/00 00:00:00","dtLastUpdate":"09/04/02 00:00:00","dtFYI":"01/00/00 00:00:00","size":-1,"dtFYILastRead":"01/00/00 00:00:00","dtNewsLastRead":"01/00/00 00:00:00","dtNews":"01/00/00 00:00:00","sat":-1,"fViewInCrnc":0,"dtSerial":"04/20/07 10:42:30","fCall":0,"dtExpire":"01/00/00 00:00:00","lStockScouterOverallRating":-1,"fSymDummy":0,"iBaseUnit":-1,"sguid":{"$binary": "e0JGNTgwRDdGLTNCOEYtNDIyNC1BNTI4RTJDQzcyRUY5Q0QyfQ==", "$type": "00"},"fUpdated":1,"hcrncQuote":45,"fPence":0,"fAdvHigh":0,"fAdvLow":0,"fAdvBuy":0,"fAdvSell":0}
{"hsec":38,"szFull":"Standard & Poor's 500","szSymbol":"$INX","dtMaturity":"01/00/00 00:00:00","dtSplit":"01/00/00 00:00:00","sct":7,"fHidden":0,"fTaxExempt":0,"sic":-1,"fOLQuotes":1,"dtLastHistQuote":"03/04/06 00:00:00","fGetHistQuotes":0,"d52WeekHigh":1476.56995,"d52WeekLow":1219.29004,"cbt":-1,"hcrnc":45,"hcntry":43,"fEuroPriceDownloaded":0,"fEuroDialogDisabled":0,"fWatch":1,"frqIntPmt":-1,"sctsub":-1,"rating":-1,"dtCall":"01/00/00 00:00:00","dtLastUpdate":"04/19/08 00:00:00","dtFYI":"01/00/00 00:00:00","dBid":1480.26001,"dAsk":1480.67004,"size":900,"dtFYILastRead":"01/00/00 00:00:00","dtNewsLastRead":"01/00/00 00:00:00","dtNews":"01/00/00 00:00:00","sat":-1,"fViewInCrnc":0,"dtSerial":"04/20/07 10:42:30","fCall":0,"dtExpire":"01/00/00 00:00:00","lStockScouterOverallRating":-1,"fSymDummy":0,"iBaseUnit":-1,"sguid":{"$binary": "e0UwNDVGRkE3LTdFNkUtNDUyRS05RTM5Njg5QUQ1RDI2QkJCfQ==", "$type": "00"},"fUpdated":1,"hcrncQuote":45,"fPence":0,"fAdvHigh":0,"fAdvLow":0,"fAdvBuy":0,"fAdvSell":0}
{"hsec":41,"szFull":"Standard & Poor's Healthcare","szSymbol":".HCX.X","dtMaturity":"01/00/00 00:00:00","dtSplit":"01/00/00 00:00:00","sct":7,"fHidden":1,"fTaxExempt":0,"sic":-1,"fOLQuotes":1,"dtLastHistQuote":"01/00/00 00:00:00","fGetHistQuotes":0,"cbt":-1,"hcrnc":45,"hcntry":43,"fEuroPriceDownloaded":0,"fEuroDialogDisabled":0,"fWatch":0,"frqIntPmt":-1,"sctsub":-1,"rating":-1,"dtCall":"01/00/00 00:00:00","dtLastUpdate":"01/00/00 00:00:00","dtFYI":"01/00/00 00:00:00","size":-1,"dtFYILastRead":"01/00/00 00:00:00","dtNewsLastRead":"01/00/00 00:00:00","dtNews":"01/00/00 00:00:00","sat":-1,"fViewInCrnc":0,"dtSerial":"04/20/07 10:42:30","fCall":0,"dtExpire":"01/00/00 00:00:00","lStockScouterOverallRating":-1,"fSymDummy":0,"iBaseUnit":-1,"sguid":{"$binary": "e0QxOEIwNDFDLTAyNjEtNEIzRi1CNDU5N0E0MTZENThCRUVCfQ==", "$type": "00"},"fUpdated":1,"hcrncQuote":45,"fPence":0,"fAdvHigh":0,"fAdvLow":0,"fAdvBuy":0,"fAdvSell":0}
{"hsec":56,"szFull":"Litware, Inc.","szSymbol":"LITW","dtMaturity":"01/00/00 00:00:00","dtSplit":"01/00/00 00:00:00","sct":2,"fHidden":0,"fTaxExempt":0,"sic":-1,"fOLQuotes":1,"dtLastHistQuote":"07/15/03 00:00:00","fGetHistQuotes":0,"cbt":2,"hcrnc":45,"hcntry":43,"fEuroPriceDownloaded":0,"fEuroDialogDisabled":0,"fWatch":0,"frqIntPmt":-1,"sctsub":-1,"rating":-1,"dtCall":"01/00/00 00:00:00","dtLastUpdate":"10/15/02 00:00:00","dtFYI":"09/20/02 00:00:00","dBid":25.94,"dAsk":25.94,"dBeta":1.08,"dPercentCash":1.3,"dPercentEquity":98.69,"dPercentDebt":0,"dPercentOther":0,"size":-1,"dtFYILastRead":"01/00/00 00:00:00","dtNewsLastRead":"01/00/00 00:00:00","dtNews":"01/00/00 00:00:00","sat":2,"fViewInCrnc":0,"dtSerial":"04/20/07 10:42:30","fCall":0,"dtExpire":"01/00/00 00:00:00","lStockScouterOverallRating":-1,"fSymDummy":0,"iBaseUnit":-1,"sguid":{"$binary": "ezYzMDVDN0VFLUFFQUMtNDBFRC05OEQ1MkM4NTY5QTQwNTE5fQ==", "$type": "00"},"fUpdated":1,"hcrncQuote":45,"fPence":0,"fAdvHigh":0,"fAdvLow":0,"fAdvBuy":0,"fAdvSell":0}
{"hsec":57,"szFull":"Wide World Importers","dtMaturity":"01/00/00 00:00:00","dtSplit":"01/00/00 00:00:00","sct":4,"fHidden":0,"fTaxExempt":0,"sic":-1,"fOLQuotes":1,"dtLastHistQuote":"01/00/00 00:00:00","fGetHistQuotes":0,"cbt":-1,"hcrnc":45,"hcntry":43,"fEuroPriceDownloaded":0,"fEuroDialogDisabled":0,"fWatch":0,"frqIntPmt":-1,"sctsub":-1,"rating":-1,"dtCall":"01/00/00 00:00:00","dtLastUpdate":"01/00/00 00:00:00","dtFYI":"01/00/00 00:00:00","size":-1,"dtFYILastRead":"01/00/00 00:00:00","dtNewsLastRead":"01/00/00 00:00:00","dtNews":"01/00/00 00:00:00","sat":0,"fViewInCrnc":0,"dtSerial":"04/20/07 10:42:30","fCall":0,"dtExpire":"01/00/00 00:00:00","lStockScouterOverallRating":-1,"fSymDummy":0,"iBaseUnit":-1,"sguid":{"$binary": "e0Y2QzIzQzc0LTQ3NDMtNDQ3Ri04QzE0MDYzQzZFMTc4OTFBfQ==", "$type": "00"},"fUpdated":1,"hcrncQuote":45,"fPence":0,"fAdvHigh":0,"fAdvLow":0,"fAdvBuy":0,"fAdvSell":0}
{"hsec":58,"szFull":"Contoso, Ltd.","szSymbol":"CONT","dtMaturity":"01/00/00 00:00:00","dtSplit":"01/00/00 00:00:00","sct":2,"fHidden":0,"fTaxExempt":0,"sic":-1,"fOLQuotes":1,"dtLastHistQuote":"07/15/03 00:00:00","fGetHistQuotes":0,"cbt":2,"hcrnc":45,"hcntry":43,"fEuroPriceDownloaded":0,"fEuroDialogDisabled":0,"fWatch":0,"frqIntPmt":-1,"sctsub":-1,"rating":-1,"dtCall":"01/00/00 00:00:00","dtLastUpdate":"10/15/02 00:00:00","dtFYI":"02/06/02 00:00:00","dBid":38.69,"dAsk":38.69,"dBeta":0.8,"dPercentCash":6.14,"dPercentEquity":93.27,"dPercentDebt":0,"dPercentOther":0.6,"size":-1,"dtFYILastRead":"01/00/00 00:00:00","dtNewsLastRead":"01/00/00 00:00:00","dtNews":"01/00/00 00:00:00","sat":4,"fViewInCrnc":0,"dtSerial":"04/20/07 10:42:30","fCall":0,"dtExpire":"01/00/00 00:00:00","lStockScouterOverallRating":-1,"fSymDummy":0,"iBaseUnit":-1,"sguid":{"$binary": "ezVDQzUyMDYwLTg5MTktNDhDNi1COTUyRjFFMDE1MTBDMzcxfQ==", "$type": "00"},"fUpdated":1,"hcrncQuote":45,"fPence":0,"fAdvHigh":0,"fAdvLow":0,"fAdvBuy":0,"fAdvSell":0}
{"hsec":59,"szFull":"Lucerne Publishing","szSymbol":"LUPB","dtMaturity":"01/00/00 00:00:00","dtSplit":"01/00/00 00:00:00","sct":2,"fHidden":0,"fTaxExempt":0,"sic":-1,"fOLQuotes":1,"dtLastHistQuote":"10/15/02 00:00:00","fGetHistQuotes":0,"cbt":2,"hcrnc":45,"hcntry":43,"fEuroPriceDownloaded":0,"fEuroDialogDisabled":0,"fWatch":0,"frqIntPmt":-1,"sctsub":-1,"rating":-1,"dtCall":"01/00/00 00:00:00","dtLastUpdate":"10/15/02 00:00:00","dtFYI":"09/20/02 00:00:00","dBid":9.140000000000001,"dAsk":9.140000000000001,"dBeta":1.29,"dPercentCash":16.68,"dPercentEquity":83.31999999999999,"dPercentDebt":0,"dPercentOther":0,"size":-1,"dtFYILastRead":"01/00/00 00:00:00","dtNewsLastRead":"01/00/00 00:00:00","dtNews":"01/00/00 00:00:00","sat":3,"fViewInCrnc":0,"dtSerial":"04/20/07 10:42:30","fCall":0,"dtExpire":"01/00/00 00:00:00","lStockScouterOverallRating":-1,"fSymDummy":0,"iBaseUnit":-1,"sguid":{"$binary": "ezA2RkE2NENGLUM1ODQtNDExNy1CNDZENzI3MkREODRCRkZDfQ==", "$type": "00"},"fUpdated":1,"hcrncQuote":45,"fPence":0,"fAdvHigh":0,"fAdvLow":0,"fAdvBuy":0,"fAdvSell":0}
{"hsec":60,"szFull":"Trey Research","szSymbol":"TREY","dtMaturity":"01/00/00 00:00:00","dtSplit":"08/31/02 00:00:00","sct":2,"fHidden":0,"fTaxExempt":0,"sic":-1,"fOLQuotes":1,"dtLastHistQuote":"07/15/03 00:00:00","fGetHistQuotes":0,"d52WeekHigh":5.05,"d52WeekLow":0.35,"cbt":2,"hcrnc":45,"hcntry":43,"fEuroPriceDownloaded":0,"fEuroDialogDisabled":0,"fWatch":0,"frqIntPmt":-1,"sctsub":-1,"rating":-1,"dtCall":"01/00/00 00:00:00","dtLastUpdate":"01/24/04 00:00:00","dtFYI":"01/13/04 00:00:00","dBid":2,"dAsk":2.45,"size":1000,"dtFYILastRead":"01/00/00 00:00:00","dtNewsLastRead":"01/00/00 00:00:00","dtNews":"01/00/00 00:00:00","sat":1,"fViewInCrnc":0,"dtSerial":"04/20/07 10:42:30","fCall":0,"dtExpire":"01/00/00 00:00:00","lStockScouterOverallRating":-1,"fSymDummy":0,"iBaseUnit":-1,"sguid":{"$binary": "e0UxODY2MTZBLUZCQjItNDJBMy1CODM5OTAzNDY5MDYwNDlFfQ==", "$type": "00"},"fUpdated":1,"hcrncQuote":45,"fPence":0,"fAdvHigh":0,"fAdvLow":0,"fAdvBuy":0,"fAdvSell":0}
{"hsec":61,"szFull":"Fidelity US Bond Index","dtMaturity":"01/00/00 00:00:00","dtSplit":"01/00/00 00:00:00","sct":2,"fHidden":1,"fTaxExempt":0,"sic":-1,"fOLQuotes":1,"dtLastHistQuote":"01/00/00 00:00:00","fGetHistQuotes":0,"cbt":2,"hcrnc":45,"hcntry":43,"fEuroPriceDownloaded":0,"fEuroDialogDisabled":0,"fWatch":0,"frqIntPmt":-1,"sctsub":-1,"rating":-1,"dtCall":"01/00/00 00:00:00","dtLastUpdate":"11/28/02 00:00:00","dtFYI":"04/06/02 00:00:00","dBid":10.57,"dAsk":10.57,"dBeta":1.01,"dPercentCash":4.18,"dPercentEquity":0,"dPercentDebt":95.81999999999999,"dPercentOther":0,"size":-1,"dtFYILastRead":"01/00/00 00:00:00","dtNewsLastRead":"01/00/00 00:00:00","dtNews":"01/00/00 00:00:00","sat":1,"fViewInCrnc":0,"dtSerial":"04/20/07 10:42:30","fCall":0,"dtExpire":"01/00/00 00:00:00","lStockScouterOverallRating":-1,"fSymDummy":0,"iBaseUnit":-1,"sguid":{"$binary": "ezI5Q0YwQjQ5LTcwMjgtNEMzQi1BNTVBNEMwNUE5MDFFRDM2fQ==", "$type": "00"},"fUpdated":1,"hcrncQuote":45,"fPence":0,"fAdvHigh":0,"fAdvLow":0,"fAdvBuy":0,"fAdvSell":0}
{"hsec":62,"szFull":"Fidelity New Millenium","dtMaturity":"01/00/00 00:00:00","dtSplit":"01/00/00 00:00:00","sct":2,"fHidden":1,"fTaxExempt":0,"sic":-1,"fOLQuotes":1,"dtLastHistQuote":"01/00/00 00:00:00","fGetHistQuotes":0,"cbt":2,"hcrnc":45,"hcntry":43,"fEuroPriceDownloaded":0,"fEuroDialogDisabled":0,"fWatch":0,"frqIntPmt":-1,"sctsub":-1,"rating":-1,"dtCall":"01/00/00 00:00:00","dtLastUpdate":"11/28/02 00:00:00","dtFYI":"09/20/02 00:00:00","dBid":28.43,"dAsk":29.31,"dBeta":1.67,"dPercentCash":7.06,"dPercentEquity":92.94,"dPercentDebt":0,"dPercentOther":0.01,"size":-1,"dtFYILastRead":"01/00/00 00:00:00","dtNewsLastRead":"01/00/00 00:00:00","dtNews":"01/00/00 00:00:00","sat":3,"fViewInCrnc":0,"dtSerial":"04/20/07 10:42:30","fCall":0,"dtExpire":"01/00/00 00:00:00","lStockScouterOverallRating":-1,"fSymDummy":0,"iBaseUnit":-1,"sguid":{"$binary": "ezM5M0FDQTM0LTI1NUItNENGMC1CQUUzMzdEN0VDM0RENTA0fQ==", "$type": "00"},"fUpdated":1,"hcrncQuote":45,"fPence":0,"fAdvHigh":0,"fAdvLow":0,"fAdvBuy":0,"fAdvSell":0}
{"hsec":63,"szFull":"Fidelity Mid-Cap Stock Fund","dtMaturity":"01/00/00 00:00:00","dtSplit":"01/00/00 00:00:00","sct":2,"fHidden":1,"fTaxExempt":0,"sic":-1,"fOLQuotes":1,"dtLastHistQuote":"01/00/00 00:00:00","fGetHistQuotes":0,"cbt":2,"hcrnc":45,"hcntry":43,"fEuroPriceDownloaded":0,"fEuroDialogDisabled":0,"fWatch":0,"frqIntPmt":-1,"sctsub":-1,"rating":-1,"dtCall":"01/00/00 00:00:00","dtLastUpdate":"11/28/02 00:00:00","dtFYI":"04/06/02 00:00:00","dBid":24.45,"dAsk":24.45,"dBeta":0.72,"dPercentCash":15.45,"dPercentEquity":84.53,"dPercentDebt":0,"dPercentOther":0.02,"size":-1,"dtFYILastRead":"01/00/00 00:00:00","dtNewsLastRead":"01/00/00 00:00:00","dtNews":"01/00/00 00:00:00","sat":3,"fViewInCrnc":0,"dtSerial":"04/20/07 10:42:30","fCall":0,"dtExpire":"01/00/00 00:00:00","lStockScouterOverallRating":-1,"fSymDummy":0,"iBaseUnit":-1,"sguid":{"$binary": "e0QyMDJCMTEwLTlDQkMtNDNDMC04MERBREI4NDQwRDA3NzFCfQ==", "$type": "00"},"fUpdated":1,"hcrncQuote":45,"fPence":0,"fAdvHigh":0,"fAdvLow":0,"fAdvBuy":0,"fAdvSell":0}
{"hsec":64,"szFull":"Fidelity Magellan","dtMaturity":"01/00/00 00:00:00","dtSplit":"01/00/00 00:00:00","sct":2,"fHidden":1,"fTaxExempt":0,"sic":-1,"fOLQuotes":1,"dtLastHistQuote":"01/00/00 00:00:00","fGetHistQuotes":0,"cbt":2,"hcrnc":45,"hcntry":43,"fEuroPriceDownloaded":0,"fEuroDialogDisabled":0,"fWatch":0,"frqIntPmt":-1,"sctsub":-1,"rating":-1,"dtCall":"01/00/00 00:00:00","dtLastUpdate":"11/28/02 00:00:00","dtFYI":"02/06/02 00:00:00","dBid":113.16,"dAsk":116.66,"dBeta":1.06,"dPercentCash":4.13,"dPercentEquity":95.86,"dPercentDebt":0,"dPercentOther":0,"size":-1,"dtFYILastRead":"01/00/00 00:00:00","dtNewsLastRead":"01/00/00 00:00:00","dtNews":"01/00/00 00:00:00","sat":4,"fViewInCrnc":0,"dtSerial":"04/20/07 10:42:30","fCall":0,"dtExpire":"01/00/00 00:00:00","lStockScouterOverallRating":-1,"fSymDummy":0,"iBaseUnit":-1,"sguid":{"$binary": "e0YwRDQ4NzMzLUI4RkItNDkxNy1BOENDMkJCMzFCMkQzMjk2fQ==", "$type": "00"},"fUpdated":1,"hcrncQuote":45,"fPence":0,"fAdvHigh":0,"fAdvLow":0,"fAdvBuy":0,"fAdvSell":0}
{"hsec":65,"szFull":"Fidelity Emerging Markets Fund","dtMaturity":"01/00/00 00:00:00","dtSplit":"01/00/00 00:00:00","sct":2,"fHidden":1,"fTaxExempt":0,"sic":-1,"fOLQuotes":1,"dtLastHistQuote":"01/00/00 00:00:00","fGetHistQuotes":0,"cbt":2,"hcrnc":45,"hcntry":43,"fEuroPriceDownloaded":0,"fEuroDialogDisabled":0,"fWatch":0,"frqIntPmt":-1,"sctsub":-1,"rating":-1,"dtCall":"01/00/00 00:00:00","dtLastUpdate":"11/28/02 00:00:00","dtFYI":"09/20/02 00:00:00","dBid":8.06,"dAsk":8.31,"dBeta":1.3,"dPercentCash":1.78,"dPercentEquity":93.18000000000001,"dPercentDebt":0,"dPercentOther":5.05,"size":-1,"dtFYILastRead":"01/00/00 00:00:00","dtNewsLastRead":"01/00/00 00:00:00","dtNews":"01/00/00 00:00:00","sat":-1,"fViewInCrnc":0,"dtSerial":"04/20/07 10:42:30","fCall":0,"dtExpire":"01/00/00 00:00:00","lStockScouterOverallRating":-1,"fSymDummy":0,"iBaseUnit":-1,"sguid":{"$binary": "ezE0MjY2RjBFLTg4MDgtNDJEMy1BNzc2QThBNEVGRjk0OTc5fQ==", "$type": "00"},"fUpdated":1,"hcrncQuote":45,"fPence":0,"fAdvHigh":0,"fAdvLow":0,"fAdvBuy":0,"fAdvSell":0}
{"hsec":66,"szFull":"Consolidated Messenger","dtMaturity":"01/00/00 00:00:00","dtSplit":"01/00/00 00:00:00","sct":2,"fHidden":1,"fTaxExempt":0,"sic":-1,"fOLQuotes":1,"dtLastHistQuote":"01/00/00 00:00:00","fGetHistQuotes":0,"cbt":2,"hcrnc":45,"hcntry":43,"fEuroPriceDownloaded":0,"fEuroDialogDisabled":0,"fWatch":0,"frqIntPmt":-1,"sctsub":-1,"rating":-1,"dtCall":"01/00/00 00:00:00","dtLastUpdate":"10/15/02 00:00:00","dtFYI":"09/20/02 00:00:00","dBid":45.47,"dAsk":45.47,"dBeta":1.61,"dPercentCash":1.64,"dPercentEquity":98.36,"dPercentDebt":0,"dPercentOther":0,"size":-1,"dtFYILastRead":"01/00/00 00:00:00","dtNewsLastRead":"01/00/00 00:00:00","dtNews":"01/00/00 00:00:00","sat":4,"fViewInCrnc":0,"dtSerial":"04/20/07 10:42:30","fCall":0,"dtExpire":"01/00/00 00:00:00","lStockScouterOverallRating":-1,"fSymDummy":0,"iBaseUnit":-1,"sguid":{"$binary": "ezAwMjE3OUMwLUFFQ0UtNDAxNS05MjFCQTE0NUZDMTIwNkE1fQ==", "$type": "00"},"fUpdated":1,"hcrncQuote":45,"fPence":0,"fAdvHigh":0,"fAdvLow":0,"fAdvBuy":0,"fAdvSell":0}
{"hsec":67,"szFull":"Blue Yonder Airlines","dtMaturity":"01/00/00 00:00:00","dtSplit":"01/00/00 00:00:00","sct":1,"fHidden":0,"fTaxExempt":0,"sic":-1,"fOLQuotes":1,"dtLastHistQuote":"01/00/00 00:00:00","fGetHistQuotes":0,"d52WeekHigh":77.62,"d52WeekLow":1.65,"dSharesOutstanding":68502000,"cbt":-1,"hcrnc":45,"hcntry":43,"fEuroPriceDownloaded":0,"fEuroDialogDisabled":0,"fWatch":0,"dCapitalization":224002000,"frqIntPmt":-1,"sctsub":-1,"rating":-1,"dtCall":"01/00/00 00:00:00","dtLastUpdate":"11/28/02 00:00:00","dtFYI":"11/29/02 00:00:00","dBid":3.19,"dAsk":3.27,"amtEPS":-1.6300,"size":500,"dtFYILastRead":"01/00/00 00:00:00","dtNewsLastRead":"01/00/00 00:00:00","dtNews":"11/23/02 00:00:00","sat":2,"fViewInCrnc":0,"dtSerial":"04/20/07 10:42:30","fCall":0,"dtExpire":"01/00/00 00:00:00","lStockScouterOverallRating":-1,"fSymDummy":0,"iBaseUnit":-1,"sguid":{"$binary": "ezc1RjFENzM3LUQ1RDktNDVFQS05OEY4MDRCQUM1NUMyREI0fQ==", "$type": "00"},"fUpdated":1,"hcrncQuote":45,"fPence":0,"fAdvHigh":0,"fAdvLow":0,"fAdvBuy":0,"fAdvSell":0}
{"hsec":68,"szFull":"Coho Winery","szSymbol":"COHO","dtMaturity":"01/00/00 00:00:00","dtSplit":"01/00/00 00:00:00","sct":2,"fHidden":0,"fTaxExempt":0,"sic":-1,"fOLQuotes":1,"dtLastHistQuote":"05/21/03 00:00:00","fGetHistQuotes":0,"d52WeekHigh":0.0001,"d52WeekLow":0.0001,"cbt":2,"hcrnc":45,"hcntry":43,"fEuroPriceDownloaded":0,"fEuroDialogDisabled":0,"fWatch":0,"frqIntPmt":-1,"sctsub":-1,"rating":-1,"dtCall":"01/00/00 00:00:00","dtLastUpdate":"07/06/06 00:00:00","dtFYI":"09/10/05 04:20:52","size":500,"dtFYILastRead":"01/00/00 00:00:00","dtNewsLastRead":"01/00/00 00:00:00","dtNews":"01/00/00 00:00:00","sat":2,"fViewInCrnc":0,"dtSerial":"04/20/07 10:42:30","fCall":0,"dtExpire":"01/00/00 00:00:00","lStockScouterOverallRating":-1,"fSymDummy":0,"iBaseUnit":-1,"sguid":{"$binary": "e0FFNzlFNkQwLThGNEItNEMzOS04OUIwNjVGRjExNTJFQUVEfQ==", "$type": "00"},"fUpdated":1,"hcrncQuote":45,"fPence":0,"fAdvHigh":0,"fAdvLow":0,"fAdvBuy":0,"fAdvSell":0}
{"hsec":69,"szFull":"Fabrikam, Inc.","szSymbol":"FABRI","dtMaturity":"01/00/00 00:00:00","dtSplit":"01/00/00 00:00:00","sct":2,"fHidden":0,"fTaxExempt":0,"sic":-1,"fOLQuotes":1,"dtLastHistQuote":"06/10/03 00:00:00","fGetHistQuotes":0,"cbt":2,"hcrnc":45,"hcntry":43,"fEuroPriceDownloaded":0,"fEuroDialogDisabled":0,"fWatch":0,"frqIntPmt":-1,"sctsub":-1,"rating":-1,"dtCall":"01/00/00 00:00:00","dtLastUpdate":"10/15/02 00:00:00","dtFYI":"09/20/02 00:00:00","dBid":32.25,"dAsk":32.25,"dBeta":0.58,"dPercentCash":9.300000000000001,"dPercentEquity":90.7,"dPercentDebt":0,"dPercentOther":0,"size":-1,"dtFYILastRead":"01/00/00 00:00:00","dtNewsLastRead":"01/00/00 00:00:00","dtNews":"01/00/00 00:00:00","sat":3,"fViewInCrnc":0,"dtSerial":"04/20/07 10:42:30","fCall":0,"dtExpire":"01/00/00 00:00:00","lStockScouterOverallRating":-1,"fSymDummy":0,"iBaseUnit":-1,"sguid":{"$binary": "e0E1NzAyNTg5LTYxODctNEYzOC1CQjE3NTc1RTlEM0NBMkQ5fQ==", "$type": "00"},"fUpdated":1,"hcrncQuote":45,"fPence":0,"fAdvHigh":0,"fAdvLow":0,"fAdvBuy":0,"fAdvSell":0}
{"hsec":70,"szFull":"Vanguard Intermediate-Term Corporate Bond Fund","dtMaturity":"01/00/00 00:00:00","dtSplit":"01/00/00 00:00:00","sct":2,"fHidden":1,"fTaxExempt":0,"sic":-1,"fOLQuotes":1,"dtLastHistQuote":"01/00/00 00:00:00","fGetHistQuotes":0,"cbt":2,"hcrnc":45,"hcntry":43,"fEuroPriceDownloaded":0,"fEuroDialogDisabled":0,"fWatch":0,"frqIntPmt":-1,"sctsub":-1,"rating":-1,"dtCall":"01/00/00 00:00:00","dtLastUpdate":"11/28/02 00:00:00","dtFYI":"09/20/02 00:00:00","dBid":9.52,"dAsk":9.52,"dBeta":1.28,"dPercentCash":6.62,"dPercentEquity":0,"dPercentDebt":93.37,"dPercentOther":0,"size":-1,"dtFYILastRead":"01/00/00 00:00:00","dtNewsLastRead":"01/00/00 00:00:00","dtNews":"01/00/00 00:00:00","sat":1,"fViewInCrnc":0,"dtSerial":"04/20/07 10:42:30","fCall":0,"dtExpire":"01/00/00 00:00:00","lStockScouterOverallRating":-1,"fSymDummy":0,"iBaseUnit":-1,"sguid":{"$binary": "e0ZFQ0IzRTE4LTE3QzAtNDE2QS04NzIyM0FBN0I3RUI5OTk0fQ==", "$type": "00"},"fUpdated":1,"hcrncQuote":45,"fPence":0,"fAdvHigh":0,"fAdvLow":0,"fAdvBuy":0,"fAdvSell":0}
{"hsec":71,"szFull":"Vanguard Primecap Fund","dtMaturity":"01/00/00 00:00:00","dtSplit":"01/00/00 00:00:00","sct":2,"fHidden":1,"fTaxExempt":0,"sic":-1,"fOLQuotes":1,"dtLastHistQuote":"01/00/00 00:00:00","fGetHistQuotes":0,"cbt":2,"hcrnc":45,"hcntry":43,"fEuroPriceDownloaded":0,"fEuroDialogDisabled":0,"fWatch":0,"frqIntPmt":-1,"sctsub":-1,"rating":-1,"dtCall":"01/00/00 00:00:00","dtLastUpdate":"11/28/02 00:00:00","dtFYI":"11/08/02 00:00:00","dBid":56.37,"dAsk":56.37,"dBeta":1,"dPercentCash":10.67,"dPercentEquity":89.01000000000001,"dPercentDebt":0,"dPercentOther":0.32,"size":-1,"dtFYILastRead":"01/00/00 00:00:00","dtNewsLastRead":"01/00/00 00:00:00","dtNews":"01/00/00 00:00:00","sat":4,"fViewInCrnc":0,"dtSerial":"04/20/07 10:42:30","fCall":0,"dtExpire":"01/00/00 00:00:00","lStockScouterOverallRating":-1,"fSymDummy":0,"iBaseUnit":-1,"sguid":{"$binary": "e0Y3NjEyNEJELTg5Q0ItNDUyMi1BMjMwMDg4MkY0NDcyRjgzfQ==", "$type": "00"},"fUpdated":1,"hcrncQuote":45,"fPence":0,"fAdvHigh":0,"fAdvLow":0,"fAdvBuy":0,"fAdvSell":0}
{"hsec":72,"szFull":"Vanguard Capital Opportunity Fund","dtMaturity":"01/00/00 00:00:00","dtSplit":"01/00/00 00:00:00","sct":2,"fHidden":1,"fTaxExempt":0,"sic":-1,"fOLQuotes":1,"dtLastHistQuote":"01/00/00 00:00:00","fGetHistQuotes":0,"cbt":2,"hcrnc":45,"hcntry":43,"fEuroPriceDownloaded":0,"fEuroDialogDisabled":0,"fWatch":0,"frqIntPmt":-1,"sctsub":-1,"rating":-1,"dtCall":"01/00/00 00:00:00","dtLastUpdate":"11/28/02 00:00:00","dtFYI":"11/08/02 00:00:00","dBid":25.62,"dAsk":25.62,"dBeta":1.06,"dPercentCash":4.83,"dPercentEquity":95.16,"dPercentDebt":0,"dPercentOther":0,"size":-1,"dtFYILastRead":"01/00/00 00:00:00","dtNewsLastRead":"01/00/00 00:00:00","dtNews":"01/00/00 00:00:00","sat":3,"fViewInCrnc":0,"dtSerial":"04/20/07 10:42:30","fCall":0,"dtExpire":"01/00/00 00:00:00","lStockScouterOverallRating":-1,"fSymDummy":0,"iBaseUnit":-1,"sguid":{"$binary": "e0NBNkQzQ0NELTMyRUMtNDRCOC1CQTQ4OEIwRTlFMURCREZEfQ==", "$type": "00"},"fUpdated":1,"hcrncQuote":45,"fPence":0,"fAdvHigh":0,"fAdvLow":0,"fAdvBuy":0,"fAdvSell":0}
{"hsec":73,"szFull":"Vanguard Money Market Fund","dtMaturity":"01/00/00 00:00:00","dtSplit":"01/00/00 00:00:00","sct":4,"fHidden":1,"fTaxExempt":0,"sic":-1,"fOLQuotes":1,"dtLastHistQuote":"01/00/00 00:00:00","fGetHistQuotes":0,"cbt":-1,"hcrnc":45,"hcntry":43,"fEuroPriceDownloaded":0,"fEuroDialogDisabled":0,"fWatch":0,"frqIntPmt":-1,"sctsub":-1,"rating":-1,"dtCall":"01/00/00 00:00:00","dtLastUpdate":"01/00/00 00:00:00","dtFYI":"01/00/00 00:00:00","size":-1,"dtFYILastRead":"01/00/00 00:00:00","dtNewsLastRead":"01/00/00 00:00:00","dtNews":"01/00/00 00:00:00","sat":0,"fViewInCrnc":0,"dtSerial":"04/20/07 10:42:30","fCall":0,"dtExpire":"01/00/00 00:00:00","lStockScouterOverallRating":-1,"fSymDummy":0,"iBaseUnit":-1,"sguid":{"$binary": "e0YyNjVCMjk4LTcyNTEtNDI0NC04QTI3QzUyQ0NGN0U4QzNEfQ==", "$type": "00"},"fUpdated":1,"hcrncQuote":45,"fPence":0,"fAdvHigh":0,"fAdvLow":0,"fAdvBuy":0,"fAdvSell":0}
{"hsec":74,"szFull":"Coho Wineries","dtMaturity":"01/00/00 00:00:00","dtSplit":"01/00/00 00:00:00","sct":4,"fHidden":1,"fTaxExempt":0,"sic":-1,"fOLQuotes":1,"dtLastHistQuote":"01/00/00 00:00:00","fGetHistQuotes":0,"cbt":-1,"hcrnc":45,"hcntry":43,"fEuroPriceDownloaded":0,"fEuroDialogDisabled":0,"fWatch":0,"frqIntPmt":-1,"sctsub":-1,"rating":-1,"dtCall":"01/00/00 00:00:00","dtLastUpdate":"01/00/00 00:00:00","dtFYI":"01/00/00 00:00:00","size":-1,"dtFYILastRead":"01/00/00 00:00:00","dtNewsLastRead":"01/00/00 00:00:00","dtNews":"01/00/00 00:00:00","sat":0,"fViewInCrnc":0,"dtSerial":"04/20/07 10:42:30","fCall":0,"dtExpire":"01/00/00 00:00:00","lStockScouterOverallRating":-1,"fSymDummy":0,"iBaseUnit":-1,"sguid":{"$binary": "ezA0M0I0Qzg3LTQyNkQtNDdENy1CMDNEOTlDOEI4MjM0RDAwfQ==", "$type": "00"},"fUpdated":1,"hcrncQuote":45,"fPence":0,"fAdvHigh":0,"fAdvLow":0,"fAdvBuy":0,"fAdvSell":0}
{"hsec":75,"szFull":"Bank of America Corp","dtMaturity":"01/00/00 00:00:00","dtSplit":"01/00/00 00:00:00","sct":1,"fHidden":1,"fTaxExempt":0,"sic":-1,"fOLQuotes":1,"dtLastHistQuote":"01/00/00 00:00:00","fGetHistQuotes":0,"d52WeekHigh":61,"d52WeekLow":36.31,"dSharesOutstanding":1602900000,"cbt":-1,"hcrnc":45,"hcntry":43,"fEuroPriceDownloaded":0,"fEuroDialogDisabled":0,"fWatch":0,"dCapitalization":94218460043.33496,"frqIntPmt":-1,"sctsub":-1,"rating":-1,"dtCall":"01/00/00 00:00:00","dtLastUpdate":"11/28/02 00:00:00","dtFYI":"11/29/02 00:00:00","dBeta":1.12,"dDividendYield":3.8,"amtEPS":4.3400,"size":34300,"dtFYILastRead":"01/00/00 00:00:00","dtNewsLastRead":"01/00/00 00:00:00","dtNews":"11/28/02 00:00:00","sat":4,"fViewInCrnc":0,"dtSerial":"04/20/07 10:42:30","fCall":0,"dtExpire":"01/00/00 00:00:00","lStockScouterOverallRating":-1,"fSymDummy":0,"iBaseUnit":-1,"sguid":{"$binary": "ezBDNEQ5MzhBLTI4RjAtNDBBNi1CMzg2NTQ4NTU0MDA4REZGfQ==", "$type": "00"},"fUpdated":1,"hcrncQuote":45,"fPence":0,"fAdvHigh":0,"fAdvLow":0,"fAdvBuy":0,"fAdvSell":0}
{"hsec":76,"szFull":"Fox Entertainment Group","dtMaturity":"01/00/00 00:00:00","dtSplit":"01/00/00 00:00:00","sct":1,"fHidden":1,"fTaxExempt":0,"sic":-1,"fOLQuotes":1,"dtLastHistQuote":"01/00/00 00:00:00","fGetHistQuotes":0,"d52WeekHigh":34.75,"d52WeekLow":15.43,"dSharesOutstanding":724060000,"cbt":-1,"hcrnc":45,"hcntry":43,"fEuroPriceDownloaded":0,"fEuroDialogDisabled":0,"fWatch":0,"dCapitalization":18724192041.93115,"frqIntPmt":-1,"sctsub":-1,"rating":-1,"dtCall":"01/00/00 00:00:00","dtLastUpdate":"11/28/02 00:00:00","dtFYI":"11/28/02 00:00:00","dBeta":1.42,"amtEPS":0.0300,"size":1600,"dtFYILastRead":"01/00/00 00:00:00","dtNewsLastRead":"01/00/00 00:00:00","dtNews":"11/28/02 00:00:00","sat":4,"fViewInCrnc":0,"dtSerial":"04/20/07 10:42:30","fCall":0,"dtExpire":"01/00/00 00:00:00","lStockScouterOverallRating":-1,"fSymDummy":0,"iBaseUnit":-1,"sguid":{"$binary": "ezcyQjBDREMyLTgxQkEtNDQ2MS04OTIyMjg0ODI5NjM1NDJGfQ==", "$type": "00"},"fUpdated":1,"hcrncQuote":45,"fPence":0,"fAdvHigh":0,"fAdvLow":0,"fAdvBuy":0,"fAdvSell":0}
{"hsec":77,"szFull":"Consolidated Messengers","szSymbol":"CONSO","dtMaturity":"01/00/00 00:00:00","dtSplit":"01/00/00 00:00:00","sct":1,"fHidden":0,"fTaxExempt":0,"sic":-1,"fOLQuotes":1,"dtLastHistQuote":"10/15/02 00:00:00","fGetHistQuotes":0,"d52WeekHigh":70.20999999999999,"d52WeekLow":48.25,"dSharesOutstanding":550137000,"cbt":-1,"hcrnc":45,"hcntry":43,"fEuroPriceDownloaded":0,"fEuroDialogDisabled":0,"fWatch":0,"dCapitalization":38041974389.44245,"frqIntPmt":-1,"sctsub":-1,"rating":-1,"dtCall":"01/00/00 00:00:00","dtLastUpdate":"10/15/02 00:00:00","dtFYI":"10/11/02 00:00:00","dBeta":0.23,"dDividendYield":2.6,"amtEPS":4.6500,"size":200,"dtFYILastRead":"01/00/00 00:00:00","dtNewsLastRead":"01/00/00 00:00:00","dtNews":"10/10/02 00:00:00","sat":4,"fViewInCrnc":0,"dtSerial":"04/20/07 10:42:30","fCall":0,"dtExpire":"01/00/00 00:00:00","lStockScouterOverallRating":-1,"fSymDummy":0,"iBaseUnit":-1,"sguid":{"$binary": "ezY5MzRFNkJBLTA3ODItNEQwRC1CNEI5QTMzQUI5MTUwQzYwfQ==", "$type": "00"},"fUpdated":1,"hcrncQuote":45,"fPence":0,"fAdvHigh":0,"fAdvLow":0,"fAdvBuy":0,"fAdvSell":0}
{"hsec":78,"szFull":"Contoso Pharmaceuticals","szSymbol":"LEH","dtMaturity":"01/00/00 00:00:00","dtSplit":"05/01/06 00:00:00","sct":1,"fHidden":0,"fTaxExempt":0,"sic":-1,"fOLQuotes":1,"mUIDType":"CUSIP","mUID":"918005109","dtLastHistQuote":"04/27/07 00:00:00","fGetHistQuotes":0,"d52WeekHigh":86.18000000000001,"d52WeekLow":58.37,"dSharesOutstanding":532618400,"cbt":-1,"hcrnc":45,"hcntry":43,"fEuroPriceDownloaded":0,"fEuroDialogDisabled":0,"fWatch":0,"dCapitalization":41251293454.57764,"frqIntPmt":-1,"sctsub":-1,"rating":-1,"dtCall":"01/00/00 00:00:00","dtLastUpdate":"04/19/08 00:00:00","dtFYI":"04/11/08 00:00:00","dBeta":1.25,"dDividendYield":0.77,"amtEPS":6.9400,"size":100,"dtFYILastRead":"01/00/00 00:00:00","dtNewsLastRead":"08/23/02 14:07:06","dtNews":"05/22/07 11:04:00","sat":4,"fViewInCrnc":0,"dtSerial":"04/30/07 12:39:43","fCall":0,"dtExpire":"01/00/00 00:00:00","lStockScouterOverallRating":10,"fSymDummy":0,"iBaseUnit":-1,"sguid":{"$binary": "ezE0Qzc4OTRELUZGRDMtNDYwQS04NEZDRkQwNzcyOUFGQ0JGfQ==", "$type": "00"},"fUpdated":1,"hcrncQuote":45,"fPence":0,"fAdvHigh":0,"amtAdvHigh":85,"fAdvLow":0,"amtAdvLow":70,"dAdvLast":79.14,"fAdvBuy":0,"fAdvSell":0}
{"hsec":79,"szFull":"Borland Software Corporation","dtMaturity":"01/00/00 00:00:00","dtSplit":"01/00/00 00:00:00","sct":1,"fHidden":1,"fTaxExempt":0,"sic":-1,"fOLQuotes":1,"dtLastHistQuote":"01/00/00 00:00:00","fGetHistQuotes":0,"d52WeekHigh":11.61,"d52WeekLow":4.15,"dSharesOutstanding":62252000,"cbt":-1,"hcrnc":45,"hcntry":43,"fEuroPriceDownloaded":0,"fEuroDialogDisabled":0,"fWatch":0,"dCapitalization":566489000,"frqIntPmt":-1,"sctsub":-1,"rating":-1,"dtCall":"01/00/00 00:00:00","dtLastUpdate":"11/28/02 00:00:00","dtFYI":"11/08/02 00:00:00","dBid":9.1,"dAsk":9.199999999999999,"dBeta":1.56,"amtEPS":0.4000,"size":100,"dtFYILastRead":"01/00/00 00:00:00","dtNewsLastRead":"01/00/00 00:00:00","dtNews":"11/27/02 00:00:00","sat":2,"fViewInCrnc":0,"dtSerial":"04/20/07 10:42:30","fCall":0,"dtExpire":"01/00/00 00:00:00","lStockScouterOverallRating":-1,"fSymDummy":0,"iBaseUnit":-1,"sguid":{"$binary": "e0ZEQ0NERDYwLUZEQzktNDRFRS1BRTIxOTI4NTFFNjMwNTdGfQ==", "$type": "00"},"fUpdated":1,"hcrncQuote":45,"fPence":0,"fAdvHigh":0,"fAdvLow":0,"fAdvBuy":0,"fAdvSell":0}
{"hsec":80,"szFull":"Merrill Lynch Money Market","dtMaturity":"01/00/00 00:00:00","dtSplit":"01/00/00 00:00:00","sct":4,"fHidden":1,"fTaxExempt":0,"sic":-1,"fOLQuotes":1,"dtLastHistQuote":"01/00/00 00:00:00","fGetHistQuotes":0,"cbt":-1,"hcrnc":45,"hcntry":43,"fEuroPriceDownloaded":0,"fEuroDialogDisabled":0,"fWatch":0,"frqIntPmt":-1,"sctsub":-1,"rating":-1,"dtCall":"01/00/00 00:00:00","dtLastUpdate":"01/00/00 00:00:00","dtFYI":"01/00/00 00:00:00","size":-1,"dtFYILastRead":"01/00/00 00:00:00","dtNewsLastRead":"01/00/00 00:00:00","dtNews":"01/00/00 00:00:00","sat":0,"fViewInCrnc":0,"dtSerial":"04/20/07 10:42:30","fCall":0,"dtExpire":"01/00/00 00:00:00","lStockScouterOverallRating":-1,"fSymDummy":0,"iBaseUnit":-1,"sguid":{"$binary": "ezdDQkIxQjM4LTg0NkYtNDRERi1BNDNENTFFQkE3REZGOEZBfQ==", "$type": "00"},"fUpdated":1,"hcrncQuote":45,"fPence":0,"fAdvHigh":0,"fAdvLow":0,"fAdvBuy":0,"fAdvSell":0}
{"hsec":81,"szFull":"ShopKo Stores","dtMaturity":"01/00/00 00:00:00","dtSplit":"01/00/00 00:00:00","sct":1,"fHidden":1,"fTaxExempt":0,"sic":-1,"fOLQuotes":1,"dtLastHistQuote":"01/00/00 00:00:00","fGetHistQuotes":0,"d52WeekHigh":22.5,"d52WeekLow":3,"dSharesOutstanding":28699000,"cbt":-1,"hcrnc":45,"hcntry":43,"fEuroPriceDownloaded":0,"fEuroDialogDisabled":0,"fWatch":0,"dCapitalization":222417250,"frqIntPmt":-1,"sctsub":-1,"rating":-1,"dtCall":"01/00/00 00:00:00","dtLastUpdate":"11/28/02 00:00:00","dtFYI":"11/29/02 00:00:00","dBeta":1.12,"amtEPS":-1.8700,"size":1600,"dtFYILastRead":"01/00/00 00:00:00","dtNewsLastRead":"01/00/00 00:00:00","dtNews":"11/22/02 00:00:00","sat":2,"fViewInCrnc":0,"dtSerial":"04/20/07 10:42:30","fCall":0,"dtExpire":"01/00/00 00:00:00","lStockScouterOverallRating":-1,"fSymDummy":0,"iBaseUnit":-1,"sguid":{"$binary": "e0JGMDg1NjI5LUNCNUEtNDUzQS05MTNBRjVDNUI0OTk5NEU1fQ==", "$type": "00"},"fUpdated":1,"hcrncQuote":45,"fPence":0,"fAdvHigh":0,"fAdvLow":0,"fAdvBuy":0,"fAdvSell":0}
{"hsec":82,"szFull":"Carnival Corp","dtMaturity":"01/00/00 00:00:00","dtSplit":"01/00/00 00:00:00","sct":1,"fHidden":1,"fTaxExempt":0,"sic":-1,"fOLQuotes":1,"dtLastHistQuote":"01/00/00 00:00:00","fGetHistQuotes":0,"d52WeekHigh":34.93,"d52WeekLow":18.31,"dSharesOutstanding":584729000,"cbt":-1,"hcrnc":45,"hcntry":43,"fEuroPriceDownloaded":0,"fEuroDialogDisabled":0,"fWatch":0,"dCapitalization":16378259423.83385,"frqIntPmt":-1,"sctsub":-1,"rating":-1,"dtCall":"01/00/00 00:00:00","dtLastUpdate":"11/28/02 00:00:00","dtFYI":"11/28/02 00:00:00","dBeta":0.8,"dDividendYield":1.5,"amtEPS":1.5600,"size":22400,"dtFYILastRead":"01/00/00 00:00:00","dtNewsLastRead":"01/00/00 00:00:00","dtNews":"11/27/02 00:00:00","sat":4,"fViewInCrnc":0,"dtSerial":"04/20/07 10:42:30","fCall":0,"dtExpire":"01/00/00 00:00:00","lStockScouterOverallRating":-1,"fSymDummy":0,"iBaseUnit":-1,"sguid":{"$binary": "e0U1NzRGNDY4LTIwRjYtNDY3RS04MEYwOUIxQ0ZBNTJCRTBEfQ==", "$type": "00"},"fUpdated":1,"hcrncQuote":45,"fPence":0,"fAdvHigh":0,"fAdvLow":0,"fAdvBuy":0,"fAdvSell":0}
{"hsec":83,"szFull":"General Electric Co","dtMaturity":"01/00/00 00:00:00","dtSplit":"01/00/00 00:00:00","sct":1,"fHidden":1,"fTaxExempt":0,"sic":-1,"fOLQuotes":1,"dtLastHistQuote":"01/00/00 00:00:00","fGetHistQuotes":0,"d52WeekHigh":60.5,"d52WeekLow":36.42,"dSharesOutstanding":9933071000,"cbt":-1,"hcrnc":45,"hcntry":43,"fEuroPriceDownloaded":0,"fEuroDialogDisabled":0,"fWatch":0,"dCapitalization":486919144966.999,"frqIntPmt":-1,"sctsub":-1,"rating":-1,"dtCall":"01/00/00 00:00:00","dtLastUpdate":"11/28/02 00:00:00","dtFYI":"11/24/02 00:00:00","dBeta":1.17,"dDividendYield":1.3,"amtEPS":1.3000,"size":510100,"dtFYILastRead":"08/23/02 14:07:17","dtNewsLastRead":"01/00/00 00:00:00","dtNews":"11/28/02 00:00:00","sat":4,"fViewInCrnc":0,"dtSerial":"04/20/07 10:42:30","fCall":0,"dtExpire":"01/00/00 00:00:00","lStockScouterOverallRating":-1,"fSymDummy":0,"iBaseUnit":-1,"sguid":{"$binary": "e0Y4Nzg3NkU1LUE1ODMtNEZBOC1CMUExQzBCMjEyRTBFQTcwfQ==", "$type": "00"},"fUpdated":1,"hcrncQuote":45,"fPence":0,"fAdvHigh":0,"fAdvLow":0,"fAdvBuy":0,"fAdvSell":0}
{"hsec":84,"szFull":"Smith Barney Money Market","dtMaturity":"01/00/00 00:00:00","dtSplit":"01/00/00 00:00:00","sct":4,"fHidden":1,"fTaxExempt":0,"sic":-1,"fOLQuotes":1,"dtLastHistQuote":"01/00/00 00:00:00","fGetHistQuotes":0,"cbt":-1,"hcrnc":45,"hcntry":43,"fEuroPriceDownloaded":0,"fEuroDialogDisabled":0,"fWatch":0,"frqIntPmt":-1,"sctsub":-1,"rating":-1,"dtCall":"01/00/00 00:00:00","dtLastUpdate":"01/00/00 00:00:00","dtFYI":"01/00/00 00:00:00","size":-1,"dtFYILastRead":"01/00/00 00:00:00","dtNewsLastRead":"01/00/00 00:00:00","dtNews":"01/00/00 00:00:00","sat":0,"fViewInCrnc":0,"dtSerial":"04/20/07 10:42:30","fCall":0,"dtExpire":"01/00/00 00:00:00","lStockScouterOverallRating":-1,"fSymDummy":0,"iBaseUnit":-1,"sguid":{"$binary": "ezM0OUY4NzlDLUVGMEUtNEEwMi05RjlEQUY1NzBBQjhCRURDfQ==", "$type": "00"},"fUpdated":1,"hcrncQuote":45,"fPence":0,"fAdvHigh":0,"fAdvLow":0,"fAdvBuy":0,"fAdvSell":0}
{"hsec":85,"szFull":"Johnson & Johnson","dtMaturity":"01/00/00 00:00:00","dtSplit":"01/00/00 00:00:00","sct":1,"fHidden":1,"fTaxExempt":0,"sic":-1,"fOLQuotes":1,"dtLastHistQuote":"01/00/00 00:00:00","fGetHistQuotes":0,"d52WeekHigh":105.93,"d52WeekLow":80.5,"dSharesOutstanding":1396971000,"cbt":-1,"hcrnc":45,"hcntry":43,"fEuroPriceDownloaded":0,"fEuroDialogDisabled":0,"fWatch":0,"dCapitalization":135645890000,"frqIntPmt":-1,"sctsub":-1,"rating":-1,"dtCall":"01/00/00 00:00:00","dtLastUpdate":"11/28/02 00:00:00","dtFYI":"11/22/02 00:00:00","dBeta":0.6,"dDividendYield":1.5,"amtEPS":3.5200,"size":62800,"dtFYILastRead":"01/00/00 00:00:00","dtNewsLastRead":"01/00/00 00:00:00","dtNews":"11/28/02 00:00:00","sat":4,"fViewInCrnc":0,"dtSerial":"04/20/07 10:42:30","fCall":0,"dtExpire":"01/00/00 00:00:00","lStockScouterOverallRating":-1,"fSymDummy":0,"iBaseUnit":-1,"sguid":{"$binary": "e0MwOTkyOTRCLUJBNEMtNDFBOC05QUU2MTlCMUZCOERBMTAzfQ==", "$type": "00"},"fUpdated":1,"hcrncQuote":45,"fPence":0,"fAdvHigh":0,"fAdvLow":0,"fAdvBuy":0,"fAdvSell":0}
{"hsec":86,"szFull":"PacifiCare Health Systems, Inc.","dtMaturity":"01/00/00 00:00:00","dtSplit":"01/00/00 00:00:00","sct":1,"fHidden":1,"fTaxExempt":0,"sic":-1,"fOLQuotes":1,"dtLastHistQuote":"01/00/00 00:00:00","fGetHistQuotes":0,"d52WeekHigh":72.31,"d52WeekLow":9.81,"dSharesOutstanding":33657000,"cbt":-1,"hcrnc":45,"hcntry":43,"fEuroPriceDownloaded":0,"fEuroDialogDisabled":0,"fWatch":0,"dCapitalization":622654500,"frqIntPmt":-1,"sctsub":-1,"rating":-1,"dtCall":"01/00/00 00:00:00","dtLastUpdate":"11/28/02 00:00:00","dtFYI":"11/28/02 00:00:00","dBeta":0.52,"amtEPS":2.9000,"size":600,"dtFYILastRead":"01/00/00 00:00:00","dtNewsLastRead":"01/00/00 00:00:00","dtNews":"11/28/02 00:00:00","sat":2,"fViewInCrnc":0,"dtSerial":"04/20/07 10:42:30","fCall":0,"dtExpire":"01/00/00 00:00:00","lStockScouterOverallRating":-1,"fSymDummy":0,"iBaseUnit":-1,"sguid":{"$binary": "ezBERDY4MjZCLTYzREMtNEMzRi1BRkU1QkZCOUM5MzJGNzVBfQ==", "$type": "00"},"fUpdated":1,"hcrncQuote":45,"fPence":0,"fAdvHigh":0,"fAdvLow":0,"fAdvBuy":0,"fAdvSell":0}
{"hsec":87,"szFull":"The Phone Company","dtMaturity":"10/11/08 00:00:00","dtSplit":"01/00/00 00:00:00","sct":5,"fHidden":0,"fTaxExempt":0,"sic":-1,"fOLQuotes":1,"dtLastHistQuote":"01/00/00 00:00:00","fGetHistQuotes":0,"cbt":-1,"hcrnc":45,"hcntry":43,"fEuroPriceDownloaded":0,"fEuroDialogDisabled":0,"fWatch":0,"dIntRate":7.45,"frqIntPmt":5,"cFrqInstIntPmt":2,"sctsub":4,"rating":2,"dtCall":"10/12/03 00:00:00","dtLastUpdate":"01/00/00 00:00:00","dtFYI":"01/00/00 00:00:00","size":-1,"dtFYILastRead":"01/00/00 00:00:00","dtNewsLastRead":"01/00/00 00:00:00","dtNews":"01/00/00 00:00:00","sat":1,"fViewInCrnc":0,"dtSerial":"04/20/07 10:42:30","fCall":0,"dtExpire":"01/00/00 00:00:00","lStockScouterOverallRating":-1,"fSymDummy":0,"iBaseUnit":-1,"sguid":{"$binary": "e0ZFMzFCOUU5LTc5QzMtNEZBMi05RUNCMjAwOTY5RjM3RDE5fQ==", "$type": "00"},"fUpdated":1,"hcrncQuote":45,"fPence":0,"fAdvHigh":0,"fAdvLow":0,"fAdvBuy":0,"fAdvSell":0}
{"hsec":88,"szFull":"Blue Yonder Airlines 6.7% 11/06","dtMaturity":"05/15/08 00:00:00","dtSplit":"01/00/00 00:00:00","sct":5,"fHidden":1,"fTaxExempt":0,"sic":-1,"fOLQuotes":1,"dtLastHistQuote":"01/00/00 00:00:00","fGetHistQuotes":0,"cbt":-1,"hcrnc":45,"hcntry":43,"fEuroPriceDownloaded":0,"fEuroDialogDisabled":0,"fWatch":0,"dIntRate":6.7,"frqIntPmt":5,"cFrqInstIntPmt":2,"sctsub":4,"rating":1,"dtCall":"01/00/00 00:00:00","dtLastUpdate":"01/00/00 00:00:00","dtFYI":"01/00/00 00:00:00","size":-1,"dtFYILastRead":"01/00/00 00:00:00","dtNewsLastRead":"01/00/00 00:00:00","dtNews":"01/00/00 00:00:00","sat":1,"fViewInCrnc":0,"dtSerial":"04/20/07 10:42:30","fCall":0,"dtExpire":"01/00/00 00:00:00","lStockScouterOverallRating":-1,"fSymDummy":0,"iBaseUnit":-1,"sguid":{"$binary": "ezI0MEVFQUQyLTgwMkUtNDVGMi1BQjQxMjBGNDZCNkQ5MzI5fQ==", "$type": "00"},"fUpdated":1,"hcrncQuote":45,"fPence":0,"fAdvHigh":0,"fAdvLow":0,"fAdvBuy":0,"fAdvSell":0}
{"hsec":89,"szFull":"Proseware, Inc.","dtMaturity":"02/13/07 00:00:00","dtSplit":"01/00/00 00:00:00","sct":5,"fHidden":0,"fTaxExempt":0,"sic":-1,"fOLQuotes":1,"dtLastHistQuote":"01/00/00 00:00:00","fGetHistQuotes":0,"cbt":-1,"hcrnc":45,"hcntry":43,"fEuroPriceDownloaded":0,"fEuroDialogDisabled":0,"fWatch":0,"dIntRate":6.4,"frqIntPmt":5,"cFrqInstIntPmt":2,"sctsub":4,"rating":1,"dtCall":"09/16/02 00:00:00","dtLastUpdate":"01/00/00 00:00:00","dtFYI":"01/00/00 00:00:00","size":-1,"dtFYILastRead":"01/00/00 00:00:00","dtNewsLastRead":"01/00/00 00:00:00","dtNews":"01/00/00 00:00:00","sat":1,"fViewInCrnc":0,"dtSerial":"04/20/07 10:42:30","fCall":0,"dtExpire":"01/00/00 00:00:00","lStockScouterOverallRating":-1,"fSymDummy":0,"iBaseUnit":-1,"sguid":{"$binary": "ezlDNjcyOEYxLUY4QzgtNDhEQS05QUFCRkY5QUZDQTQ4M0JGfQ==", "$type": "00"},"fUpdated":1,"hcrncQuote":45,"fPence":0,"fAdvHigh":0,"fAdvLow":0,"fAdvBuy":0,"fAdvSell":0}
{"hsec":90,"szFull":"Wingtip Toys","dtMaturity":"09/30/06 00:00:00","dtSplit":"01/00/00 00:00:00","sct":5,"fHidden":0,"fTaxExempt":0,"sic":-1,"fOLQuotes":1,"dtLastHistQuote":"01/00/00 00:00:00","fGetHistQuotes":0,"cbt":-1,"hcrnc":45,"hcntry":43,"fEuroPriceDownloaded":0,"fEuroDialogDisabled":0,"fWatch":0,"dIntRate":7.875,"frqIntPmt":5,"cFrqInstIntPmt":2,"sctsub":4,"rating":1,"dtCall":"09/29/04 00:00:00","dtLastUpdate":"01/00/00 00:00:00","dtFYI":"01/00/00 00:00:00","size":-1,"dtFYILastRead":"01/00/00 00:00:00","dtNewsLastRead":"01/00/00 00:00:00","dtNews":"01/00/00 00:00:00","sat":1,"fViewInCrnc":0,"dtSerial":"04/20/07 10:42:30","fCall":0,"dtExpire":"01/00/00 00:00:00","lStockScouterOverallRating":-1,"fSymDummy":0,"iBaseUnit":-1,"sguid":{"$binary": "ezI2N0E2REJCLTRBRkMtNDI3Qy1BQ0M2MThFMUNFMjY4NkMxfQ==", "$type": "00"},"fUpdated":1,"hcrncQuote":45,"fPence":0,"fAdvHigh":0,"fAdvLow":0,"fAdvBuy":0,"fAdvSell":0}
{"hsec":91,"szFull":"World Importers 6.9% 9/04","dtMaturity":"03/02/06 00:00:00","dtSplit":"01/00/00 00:00:00","sct":5,"fHidden":1,"fTaxExempt":0,"sic":-1,"fOLQuotes":1,"dtLastHistQuote":"01/00/00 00:00:00","fGetHistQuotes":0,"cbt":-1,"hcrnc":45,"hcntry":43,"fEuroPriceDownloaded":0,"fEuroDialogDisabled":0,"fWatch":0,"dIntRate":6.9,"frqIntPmt":5,"cFrqInstIntPmt":2,"sctsub":4,"rating":2,"dtCall":"01/00/00 00:00:00","dtLastUpdate":"01/00/00 00:00:00","dtFYI":"01/00/00 00:00:00","size":-1,"dtFYILastRead":"01/00/00 00:00:00","dtNewsLastRead":"01/00/00 00:00:00","dtNews":"01/00/00 00:00:00","sat":1,"fViewInCrnc":0,"dtSerial":"04/20/07 10:42:30","fCall":0,"dtExpire":"01/00/00 00:00:00","lStockScouterOverallRating":-1,"fSymDummy":0,"iBaseUnit":-1,"sguid":{"$binary": "e0U2OTgyMjhGLUQ3NDUtNDg4NS05RjMzMEY4RjVCNjZEMDVBfQ==", "$type": "00"},"fUpdated":1,"hcrncQuote":45,"fPence":0,"fAdvHigh":0,"fAdvLow":0,"fAdvBuy":0,"fAdvSell":0}
{"hsec":92,"szFull":"Loan Banks","dtMaturity":"02/14/04 00:00:00","dtSplit":"01/00/00 00:00:00","sct":5,"fHidden":0,"fTaxExempt":0,"sic":-1,"fOLQuotes":1,"dtLastHistQuote":"01/00/00 00:00:00","fGetHistQuotes":0,"cbt":-1,"hcrnc":45,"hcntry":43,"fEuroPriceDownloaded":0,"fEuroDialogDisabled":0,"fWatch":0,"dIntRate":7.03,"frqIntPmt":5,"cFrqInstIntPmt":2,"sctsub":4,"rating":1,"dtCall":"02/14/03 00:00:00","dtLastUpdate":"01/00/00 00:00:00","dtFYI":"01/00/00 00:00:00","size":-1,"dtFYILastRead":"01/00/00 00:00:00","dtNewsLastRead":"01/00/00 00:00:00","dtNews":"01/00/00 00:00:00","sat":1,"fViewInCrnc":0,"dtSerial":"04/20/07 10:42:30","fCall":0,"dtExpire":"01/00/00 00:00:00","lStockScouterOverallRating":-1,"fSymDummy":0,"iBaseUnit":-1,"sguid":{"$binary": "ezNDQjA0Nzg4LUIzRTItNEVDRi04Q0UwRTA4NTFENjkyQUE2fQ==", "$type": "00"},"fUpdated":1,"hcrncQuote":45,"fPence":0,"fAdvHigh":0,"fAdvLow":0,"fAdvBuy":0,"fAdvSell":0}
{"hsec":93,"szFull":"Blue Skies Airlines 5.375% 7/07","dtMaturity":"12/29/08 00:00:00","dtSplit":"01/00/00 00:00:00","sct":5,"fHidden":1,"fTaxExempt":1,"sic":-1,"fOLQuotes":1,"dtLastHistQuote":"01/00/00 00:00:00","fGetHistQuotes":0,"cbt":-1,"hcrnc":45,"hcntry":43,"fEuroPriceDownloaded":0,"fEuroDialogDisabled":0,"fWatch":0,"dIntRate":5.375,"frqIntPmt":5,"cFrqInstIntPmt":2,"sctsub":3,"rating":1,"dtCall":"12/29/04 00:00:00","dtLastUpdate":"01/00/00 00:00:00","dtFYI":"01/00/00 00:00:00","size":-1,"dtFYILastRead":"01/00/00 00:00:00","dtNewsLastRead":"01/00/00 00:00:00","dtNews":"01/00/00 00:00:00","sat":1,"fViewInCrnc":0,"dtSerial":"04/20/07 10:42:30","fCall":0,"dtExpire":"01/00/00 00:00:00","lStockScouterOverallRating":-1,"fSymDummy":0,"iBaseUnit":-1,"sguid":{"$binary": "e0E1N0Y1QjhCLUY2MUItNDM1NC1BRUMyQjU5RjI3QTM0RUQ4fQ==", "$type": "00"},"fUpdated":1,"hcrncQuote":45,"fPence":0,"fAdvHigh":0,"fAdvLow":0,"fAdvBuy":0,"fAdvSell":0}
{"hsec":94,"szFull":"Woodgrove Money Market","dtMaturity":"01/00/00 00:00:00","dtSplit":"01/00/00 00:00:00","sct":4,"fHidden":0,"fTaxExempt":0,"sic":-1,"fOLQuotes":1,"dtLastHistQuote":"01/00/00 00:00:00","fGetHistQuotes":0,"cbt":-1,"hcrnc":45,"hcntry":43,"fEuroPriceDownloaded":0,"fEuroDialogDisabled":0,"fWatch":0,"frqIntPmt":-1,"sctsub":-1,"rating":-1,"dtCall":"01/00/00 00:00:00","dtLastUpdate":"01/00/00 00:00:00","dtFYI":"01/00/00 00:00:00","size":-1,"dtFYILastRead":"01/00/00 00:00:00","dtNewsLastRead":"01/00/00 00:00:00","dtNews":"01/00/00 00:00:00","sat":0,"fViewInCrnc":0,"dtSerial":"04/20/07 10:42:30","fCall":0,"dtExpire":"01/00/00 00:00:00","lStockScouterOverallRating":-1,"fSymDummy":0,"iBaseUnit":-1,"sguid":{"$binary": "e0M1NTRFRDNGLTZEOTQtNDQxQi1BMjA3QTFBN0M4NjRGOUI3fQ==", "$type": "00"},"fUpdated":1,"hcrncQuote":45,"fPence":0,"fAdvHigh":0,"fAdvLow":0,"fAdvBuy":0,"fAdvSell":0}
{"hsec":95,"szFull":"Fidelity Balanced","dtMaturity":"01/00/00 00:00:00","dtSplit":"01/00/00 00:00:00","sct":2,"fHidden":1,"fTaxExempt":0,"sic":-1,"fOLQuotes":1,"dtLastHistQuote":"01/00/00 00:00:00","fGetHistQuotes":0,"cbt":2,"hcrnc":45,"hcntry":43,"fEuroPriceDownloaded":0,"fEuroDialogDisabled":0,"fWatch":0,"frqIntPmt":-1,"sctsub":-1,"rating":-1,"dtCall":"01/00/00 00:00:00","dtLastUpdate":"11/28/02 00:00:00","dtFYI":"11/08/02 00:00:00","dBid":15.52,"dAsk":15.52,"dBeta":0.54,"dPercentCash":9.050000000000001,"dPercentEquity":56.76,"dPercentDebt":33.98,"dPercentOther":0.2,"size":-1,"dtFYILastRead":"01/00/00 00:00:00","dtNewsLastRead":"01/00/00 00:00:00","dtNews":"01/00/00 00:00:00","sat":-1,"fViewInCrnc":0,"dtSerial":"04/20/07 10:42:30","fCall":0,"dtExpire":"01/00/00 00:00:00","lStockScouterOverallRating":-1,"fSymDummy":0,"iBaseUnit":-1,"sguid":{"$binary": "ezU0QzZFMjgwLTczNTQtNEMwNS05QTYwMUNBMDA1QjMxMjlDfQ==", "$type": "00"},"fUpdated":1,"hcrncQuote":45,"fPence":0,"fAdvHigh":0,"fAdvLow":0,"fAdvBuy":0,"fAdvSell":0}
{"hsec":96,"szFull":"Fidelity Contrafund","dtMaturity":"01/00/00 00:00:00","dtSplit":"01/00/00 00:00:00","sct":2,"fHidden":1,"fTaxExempt":0,"sic":-1,"fOLQuotes":1,"dtLastHistQuote":"01/00/00 00:00:00","fGetHistQuotes":0,"cbt":2,"hcrnc":45,"hcntry":43,"fEuroPriceDownloaded":0,"fEuroDialogDisabled":0,"fWatch":0,"frqIntPmt":-1,"sctsub":-1,"rating":-1,"dtCall":"01/00/00 00:00:00","dtLastUpdate":"11/28/02 00:00:00","dtFYI":"11/08/02 00:00:00","dBid":45.2,"dAsk":46.6,"dBeta":0.84,"dPercentCash":9.050000000000001,"dPercentEquity":88.52,"dPercentDebt":2.43,"dPercentOther":0,"size":-1,"dtFYILastRead":"01/00/00 00:00:00","dtNewsLastRead":"01/00/00 00:00:00","dtNews":"01/00/00 00:00:00","sat":4,"fViewInCrnc":0,"dtSerial":"04/20/07 10:42:30","fCall":0,"dtExpire":"01/00/00 00:00:00","lStockScouterOverallRating":-1,"fSymDummy":0,"iBaseUnit":-1,"sguid":{"$binary": "e0YyRjI1NzFELTVCM0YtNDM0QS05RjAwRjgzQTcwOUQzMjNEfQ==", "$type": "00"},"fUpdated":1,"hcrncQuote":45,"fPence":0,"fAdvHigh":0,"fAdvLow":0,"fAdvBuy":0,"fAdvSell":0}
{"hsec":97,"szFull":"Fidelity Growth & Income","dtMaturity":"01/00/00 00:00:00","dtSplit":"01/00/00 00:00:00","sct":2,"fHidden":1,"fTaxExempt":0,"sic":-1,"fOLQuotes":1,"dtLastHistQuote":"01/00/00 00:00:00","fGetHistQuotes":0,"cbt":2,"hcrnc":45,"hcntry":43,"fEuroPriceDownloaded":0,"fEuroDialogDisabled":0,"fWatch":0,"frqIntPmt":-1,"sctsub":-1,"rating":-1,"dtCall":"01/00/00 00:00:00","dtLastUpdate":"11/28/02 00:00:00","dtFYI":"11/08/02 00:00:00","dBid":39.91,"dAsk":39.91,"dBeta":0.8,"dPercentCash":3.15,"dPercentEquity":95.81999999999999,"dPercentDebt":0.18,"dPercentOther":0.86,"size":-1,"dtFYILastRead":"01/00/00 00:00:00","dtNewsLastRead":"01/00/00 00:00:00","dtNews":"01/00/00 00:00:00","sat":4,"fViewInCrnc":0,"dtSerial":"04/20/07 10:42:30","fCall":0,"dtExpire":"01/00/00 00:00:00","lStockScouterOverallRating":-1,"fSymDummy":0,"iBaseUnit":-1,"sguid":{"$binary": "ezlDRDExOUZGLTM0N0ItNEY0MS1CMjRBQkNDRkI5NUVDMzQxfQ==", "$type": "00"},"fUpdated":1,"hcrncQuote":45,"fPence":0,"fAdvHigh":0,"fAdvLow":0,"fAdvBuy":0,"fAdvSell":0}
{"hsec":98,"szFull":"Adatum Corp","szSymbol":"ADM","dtMaturity":"01/00/00 00:00:00","dtSplit":"08/30/02 00:00:00","sct":1,"fHidden":0,"fTaxExempt":0,"sic":-1,"fOLQuotes":1,"dtLastHistQuote":"04/27/07 00:00:00","fGetHistQuotes":0,"d52WeekHigh":45.05,"d52WeekLow":30.2,"dSharesOutstanding":652729200,"cbt":-1,"hcrnc":45,"hcntry":43,"fEuroPriceDownloaded":0,"fEuroDialogDisabled":0,"fWatch":0,"dCapitalization":23661433500,"frqIntPmt":-1,"sctsub":-1,"rating":-1,"dtCall":"01/00/00 00:00:00","dtLastUpdate":"07/10/07 08:36:58","dtFYI":"07/09/07 00:00:00","dBeta":0.62,"dDividendYield":1.27,"amtEPS":2.4600,"size":100,"dtFYILastRead":"01/00/00 00:00:00","dtNewsLastRead":"01/00/00 00:00:00","dtNews":"07/06/07 12:16:00","sat":4,"fViewInCrnc":0,"dtSerial":"04/20/07 10:42:30","fCall":0,"dtExpire":"01/00/00 00:00:00","lStockScouterOverallRating":5,"fSymDummy":0,"iBaseUnit":-1,"sguid":{"$binary": "ezhFRjY4RjFELTVEQTUtNDU5OS1CNTA0QUUyRkQ0NEE2MUU5fQ==", "$type": "00"},"fUpdated":1,"hcrncQuote":45,"fPence":0,"fAdvHigh":0,"fAdvLow":0,"fAdvBuy":0,"fAdvSell":0}
{"hsec":99,"szFull":"America Online","dtMaturity":"01/00/00 00:00:00","dtSplit":"05/23/01 00:00:00","sct":1,"fHidden":1,"fTaxExempt":0,"sic":-1,"fOLQuotes":1,"dtLastHistQuote":"01/00/00 00:00:00","fGetHistQuotes":0,"d52WeekHigh":74.62,"d52WeekLow":31.5,"dSharesOutstanding":4350100000,"cbt":-1,"hcrnc":45,"hcntry":43,"fEuroPriceDownloaded":0,"fEuroDialogDisabled":0,"fWatch":0,"dCapitalization":204802715965.271,"frqIntPmt":-1,"sctsub":-1,"rating":-1,"dtCall":"01/00/00 00:00:00","dtLastUpdate":"09/04/02 00:00:00","dtFYI":"09/01/02 00:00:00","dBeta":2.59,"amtEPS":-0.9200,"size":200,"dtFYILastRead":"01/00/00 00:00:00","dtNewsLastRead":"01/00/00 00:00:00","dtNews":"09/04/02 00:00:00","sat":4,"fViewInCrnc":0,"dtSerial":"04/20/07 10:42:30","fCall":0,"dtExpire":"01/00/00 00:00:00","lStockScouterOverallRating":-1,"fSymDummy":0,"iBaseUnit":-1,"sguid":{"$binary": "e0ZFOTM1OUNELTFEM0MtNDdCRS1CNzI4REFFM0VDNjQ0MkM3fQ==", "$type": "00"},"fUpdated":1,"hcrncQuote":45,"fPence":0,"fAdvHigh":0,"fAdvLow":0,"fAdvBuy":0,"fAdvSell":0}
{"hsec":100,"szFull":"Avery Dennison","dtMaturity":"01/00/00 00:00:00","dtSplit":"01/00/00 00:00:00","sct":1,"fHidden":1,"fTaxExempt":0,"sic":-1,"fOLQuotes":1,"dtLastHistQuote":"01/00/00 00:00:00","fGetHistQuotes":0,"d52WeekHigh":70.62,"d52WeekLow":41.12,"dSharesOutstanding":97326000,"cbt":-1,"hcrnc":45,"hcntry":43,"fEuroPriceDownloaded":0,"fEuroDialogDisabled":0,"fWatch":0,"dCapitalization":5248791209.70154,"frqIntPmt":-1,"sctsub":-1,"rating":-1,"dtCall":"01/00/00 00:00:00","dtLastUpdate":"09/04/02 00:00:00","dtFYI":"09/04/02 00:00:00","dBeta":0.65,"dDividendYield":2.2,"amtEPS":2.8400,"size":100,"dtFYILastRead":"01/00/00 00:00:00","dtNewsLastRead":"01/00/00 00:00:00","dtNews":"08/14/02 00:00:00","sat":4,"fViewInCrnc":0,"dtSerial":"04/20/07 10:42:30","fCall":0,"dtExpire":"01/00/00 00:00:00","lStockScouterOverallRating":-1,"fSymDummy":0,"iBaseUnit":-1,"sguid":{"$binary": "ezk2NjMyNERCLUEyQzEtNEE4My05Q0Y2OEQzN0E1RDFFNzc3fQ==", "$type": "00"},"fUpdated":1,"hcrncQuote":45,"fPence":0,"fAdvHigh":0,"fAdvLow":0,"fAdvBuy":0,"fAdvSell":0}
{"hsec":101,"szFull":"EBay","dtMaturity":"01/00/00 00:00:00","dtSplit":"11/23/01 00:00:00","sct":1,"fHidden":1,"fTaxExempt":0,"sic":-1,"fOLQuotes":1,"dtLastHistQuote":"01/00/00 00:00:00","fGetHistQuotes":0,"d52WeekHigh":127.5,"d52WeekLow":26.75,"dSharesOutstanding":267897000,"cbt":-1,"hcrnc":45,"hcntry":43,"fEuroPriceDownloaded":0,"fEuroDialogDisabled":0,"fWatch":0,"dCapitalization":11193071531.25,"frqIntPmt":-1,"sctsub":-1,"rating":-1,"dtCall":"01/00/00 00:00:00","dtLastUpdate":"09/04/02 00:00:00","dtFYI":"08/29/02 00:00:00","dBid":41.75,"dAsk":41.8125,"dBeta":3.68,"amtEPS":0.1700,"size":400,"dtFYILastRead":"01/00/00 00:00:00","dtNewsLastRead":"01/00/00 00:00:00","dtNews":"09/03/02 00:00:00","sat":4,"fViewInCrnc":0,"dtSerial":"04/20/07 10:42:30","fCall":0,"dtExpire":"01/00/00 00:00:00","lStockScouterOverallRating":-1,"fSymDummy":0,"iBaseUnit":-1,"sguid":{"$binary": "e0RDQ0NBNDcwLUIzQjgtNEI0OS1BNzVCQ0VGQUIxM0IwQzQ1fQ==", "$type": "00"},"fUpdated":1,"hcrncQuote":45,"fPence":0,"fAdvHigh":0,"fAdvLow":0,"fAdvBuy":0,"fAdvSell":0}
{"hsec":102,"szFull":"Walt Disney Company","dtMaturity":"01/00/00 00:00:00","dtSplit":"01/00/00 00:00:00","sct":1,"fHidden":0,"fTaxExempt":0,"sic":-1,"fOLQuotes":1,"mUIDType":"CUSIP","dtLastHistQuote":"01/00/00 00:00:00","fGetHistQuotes":0,"d52WeekHigh":43.87,"d52WeekLow":26,"dSharesOutstanding":2089955000,"cbt":-1,"hcrnc":45,"hcntry":43,"fEuroPriceDownloaded":0,"fEuroDialogDisabled":0,"fWatch":0,"dCapitalization":66418771335.05822,"frqIntPmt":-1,"sctsub":-1,"rating":-1,"dtCall":"01/00/00 00:00:00","dtLastUpdate":"11/28/02 00:00:00","dtFYI":"11/24/02 00:00:00","dBeta":0.85,"dDividendYield":0.7,"amtEPS":0.2200,"size":52100,"dtFYILastRead":"01/00/00 00:00:00","dtNewsLastRead":"01/00/00 00:00:00","dtNews":"11/28/02 00:00:00","sat":4,"fViewInCrnc":0,"dtSerial":"04/20/07 10:42:30","fCall":0,"dtExpire":"01/00/00 00:00:00","lStockScouterOverallRating":-1,"fSymDummy":0,"iBaseUnit":-1,"sguid":{"$binary": "ezUyMDBEMjlBLUUxMUQtNEE1OC1BOTU1QzQ1RTA3OTFFMDg0fQ==", "$type": "00"},"fUpdated":1,"hcrncQuote":45,"fPence":0,"fAdvHigh":0,"fAdvLow":0,"fAdvBuy":0,"fAdvSell":0}
{"hsec":103,"szFull":"McDonalds","dtMaturity":"01/00/00 00:00:00","dtSplit":"01/00/00 00:00:00","sct":1,"fHidden":0,"fTaxExempt":0,"sic":-1,"fOLQuotes":1,"dtLastHistQuote":"01/00/00 00:00:00","fGetHistQuotes":0,"d52WeekHigh":39.93,"d52WeekLow":24.75,"dSharesOutstanding":1293287000,"cbt":-1,"hcrnc":45,"hcntry":43,"fEuroPriceDownloaded":0,"fEuroDialogDisabled":0,"fWatch":0,"dCapitalization":39690978720.68978,"frqIntPmt":-1,"sctsub":-1,"rating":-1,"dtCall":"01/00/00 00:00:00","dtLastUpdate":"11/28/02 00:00:00","dtFYI":"11/20/02 00:00:00","dBeta":0.67,"dDividendYield":0.7,"amtEPS":1.4300,"size":28600,"dtFYILastRead":"01/00/00 00:00:00","dtNewsLastRead":"01/00/00 00:00:00","dtNews":"11/28/02 00:00:00","sat":4,"fViewInCrnc":0,"dtSerial":"04/20/07 10:42:30","fCall":0,"dtExpire":"01/00/00 00:00:00","lStockScouterOverallRating":-1,"fSymDummy":0,"iBaseUnit":-1,"sguid":{"$binary": "ezQ3RUZGRDU5LTRGM0ItNEI0Qi1CMjEzMkE1QkQ2RTIxQURBfQ==", "$type": "00"},"fUpdated":1,"hcrncQuote":45,"fPence":0,"fAdvHigh":0,"fAdvLow":0,"fAdvBuy":0,"fAdvSell":0}
{"hsec":104,"szFull":"Toys R Us","dtMaturity":"01/00/00 00:00:00","dtSplit":"01/00/00 00:00:00","sct":1,"fHidden":0,"fTaxExempt":0,"sic":-1,"fOLQuotes":1,"dtLastHistQuote":"01/00/00 00:00:00","fGetHistQuotes":0,"d52WeekHigh":31,"d52WeekLow":13.81,"dSharesOutstanding":197552000,"cbt":-1,"hcrnc":45,"hcntry":43,"fEuroPriceDownloaded":0,"fEuroDialogDisabled":0,"fWatch":0,"dCapitalization":5543309014.49585,"frqIntPmt":-1,"sctsub":-1,"rating":-1,"dtCall":"01/00/00 00:00:00","dtLastUpdate":"11/28/02 00:00:00","dtFYI":"11/22/02 00:00:00","dBeta":0.61,"amtEPS":0.7800,"size":4200,"dtFYILastRead":"01/00/00 00:00:00","dtNewsLastRead":"01/00/00 00:00:00","dtNews":"11/28/02 00:00:00","sat":4,"fViewInCrnc":0,"dtSerial":"04/20/07 10:42:30","fCall":0,"dtExpire":"01/00/00 00:00:00","lStockScouterOverallRating":-1,"fSymDummy":0,"iBaseUnit":-1,"sguid":{"$binary": "e0VEQURFQUQ2LUMzNTMtNDY0RC04REY0QzdCQUQzQjYyNzBFfQ==", "$type": "00"},"fUpdated":1,"hcrncQuote":45,"fPence":0,"fAdvHigh":0,"fAdvLow":0,"fAdvBuy":0,"fAdvSell":0}
{"hsec":105,"szFull":"Woodgrove Money Market Fund","szSymbol":"WGMXX","dtMaturity":"01/00/00 00:00:00","dtSplit":"01/00/00 00:00:00","sct":2,"fHidden":0,"fTaxExempt":0,"sic":-1,"fOLQuotes":1,"mUIDType":"CUSIP","mUID":"808515100","dtLastHistQuote":"08/01/02 00:00:00","fGetHistQuotes":0,"d52WeekHigh":5.06,"d52WeekLow":0.01,"cbt":2,"hcrnc":45,"hcntry":43,"fEuroPriceDownloaded":0,"fEuroDialogDisabled":0,"fWatch":0,"frqIntPmt":-1,"sctsub":-1,"rating":-1,"dtCall":"01/00/00 00:00:00","dtLastUpdate":"07/09/07 15:08:48","dtFYI":"01/00/00 00:00:00","size":-1,"dtFYILastRead":"01/00/00 00:00:00","dtNewsLastRead":"01/00/00 00:00:00","dtNews":"01/00/00 00:00:00","sat":-1,"fViewInCrnc":0,"dtSerial":"04/20/07 10:42:30","fCall":0,"dtExpire":"01/00/00 00:00:00","lStockScouterOverallRating":-1,"fSymDummy":0,"iBaseUnit":-1,"sguid":{"$binary": "e0I5RTQ2OEJBLUNERkQtNDVBOS04NDg0NDAzNEU5MDAzODg2fQ==", "$type": "00"},"fUpdated":1,"hcrncQuote":45,"fPence":0,"fAdvHigh":0,"fAdvLow":0,"fAdvBuy":0,"fAdvSell":0}
{"hsec":106,"szFull":"Procter & Gamble","dtMaturity":"01/00/00 00:00:00","dtSplit":"01/00/00 00:00:00","sct":1,"fHidden":1,"fTaxExempt":0,"sic":-1,"fOLQuotes":1,"mUIDType":"CUSIP","dtLastHistQuote":"01/00/00 00:00:00","fGetHistQuotes":0,"d52WeekHigh":79.31,"d52WeekLow":53.25,"dSharesOutstanding":1295147000,"cbt":-1,"hcrnc":45,"hcntry":43,"fEuroPriceDownloaded":0,"fEuroDialogDisabled":0,"fWatch":0,"dCapitalization":83368615947.22748,"frqIntPmt":-1,"sctsub":-1,"rating":-1,"dtCall":"01/00/00 00:00:00","dtLastUpdate":"11/28/02 00:00:00","dtFYI":"11/20/02 00:00:00","dBeta":0.37,"dDividendYield":2.2,"amtEPS":2.6600,"size":31500,"dtFYILastRead":"01/00/00 00:00:00","dtNewsLastRead":"01/00/00 00:00:00","dtNews":"11/24/02 00:00:00","sat":4,"fViewInCrnc":0,"dtSerial":"04/20/07 10:42:30","fCall":0,"dtExpire":"01/00/00 00:00:00","lStockScouterOverallRating":-1,"fSymDummy":0,"iBaseUnit":-1,"sguid":{"$binary": "ezA2RjYxODQ1LUQ0QzEtNENBMS1BQjkwMzhBQzk2QzYxM0ZGfQ==", "$type": "00"},"fUpdated":1,"hcrncQuote":45,"fPence":0,"fAdvHigh":0,"fAdvLow":0,"fAdvBuy":0,"fAdvSell":0}
{"hsec":107,"szFull":"Janus Ent Fund","dtMaturity":"01/00/00 00:00:00","dtSplit":"01/00/00 00:00:00","sct":2,"fHidden":1,"fTaxExempt":0,"sic":-1,"fOLQuotes":1,"dtLastHistQuote":"01/00/00 00:00:00","fGetHistQuotes":0,"cbt":2,"hcrnc":45,"hcntry":43,"fEuroPriceDownloaded":0,"fEuroDialogDisabled":0,"fWatch":0,"frqIntPmt":-1,"sctsub":-1,"rating":-1,"dtCall":"01/00/00 00:00:00","dtLastUpdate":"11/28/02 00:00:00","dtFYI":"11/08/02 00:00:00","dBid":40.3,"dAsk":40.3,"dBeta":1.59,"dPercentCash":3.57,"dPercentEquity":96.43000000000001,"dPercentDebt":0,"dPercentOther":0,"size":-1,"dtFYILastRead":"01/00/00 00:00:00","dtNewsLastRead":"01/00/00 00:00:00","dtNews":"01/00/00 00:00:00","sat":3,"fViewInCrnc":0,"dtSerial":"04/20/07 10:42:30","fCall":0,"dtExpire":"01/00/00 00:00:00","lStockScouterOverallRating":-1,"fSymDummy":0,"iBaseUnit":-1,"sguid":{"$binary": "e0VEMDI5MzZBLTJEREQtNEM3MS1BQTI1REM0MDVBOUMzRDcyfQ==", "$type": "00"},"fUpdated":1,"hcrncQuote":45,"fPence":0,"fAdvHigh":0,"fAdvLow":0,"fAdvBuy":0,"fAdvSell":0}
{"hsec":108,"szFull":"Margie's Travel","dtMaturity":"01/00/00 00:00:00","dtSplit":"01/00/00 00:00:00","sct":1,"fHidden":1,"fTaxExempt":0,"sic":-1,"fOLQuotes":1,"dtLastHistQuote":"01/00/00 00:00:00","fGetHistQuotes":0,"d52WeekHigh":35.12,"d52WeekLow":6.43,"dSharesOutstanding":25288000,"cbt":-1,"hcrnc":45,"hcntry":43,"fEuroPriceDownloaded":0,"fEuroDialogDisabled":0,"fWatch":0,"dCapitalization":184602404.8233,"frqIntPmt":-1,"sctsub":-1,"rating":-1,"dtCall":"01/00/00 00:00:00","dtLastUpdate":"10/15/02 00:00:00","dtFYI":"10/09/02 00:00:00","dBid":7.38,"dAsk":7.55,"dBeta":2.05,"amtEPS":-0.2400,"size":300,"dtFYILastRead":"01/00/00 00:00:00","dtNewsLastRead":"01/00/00 00:00:00","dtNews":"10/01/02 00:00:00","sat":2,"fViewInCrnc":0,"dtSerial":"04/20/07 10:42:30","fCall":0,"dtExpire":"01/00/00 00:00:00","lStockScouterOverallRating":-1,"fSymDummy":0,"iBaseUnit":-1,"sguid":{"$binary": "ezk5RTdGM0VELTFGNTEtNEU3Ny04QTIzRkFDMzJGNzYyMkUwfQ==", "$type": "00"},"fUpdated":1,"hcrncQuote":45,"fPence":0,"fAdvHigh":0,"fAdvLow":0,"fAdvBuy":0,"fAdvSell":0}
{"hsec":109,"szFull":"German Stock","dtMaturity":"01/00/00 00:00:00","dtSplit":"01/00/00 00:00:00","sct":1,"fHidden":1,"fTaxExempt":0,"sic":-1,"fOLQuotes":1,"dtLastHistQuote":"01/00/00 00:00:00","fGetHistQuotes":0,"cbt":-1,"hcrnc":44,"hcntry":43,"fEuroPriceDownloaded":0,"fEuroDialogDisabled":0,"fWatch":0,"frqIntPmt":-1,"sctsub":-1,"rating":-1,"dtCall":"01/00/00 00:00:00","dtLastUpdate":"01/00/00 00:00:00","dtFYI":"01/00/00 00:00:00","dPercentEquity":100,"size":-1,"dtFYILastRead":"01/00/00 00:00:00","dtNewsLastRead":"01/00/00 00:00:00","dtNews":"01/00/00 00:00:00","sat":-1,"fViewInCrnc":0,"dtSerial":"04/20/07 10:42:30","fCall":0,"dtExpire":"01/00/00 00:00:00","lStockScouterOverallRating":-1,"fSymDummy":0,"iBaseUnit":-1,"sguid":{"$binary": "e0EzRkVBMzUwLTFGRTUtNDIxMy05OUJGMUQwRkI1QTVGRTI0fQ==", "$type": "00"},"fUpdated":1,"hcrncQuote":44,"fPence":0,"fAdvHigh":0,"fAdvLow":0,"fAdvBuy":0,"fAdvSell":0}
{"hsec":110,"szFull":"Microsoft Corporation","dtMaturity":"01/00/00 00:00:00","dtSplit":"01/00/00 00:00:00","sct":1,"fHidden":1,"fTaxExempt":0,"sic":-1,"fOLQuotes":1,"dtLastHistQuote":"01/00/00 00:00:00","fGetHistQuotes":0,"d52WeekHigh":82.87,"d52WeekLow":40.25,"dSharesOutstanding":5382102000,"cbt":-1,"hcrnc":45,"hcntry":43,"fEuroPriceDownloaded":0,"fEuroDialogDisabled":0,"fWatch":0,"dCapitalization":372387650519.8975,"frqIntPmt":-1,"sctsub":-1,"rating":-1,"dtCall":"01/00/00 00:00:00","dtLastUpdate":"11/28/02 00:00:00","dtFYI":"11/18/02 00:00:00","dBid":69.18000000000001,"dAsk":69.19,"dBeta":1.8,"amtEPS":1.8100,"size":500,"dtFYILastRead":"01/00/00 00:00:00","dtNewsLastRead":"01/00/00 00:00:00","dtNews":"11/28/02 00:00:00","sat":4,"fViewInCrnc":0,"dtSerial":"04/20/07 10:42:30","dPctVestFirst":5,"dPctVestNext":5,"dPeriodExpire":10,"dPeriodVestNext":6,"dVestFirst":6,"fCall":0,"dtExpire":"01/00/00 00:00:00","lStockScouterOverallRating":-1,"fSymDummy":0,"iBaseUnit":-1,"sguid":{"$binary": "ezEyNzkzRjg0LUE1NEEtNDhGRC04ODlBRDAwODdBOEY3NkExfQ==", "$type": "00"},"fUpdated":1,"hcrncQuote":45,"fPence":0,"fAdvHigh":0,"fAdvLow":0,"fAdvBuy":0,"fAdvSell":0}
{"hsec":111,"szFull":"emc","dtMaturity":"01/00/00 00:00:00","dtSplit":"12/04/01 00:00:00","sct":1,"fHidden":1,"fTaxExempt":0,"sic":-1,"fOLQuotes":1,"dtLastHistQuote":"01/00/00 00:00:00","fGetHistQuotes":0,"cbt":-1,"hcrnc":45,"hcntry":43,"fEuroPriceDownloaded":0,"fEuroDialogDisabled":0,"fWatch":0,"frqIntPmt":-1,"sctsub":-1,"rating":-1,"dtCall":"01/00/00 00:00:00","dtLastUpdate":"01/00/00 00:00:00","dtFYI":"01/00/00 00:00:00","dPercentEquity":100,"size":-1,"dtFYILastRead":"01/00/00 00:00:00","dtNewsLastRead":"01/00/00 00:00:00","dtNews":"01/00/00 00:00:00","sat":-1,"fViewInCrnc":0,"dtSerial":"04/20/07 10:42:30","fCall":0,"dtExpire":"01/00/00 00:00:00","lStockScouterOverallRating":-1,"fSymDummy":0,"iBaseUnit":-1,"sguid":{"$binary": "ezdEQzk3QjQ5LUYwREUtNEExOC05REQ5NEM2M0I4MzAzQjM2fQ==", "$type": "00"},"fUpdated":1,"hcrncQuote":45,"fPence":0,"fAdvHigh":0,"fAdvLow":0,"fAdvBuy":0,"fAdvSell":0}
{"hsec":112,"szFull":"New Bond","dtMaturity":"01/00/00 00:00:00","dtSplit":"01/00/00 00:00:00","sct":5,"fHidden":0,"fTaxExempt":0,"sic":-1,"fOLQuotes":1,"dtLastHistQuote":"01/00/00 00:00:00","fGetHistQuotes":0,"cbt":-1,"hcrnc":45,"hcntry":43,"fEuroPriceDownloaded":0,"fEuroDialogDisabled":0,"fWatch":0,"frqIntPmt":-1,"sctsub":-1,"rating":-1,"dtCall":"01/00/00 00:00:00","dtLastUpdate":"01/00/00 00:00:00","dtFYI":"01/00/00 00:00:00","dPercentDebt":100,"size":-1,"dtFYILastRead":"01/00/00 00:00:00","dtNewsLastRead":"01/00/00 00:00:00","dtNews":"01/00/00 00:00:00","sat":1,"fViewInCrnc":0,"dtSerial":"04/20/07 10:42:30","fCall":0,"dtExpire":"01/00/00 00:00:00","lStockScouterOverallRating":-1,"fSymDummy":0,"iBaseUnit":-1,"sguid":{"$binary": "ezMzQ0UzQzRDLUEzQzYtNDdFMi04MjRENjI1NzgwOEQzMkE4fQ==", "$type": "00"},"fUpdated":1,"hcrncQuote":45,"fPence":0,"fAdvHigh":0,"fAdvLow":0,"fAdvBuy":0,"fAdvSell":0}
{"hsec":113,"szFull":"Microsoft Corporation 1999 Grant","dtMaturity":"01/00/00 00:00:00","dtSplit":"01/00/00 00:00:00","sct":8,"fHidden":1,"fTaxExempt":0,"sic":-1,"fOLQuotes":0,"dtLastHistQuote":"01/00/00 00:00:00","fGetHistQuotes":0,"cbt":-1,"hcrnc":45,"hcntry":43,"fEuroPriceDownloaded":0,"fEuroDialogDisabled":0,"fWatch":0,"hsecLink":110,"frqIntPmt":-1,"sctsub":-1,"rating":-1,"dtCall":"01/00/00 00:00:00","dtLastUpdate":"01/00/00 00:00:00","dtFYI":"01/00/00 00:00:00","size":-1,"dtFYILastRead":"01/00/00 00:00:00","dtNewsLastRead":"01/00/00 00:00:00","dtNews":"01/00/00 00:00:00","sat":-1,"fViewInCrnc":0,"dtSerial":"04/20/07 10:42:30","fCall":0,"dtExpire":"01/00/00 00:00:00","lStockScouterOverallRating":-1,"fSymDummy":0,"iBaseUnit":-1,"sguid":{"$binary": "ezRCN0I1OTIyLUYwQkYtNEIyOC1CMjg0QkY3RDhBNTU2RUVFfQ==", "$type": "00"},"fUpdated":1,"hcrncQuote":45,"fPence":0,"fAdvHigh":0,"fAdvLow":0,"fAdvBuy":0,"fAdvSell":0}
{"hsec":114,"szFull":"Microsoft","szSymbol":"MSFT","dtMaturity":"01/00/00 00:00:00","dtSplit":"02/18/04 00:00:00","sct":1,"fHidden":0,"fTaxExempt":0,"sic":-1,"fOLQuotes":1,"dtLastHistQuote":"03/04/06 00:00:00","fGetHistQuotes":0,"d52WeekHigh":31.48,"d52WeekLow":22.23,"dSharesOutstanding":9566809000,"cbt":-1,"hcrnc":45,"hcntry":43,"fEuroPriceDownloaded":0,"fEuroDialogDisabled":0,"fWatch":0,"dCapitalization":286143255730.2208,"frqIntPmt":-1,"sctsub":-1,"rating":-1,"dtCall":"01/00/00 00:00:00","dtLastUpdate":"07/10/07 08:37:36","dtFYI":"06/19/07 00:00:00","dBid":29.91,"dAsk":29.92,"dBeta":1.08,"dDividendYield":1.34,"amtEPS":1.3900,"size":100,"dtFYILastRead":"01/00/00 00:00:00","dtNewsLastRead":"01/00/00 00:00:00","dtNews":"07/10/07 11:23:00","sat":4,"fViewInCrnc":0,"dtSerial":"04/20/07 10:42:30","fCall":0,"dtExpire":"01/00/00 00:00:00","lStockScouterOverallRating":8,"fSymDummy":0,"iBaseUnit":-1,"sguid":{"$binary": "e0Y0ODUxOEY4LUFEM0YtNDI5OC05OUU0MzNGMzc3MEU1NEQ2fQ==", "$type": "00"},"fUpdated":1,"hcrncQuote":45,"fPence":0,"fAdvHigh":0,"fAdvLow":0,"fAdvBuy":0,"fAdvSell":0}
{"hsec":115,"szFull":"Oakmark Fund","dtMaturity":"01/00/00 00:00:00","dtSplit":"01/00/00 00:00:00","sct":2,"fHidden":0,"fTaxExempt":0,"sic":-1,"fOLQuotes":1,"dtLastHistQuote":"01/00/00 00:00:00","fGetHistQuotes":0,"cbt":2,"hcrnc":45,"hcntry":43,"fEuroPriceDownloaded":0,"fEuroDialogDisabled":0,"fWatch":0,"frqIntPmt":-1,"sctsub":-1,"rating":-1,"dtCall":"01/00/00 00:00:00","dtLastUpdate":"01/00/00 00:00:00","dtFYI":"01/00/00 00:00:00","size":-1,"dtFYILastRead":"01/00/00 00:00:00","dtNewsLastRead":"01/00/00 00:00:00","dtNews":"01/00/00 00:00:00","sat":-1,"fViewInCrnc":0,"dtSerial":"04/20/07 10:42:30","fCall":0,"dtExpire":"01/00/00 00:00:00","lStockScouterOverallRating":-1,"fSymDummy":0,"iBaseUnit":-1,"sguid":{"$binary": "ezBFODk1NkI1LUNERjgtNDU4Ni1BODhCMzYxQTJFRkFFMzNFfQ==", "$type": "00"},"fUpdated":1,"hcrncQuote":45,"fPence":0,"fAdvHigh":0,"fAdvLow":0,"fAdvBuy":0,"fAdvSell":0}
{"hsec":116,"szFull":"White Oak Growth Stock","dtMaturity":"01/00/00 00:00:00","dtSplit":"01/00/00 00:00:00","sct":1,"fHidden":0,"fTaxExempt":0,"sic":-1,"fOLQuotes":1,"dtLastHistQuote":"01/00/00 00:00:00","fGetHistQuotes":0,"cbt":-1,"hcrnc":45,"hcntry":43,"fEuroPriceDownloaded":0,"fEuroDialogDisabled":0,"fWatch":0,"frqIntPmt":-1,"sctsub":-1,"rating":-1,"dtCall":"01/00/00 00:00:00","dtLastUpdate":"01/00/00 00:00:00","dtFYI":"01/00/00 00:00:00","size":-1,"dtFYILastRead":"01/00/00 00:00:00","dtNewsLastRead":"01/00/00 00:00:00","dtNews":"01/00/00 00:00:00","sat":-1,"fViewInCrnc":0,"dtSerial":"04/20/07 10:42:30","fCall":0,"dtExpire":"01/00/00 00:00:00","lStockScouterOverallRating":-1,"fSymDummy":0,"iBaseUnit":-1,"sguid":{"$binary": "ezVGRENFQzAyLUQ4QjYtNEUyRS1COUZEOUQ0MUU5MERFRTU5fQ==", "$type": "00"},"fUpdated":1,"hcrncQuote":45,"fPence":0,"fAdvHigh":0,"fAdvLow":0,"fAdvBuy":0,"fAdvSell":0}
{"hsec":117,"szFull":"*Cash*","sct":9,"fHidden":0,"fTaxExempt":0,"sic":-1,"fOLQuotes":0,"fGetHistQuotes":0,"hcrnc":45,"hcntry":43,"fEuroPriceDownloaded":0,"fEuroDialogDisabled":0,"fWatch":0,"size":-1,"sat":-1,"fViewInCrnc":0,"dtSerial":"04/20/07 10:42:30","fCall":0,"fSymDummy":0,"sguid":{"$binary": "ezU5NUMyNzYyLUE1NDEtNEU0NS04ODg2QTJEODJFMTc2NzJEfQ==", "$type": "00"},"fUpdated":1,"hcrncQuote":45,"fPence":0,"fAdvHigh":0,"fAdvLow":0,"fAdvBuy":0,"fAdvSell":0}
{"hsec":118,"szFull":"FrogKick Scuba Gear","szSymbol":"FKSG","dtMaturity":"01/00/00 00:00:00","dtSplit":"01/00/00 00:00:00","sct":1,"fHidden":0,"fTaxExempt":0,"sic":-1,"fOLQuotes":1,"mUIDType":"CUSIP","mUID":"293562104","dtLastHistQuote":"01/00/00 00:00:00","fGetHistQuotes":0,"cbt":-1,"hcrnc":45,"hcntry":43,"fEuroPriceDownloaded":0,"fEuroDialogDisabled":0,"fWatch":0,"frqIntPmt":-1,"sctsub":-1,"rating":-1,"dtCall":"01/00/00 00:00:00","dtLastUpdate":"01/00/00 00:00:00","dtFYI":"01/00/00 00:00:00","size":-1,"dtFYILastRead":"01/00/00 00:00:00","dtNewsLastRead":"01/00/00 00:00:00","dtNews":"01/00/00 00:00:00","sat":-1,"fViewInCrnc":0,"dtSerial":"04/20/07 10:42:30","fCall":0,"dtExpire":"01/00/00 00:00:00","lStockScouterOverallRating":-1,"fSymDummy":0,"iBaseUnit":-1,"sguid":{"$binary": "e0NENjEyQzdCLUVFRDEtNDJENi04NTUxNUM2QkJCQzlCN0Y3fQ==", "$type": "00"},"fUpdated":1,"hcrncQuote":45,"fPence":0,"fAdvHigh":0,"fAdvLow":0,"fAdvBuy":0,"DtAdvBuy":"01/00/00 00:00:00","fAdvSell":0,"DtAdvSell":"01/00/00 00:00:00"}
{"hsec":119,"szFull":"WoodGrove Bank Stock","szSymbol":"WDGRVE","dtMaturity":"01/00/00 00:00:00","dtSplit":"01/00/00 00:00:00","sct":1,"fHidden":0,"fTaxExempt":0,"sic":-1,"fOLQuotes":1,"dtLastHistQuote":"01/00/00 00:00:00","fGetHistQuotes":0,"cbt":-1,"hcrnc":45,"hcntry":43,"fEuroPriceDownloaded":0,"fEuroDialogDisabled":0,"fWatch":0,"frqIntPmt":-1,"sctsub":-1,"rating":-1,"dtCall":"01/00/00 00:00:00","dtLastUpdate":"01/00/00 00:00:00","dtFYI":"01/00/00 00:00:00","size":-1,"dtFYILastRead":"01/00/00 00:00:00","dtNewsLastRead":"01/00/00 00:00:00","dtNews":"01/00/00 00:00:00","sat":-1,"fViewInCrnc":0,"dtSerial":"05/03/07 11:00:29","dPctVestFirst":10,"dPctVestNext":10,"dPeriodExpire":10,"dPeriodVestNext":6,"dVestFirst":12,"fCall":0,"dtExpire":"01/00/00 00:00:00","lStockScouterOverallRating":-1,"fSymDummy":0,"iBaseUnit":-1,"sguid":{"$binary": "e0IxNzREQzAzLUI3NkQtNEM0Ny05NEE0N0QzMTI4NjU5MzlGfQ==", "$type": "00"},"fUpdated":1,"hcrncQuote":45,"fPence":0,"fAdvHigh":0,"fAdvLow":0,"fAdvBuy":0,"DtAdvBuy":"01/00/00 00:00:00","fAdvSell":0,"DtAdvSell":"01/00/00 00:00:00"}
{"hsec":120,"szFull":"WoodGrove Bank Stock 2006 Grant","dtMaturity":"01/00/00 00:00:00","dtSplit":"01/00/00 00:00:00","sct":8,"fHidden":0,"fTaxExempt":0,"sic":-1,"fOLQuotes":0,"dtLastHistQuote":"01/00/00 00:00:00","fGetHistQuotes":0,"cbt":-1,"hcrnc":45,"hcntry":43,"fEuroPriceDownloaded":0,"fEuroDialogDisabled":0,"fWatch":0,"hsecLink":119,"frqIntPmt":-1,"sctsub":-1,"rating":-1,"dtCall":"01/00/00 00:00:00","dtLastUpdate":"01/00/00 00:00:00","dtFYI":"01/00/00 00:00:00","size":-1,"dtFYILastRead":"01/00/00 00:00:00","dtNewsLastRead":"01/00/00 00:00:00","dtNews":"01/00/00 00:00:00","sat":-1,"fViewInCrnc":0,"dtSerial":"05/03/07 11:02:11","fCall":0,"dtExpire":"01/00/00 00:00:00","lStockScouterOverallRating":-1,"fSymDummy":0,"iBaseUnit":-1,"sguid":{"$binary": "ezQxNzU4MTBELThGRTAtNEFBRS1BOTdEQjc5MTg1RTk0N0VCfQ==", "$type": "00"},"fUpdated":1,"hcrncQuote":45,"fPence":0,"fAdvHigh":0,"fAdvLow":0,"fAdvBuy":0,"DtAdvBuy":"01/00/00 00:00:00","fAdvSell":0,"DtAdvSell":"01/00/00 00:00:00"}
{"hsec":121,"szFull":"Heating Oil","szSymbol":"-HO","mComment":"Heating Oil Futures","dtMaturity":"01/00/00 00:00:00","dtSplit":"01/00/00 00:00:00","sct":10,"fHidden":0,"fTaxExempt":0,"sic":-1,"fOLQuotes":1,"dtLastHistQuote":"01/00/00 00:00:00","fGetHistQuotes":0,"cbt":-1,"hcrnc":45,"hcntry":43,"fEuroPriceDownloaded":0,"fEuroDialogDisabled":0,"fWatch":0,"frqIntPmt":-1,"sctsub":-1,"rating":-1,"dtCall":"01/00/00 00:00:00","dtLastUpdate":"01/00/00 00:00:00","dtFYI":"01/00/00 00:00:00","size":-1,"dtFYILastRead":"01/00/00 00:00:00","dtNewsLastRead":"01/00/00 00:00:00","dtNews":"01/00/00 00:00:00","sat":-1,"fViewInCrnc":0,"dtSerial":"04/30/07 12:37:49","fCall":0,"dtExpire":"01/00/00 00:00:00","lStockScouterOverallRating":-1,"fSymDummy":0,"iBaseUnit":-1,"sguid":{"$binary": "ezg1QzYwQUUwLTk0MDctNEI4Qy04NzgwNzJFOTY5OTE4MDBBfQ==", "$type": "00"},"fUpdated":1,"hcrncQuote":45,"fPence":0,"fAdvHigh":0,"fAdvLow":0,"fAdvBuy":0,"DtAdvBuy":"01/00/00 00:00:00","fAdvSell":0,"DtAdvSell":"01/00/00 00:00:00"}
{"hsec":122,"szFull":"Gold","szSymbol":"-GC","mComment":"Gold Futures","dtMaturity":"01/00/00 00:00:00","dtSplit":"01/00/00 00:00:00","sct":10,"fHidden":0,"fTaxExempt":0,"sic":-1,"fOLQuotes":1,"dtLastHistQuote":"01/00/00 00:00:00","fGetHistQuotes":0,"cbt":-1,"hcrnc":45,"hcntry":43,"fEuroPriceDownloaded":0,"fEuroDialogDisabled":0,"fWatch":0,"frqIntPmt":-1,"sctsub":-1,"rating":-1,"dtCall":"01/00/00 00:00:00","dtLastUpdate":"01/00/00 00:00:00","dtFYI":"01/00/00 00:00:00","size":-1,"dtFYILastRead":"01/00/00 00:00:00","dtNewsLastRead":"01/00/00 00:00:00","dtNews":"01/00/00 00:00:00","sat":-1,"fViewInCrnc":0,"dtSerial":"04/30/07 12:38:01","fCall":0,"dtExpire":"01/00/00 00:00:00","lStockScouterOverallRating":-1,"fSymDummy":0,"iBaseUnit":-1,"sguid":{"$binary": "e0E5QkQwOUUzLUYxNUYtNDk1My05RUNERTYwN0MxMDhERDA4fQ==", "$type": "00"},"fUpdated":1,"hcrncQuote":45,"fPence":0,"fAdvHigh":0,"fAdvLow":0,"fAdvBuy":0,"DtAdvBuy":"01/00/00 00:00:00","fAdvSell":0,"DtAdvSell":"01/00/00 00:00:00"}
{"hsec":123,"szFull":"Contoso Exchange Traded Fund","szSymbol":"QQQ","dtMaturity":"01/00/00 00:00:00","dtSplit":"01/00/00 00:00:00","sct":1,"fHidden":0,"fTaxExempt":0,"sic":-1,"fOLQuotes":1,"dtLastHistQuote":"01/00/00 00:00:00","fGetHistQuotes":0,"cbt":-1,"hcrnc":45,"hcntry":43,"fEuroPriceDownloaded":0,"fEuroDialogDisabled":0,"fWatch":0,"frqIntPmt":-1,"sctsub":-1,"rating":-1,"dtCall":"01/00/00 00:00:00","dtLastUpdate":"01/00/00 00:00:00","dtFYI":"01/00/00 00:00:00","size":-1,"dtFYILastRead":"01/00/00 00:00:00","dtNewsLastRead":"01/00/00 00:00:00","dtNews":"01/00/00 00:00:00","sat":-1,"fViewInCrnc":0,"dtSerial":"05/03/07 10:50:01","fCall":0,"dtExpire":"01/00/00 00:00:00","lStockScouterOverallRating":-1,"fSymDummy":0,"iBaseUnit":-1,"sguid":{"$binary": "e0MyQUVFMTVFLTMwMzctNERFNi1CODBERDU3ODk2Q0M3MDk3fQ==", "$type": "00"},"fUpdated":1,"hcrncQuote":45,"fPence":0,"fAdvHigh":0,"fAdvLow":0,"fAdvBuy":0,"DtAdvBuy":"01/00/00 00:00:00","fAdvSell":0,"DtAdvSell":"01/00/00 00:00:00"}
