{"hss":1,"cshrPre":1,"cshrPost":2,"dtRecord":"04/23/02 00:00:00","fFractSplit":0}
{"hss":4,"cshrPre":1,"cshrPost":2,"dtRecord":"03/02/01 00:00:00","fFractSplit":0}
{"hss":5,"cshrPre":1,"cshrPost":2,"dtRecord":"05/23/01 00:00:00","fFractSplit":0}
{"hss":6,"cshrPre":1,"cshrPost":2,"dtRecord":"11/23/01 00:00:00","fFractSplit":0}
{"hss":7,"cshrPre":100,"cshrPost":1,"dtRecord":"08/31/02 00:00:00","fFractSplit":0}
{"hss":8,"cshrPre":1,"cshrPost":2,"dtRecord":"12/04/01 00:00:00","fFractSplit":0}
{"hss":9,"cshrPre":100,"cshrPost":1,"dtRecord":"03/02/02 00:00:00","fFractSplit":0}
{"hss":10,"cshrPre":1,"cshrPost":2,"dtRecord":"10/23/01 00:00:00","fFractSplit":0}
{"hss":11,"cshrPre":20,"cshrPost":21,"dtRecord":"08/24/01 00:00:00","fFractSplit":0}
{"hss":12,"cshrPre":20,"cshrPost":21,"dtRecord":"08/30/02 00:00:00","fFractSplit":0}
{"hss":13,"cshrPre":1,"cshrPost":2,"dtRecord":"02/18/04 00:00:00","fFractSplit":0}
{"hss":14,"cshrPre":2,"cshrPost":1,"dtRecord":"05/01/06 00:00:00","fFractSplit":0}
