{"sic":5541,"hcat":157}
{"sic":5542,"hcat":157}
{"sic":5511,"hcat":158}
{"sic":5521,"hcat":158}
{"sic":5531,"hcat":158}
{"sic":5532,"hcat":158}
{"sic":5533,"hcat":158}
{"sic":5599,"hcat":158}
{"sic":7523,"hcat":158}
{"sic":7524,"hcat":158}
{"sic":7531,"hcat":158}
{"sic":7532,"hcat":158}
{"sic":7533,"hcat":158}
{"sic":7534,"hcat":158}
{"sic":7535,"hcat":158}
{"sic":7536,"hcat":158}
{"sic":7537,"hcat":158}
{"sic":7538,"hcat":158}
{"sic":7539,"hcat":158}
{"sic":7542,"hcat":158}
{"sic":7549,"hcat":158}
{"sic":4841,"hcat":161}
{"sic":4911,"hcat":162}
{"sic":4931,"hcat":162}
{"sic":4953,"hcat":163}
{"sic":4922,"hcat":165}
{"sic":4923,"hcat":165}
{"sic":4924,"hcat":165}
{"sic":4925,"hcat":165}
{"sic":4932,"hcat":165}
{"sic":5983,"hcat":165}
{"sic":4812,"hcat":167}
{"sic":4813,"hcat":167}
{"sic":4814,"hcat":167}
{"sic":4815,"hcat":167}
{"sic":4941,"hcat":168}
{"sic":4952,"hcat":168}
{"sic":8351,"hcat":179}
{"sic":5611,"hcat":180}
{"sic":5621,"hcat":180}
{"sic":5631,"hcat":180}
{"sic":5632,"hcat":180}
{"sic":5641,"hcat":180}
{"sic":5651,"hcat":180}
{"sic":5655,"hcat":180}
{"sic":5661,"hcat":180}
{"sic":5681,"hcat":180}
{"sic":5691,"hcat":180}
{"sic":5697,"hcat":180}
{"sic":5698,"hcat":180}
{"sic":5699,"hcat":180}
{"sic":5942,"hcat":182}
{"sic":8211,"hcat":184}
{"sic":8220,"hcat":184}
{"sic":8221,"hcat":184}
{"sic":8222,"hcat":184}
{"sic":8241,"hcat":184}
{"sic":8243,"hcat":184}
{"sic":8244,"hcat":184}
{"sic":8249,"hcat":184}
{"sic":8299,"hcat":184}
{"sic":5811,"hcat":338}
{"sic":5812,"hcat":338}
{"sic":5813,"hcat":338}
{"sic":5814,"hcat":338}
{"sic":5411,"hcat":339}
{"sic":5421,"hcat":339}
{"sic":5422,"hcat":339}
{"sic":5431,"hcat":339}
{"sic":5441,"hcat":339}
{"sic":5451,"hcat":339}
{"sic":5461,"hcat":339}
{"sic":5462,"hcat":339}
{"sic":5499,"hcat":339}
{"sic":5921,"hcat":339}
{"sic":5947,"hcat":188}
{"sic":5047,"hcat":189}
{"sic":5975,"hcat":189}
{"sic":5976,"hcat":189}
{"sic":8011,"hcat":189}
{"sic":8031,"hcat":189}
{"sic":8041,"hcat":189}
{"sic":8042,"hcat":189}
{"sic":8043,"hcat":189}
{"sic":8044,"hcat":189}
{"sic":8049,"hcat":189}
{"sic":8050,"hcat":189}
{"sic":8071,"hcat":189}
{"sic":8082,"hcat":189}
{"sic":8099,"hcat":189}
{"sic":8021,"hcat":190}
{"sic":5995,"hcat":191}
{"sic":8062,"hcat":192}
{"sic":8063,"hcat":192}
{"sic":8069,"hcat":192}
{"sic":5912,"hcat":194}
{"sic":6300,"hcat":195}
{"sic":6381,"hcat":195}
{"sic":6399,"hcat":195}
{"sic":6411,"hcat":195}
{"sic":6321,"hcat":197}
{"sic":6311,"hcat":199}
{"sic":5551,"hcat":315}
{"sic":5561,"hcat":315}
{"sic":5571,"hcat":315}
{"sic":5592,"hcat":315}
{"sic":5598,"hcat":315}
{"sic":5731,"hcat":315}
{"sic":5732,"hcat":315}
{"sic":5733,"hcat":315}
{"sic":5734,"hcat":315}
{"sic":5735,"hcat":315}
{"sic":5736,"hcat":315}
{"sic":5940,"hcat":315}
{"sic":5941,"hcat":315}
{"sic":5946,"hcat":315}
{"sic":5949,"hcat":315}
{"sic":5996,"hcat":315}
{"sic":7032,"hcat":315}
{"sic":7033,"hcat":315}
{"sic":7513,"hcat":315}
{"sic":7519,"hcat":315}
{"sic":7832,"hcat":315}
{"sic":7911,"hcat":315}
{"sic":7922,"hcat":315}
{"sic":7929,"hcat":315}
{"sic":7932,"hcat":315}
{"sic":7933,"hcat":315}
{"sic":7941,"hcat":315}
{"sic":7948,"hcat":315}
{"sic":7991,"hcat":315}
{"sic":7992,"hcat":315}
{"sic":7993,"hcat":315}
{"sic":7994,"hcat":315}
{"sic":7995,"hcat":315}
{"sic":7996,"hcat":315}
{"sic":7997,"hcat":315}
{"sic":7998,"hcat":315}
{"sic":7999,"hcat":315}
{"sic":8412,"hcat":315}
{"sic":8422,"hcat":315}
{"sic":5945,"hcat":323}
{"sic":7011,"hcat":325}
{"sic":7021,"hcat":325}
{"sic":4011,"hcat":326}
{"sic":4111,"hcat":326}
{"sic":4119,"hcat":326}
{"sic":4512,"hcat":326}
{"sic":4724,"hcat":326}
{"sic":4725,"hcat":326}
{"sic":4729,"hcat":326}
{"sic":6051,"hcat":234}
{"sic":6760,"hcat":234}
{"sic":5712,"hcat":238}
{"sic":5713,"hcat":238}
{"sic":5714,"hcat":238}
{"sic":5718,"hcat":238}
{"sic":5719,"hcat":238}
{"sic":5722,"hcat":238}
{"sic":5932,"hcat":238}
