{"hsoq":2,"hsec":18,"dQty":0,"dtSerial":"05/03/07 10:49:53","fUpdated":1,"sguid":{"$binary": "ezJGOTJDQjhELTIwQkMtNDRGMy1CN0UxMjc0RTQ2RTc5MTZFfQ==", "$type": "00"}}
{"hsoq":4,"hsec":30,"dQty":0,"dtSerial":"05/03/07 10:49:53","fUpdated":1,"sguid":{"$binary": "ezMzMkRBMzA1LTZCQTItNDg0Ri05NDUyQkY1N0IzRDE4QzY3fQ==", "$type": "00"}}
{"hsoq":6,"hsec":38,"dQty":0,"dtSerial":"05/03/07 10:49:53","fUpdated":1,"sguid":{"$binary": "ezgwRUY5RDZCLTkxRTMtNEVBQy1BOUY3RUFENjRBMjBFRDg2fQ==", "$type": "00"}}
{"hsoq":7,"hsec":56,"hacct":16,"dQty":156,"dtSerial":"05/03/07 10:49:53","fUpdated":1,"sguid":{"$binary": "e0I2Q0JDRTg4LTgxQkItNEE3Ni1BN0RBRTNFNDNCRkE1MzJGfQ==", "$type": "00"}}
{"hsoq":8,"hsec":56,"dQty":155.9999999999999,"dtSerial":"05/03/07 10:49:53","fUpdated":1,"sguid":{"$binary": "ezA1MzU4RDNFLUM4NUUtNDJFMy05OEZBQUQ1OUFDRDkwM0NCfQ==", "$type": "00"}}
{"hsoq":9,"hsec":57,"hacct":16,"dQty":2500,"dtSerial":"05/03/07 10:49:53","fUpdated":1,"sguid":{"$binary": "ezMwNTY2NTM3LTcxRDgtNDc2RS05MUUyQThDODkwOTc5REM5fQ==", "$type": "00"}}
{"hsoq":10,"hsec":57,"dQty":12500,"dtSerial":"05/03/07 10:49:53","fUpdated":1,"sguid":{"$binary": "ezA5QTUxOEYyLUM1NDgtNDI1Qy1BQUQ2RjVFQkMwQ0EwQ0JCfQ==", "$type": "00"}}
{"hsoq":13,"hsec":59,"hacct":16,"dQty":527,"dtSerial":"05/03/07 10:49:53","fUpdated":1,"sguid":{"$binary": "e0RFNTczQ0VGLTU4NkEtNDg5MC04NjhFQzIxNTU0NTZCRUEwfQ==", "$type": "00"}}
{"hsoq":14,"hsec":59,"dQty":527,"dtSerial":"05/03/07 10:49:53","fUpdated":1,"sguid":{"$binary": "e0UzREJGRjczLUVCRDAtNEI2MS05OEMzOTA0RUMxNzQ5MjU2fQ==", "$type": "00"}}
{"hsoq":15,"hsec":60,"hacct":16,"dQty":12,"dtSerial":"05/03/07 10:49:53","fUpdated":1,"sguid":{"$binary": "e0NDRjZFQzI1LUI2REUtNEJEOS1CMTdDQjJDQTg0RTFDMzU0fQ==", "$type": "00"}}
{"hsoq":16,"hsec":60,"dQty":11.99999999999996,"dtSerial":"05/03/07 10:49:53","fUpdated":1,"sguid":{"$binary": "ezdGQ0NGODkyLUYzNkUtNEY4Ni1CREEwNDNGRTBEQjg3N0NFfQ==", "$type": "00"}}
{"hsoq":34,"hsec":69,"dQty":149.9999999999999,"dtSerial":"05/03/07 10:49:53","fUpdated":1,"sguid":{"$binary": "ezYwN0I2RjA4LTMyMjEtNDA3Qy1CNzAyQ0JDRUFFNzA3Qjg2fQ==", "$type": "00"}}
{"hsoq":43,"hsec":69,"hacct":2,"dQty":150,"dtSerial":"05/03/07 10:49:53","fUpdated":1,"sguid":{"$binary": "ezVBN0VBN0YwLUU0REItNDlBQy05MEQ1N0ExM0NCMTdDQTg0fQ==", "$type": "00"}}
{"hsoq":44,"hsec":56,"hacct":2,"dQty":0,"dtSerial":"05/03/07 10:49:53","fUpdated":1,"sguid":{"$binary": "e0Q3ODVEQjY4LUYwQ0UtNEU1Ni1CQ0FGQkFBNEQ2NzgxNUI4fQ==", "$type": "00"}}
{"hsoq":51,"hsec":77,"hacct":2,"dQty":0,"dtSerial":"05/03/07 10:49:53","fUpdated":1,"sguid":{"$binary": "ezBDRDY3MzBELTkyMDUtNDMyQi05REUwRDA1OTIzMjkyMjYzfQ==", "$type": "00"}}
{"hsoq":52,"hsec":77,"dQty":0,"dtSerial":"05/03/07 10:49:53","fUpdated":1,"sguid":{"$binary": "e0M4RDNGNEIwLURBMTItNDdGNS05MzZEODNFMTlERDVGRjA1fQ==", "$type": "00"}}
{"hsoq":54,"hsec":78,"hacct":2,"dQty":50,"dtSerial":"05/03/07 10:49:53","fUpdated":1,"sguid":{"$binary": "e0RGQ0QyOERBLTRDMzAtNDE4Ri1BMkM3NzQzNTEyNjkxNjdEfQ==", "$type": "00"}}
{"hsoq":55,"hsec":78,"dQty":50,"dtSerial":"05/03/07 10:49:53","fUpdated":1,"sguid":{"$binary": "e0Q3MkI2QTRELTRCMUQtNENEQy05Nzg3QTEwRDNDQTJGMjBDfQ==", "$type": "00"}}
{"hsoq":98,"hsec":30,"hacct":26,"dQty":0,"dtSerial":"05/03/07 10:49:53","fUpdated":1,"sguid":{"$binary": "ezNBRUM1REJBLTdBOEMtNDQ0Ny1BNzBDMjc4NzQwMUY2NUVBfQ==", "$type": "00"}}
{"hsoq":99,"hsec":18,"hacct":26,"dQty":0,"dtSerial":"05/03/07 10:49:53","fUpdated":1,"sguid":{"$binary": "e0VCRjM4NjQyLTU3NDUtNDgwMC04MTcxMkI1QUI0QjU1Q0M4fQ==", "$type": "00"}}
{"hsoq":155,"hsec":94,"hacct":66,"dQty":5024.66,"dtSerial":"05/03/07 10:49:54","fUpdated":1,"sguid":{"$binary": "ezAwOTlBNTJDLTZBNzAtNDQ5Ni1CNDhDMjY1RDAzMTBGOUM2fQ==", "$type": "00"}}
{"hsoq":156,"hsec":94,"dQty":5024.66,"dtSerial":"05/03/07 10:49:54","fUpdated":1,"sguid":{"$binary": "e0M3MkVDQjFDLTk5QzMtNDYzOC1CM0FFNzJCOUNBODdBQjNFfQ==", "$type": "00"}}
{"hsoq":157,"hsec":87,"hacct":66,"dQty":20000,"dtSerial":"05/03/07 10:49:54","fUpdated":1,"sguid":{"$binary": "e0VENjdENUFCLTU4QzEtNEU0My05QzEzRDJERTU5Qzg4NEJEfQ==", "$type": "00"}}
{"hsoq":158,"hsec":87,"dQty":20000,"dtSerial":"05/03/07 10:49:54","fUpdated":1,"sguid":{"$binary": "ezQyNDg3MEYwLTRFOTctNDgwOC04Njc5OTVDQjdFN0FENjM2fQ==", "$type": "00"}}
{"hsoq":159,"hsec":89,"hacct":66,"dQty":1000,"dtSerial":"05/03/07 10:49:54","fUpdated":1,"sguid":{"$binary": "ezY5NDVDMTNGLUZCNDUtNDFEOC1BMEQ5MzE4MjBDRTU3RTBEfQ==", "$type": "00"}}
{"hsoq":160,"hsec":89,"dQty":1000,"dtSerial":"05/03/07 10:49:54","fUpdated":1,"sguid":{"$binary": "ezQ4MERDRUJELTlCRTMtNEFERC1BM0EyOTlERUZCNzIzQTlBfQ==", "$type": "00"}}
{"hsoq":167,"hsec":92,"hacct":66,"dQty":0,"dtSerial":"05/03/07 10:49:54","fUpdated":1,"sguid":{"$binary": "e0EyMjMxOTRGLTlGRTUtNERERS04MTEwREI1ODM4Mjk0MEIyfQ==", "$type": "00"}}
{"hsoq":168,"hsec":92,"dQty":0,"dtSerial":"05/03/07 10:49:54","fUpdated":1,"sguid":{"$binary": "ezc1NEFDNjExLTFBM0UtNDRGQS05QkJFNEMxRURBQUZENDFBfQ==", "$type": "00"}}
{"hsoq":169,"hsec":90,"hacct":66,"dQty":15000,"dtSerial":"05/03/07 10:49:54","fUpdated":1,"sguid":{"$binary": "ezE3REVGMkMxLTREQjktNDc5My1COTZGRDJBOUM3QjRDNjA0fQ==", "$type": "00"}}
{"hsoq":170,"hsec":90,"dQty":15000,"dtSerial":"05/03/07 10:49:54","fUpdated":1,"sguid":{"$binary": "ezlFM0E1QTc0LUIzMzAtNDM3MS1BMTU1MkRCNTc4RTdEQkQ0fQ==", "$type": "00"}}
{"hsoq":171,"hsec":112,"hacct":66,"dQty":10000,"dtSerial":"05/03/07 10:49:54","fUpdated":1,"sguid":{"$binary": "ezg0QkUyQTYyLUUxQzMtNDY3QS04MjBFOUNBODE1MTQ4QjlFfQ==", "$type": "00"}}
{"hsoq":172,"hsec":112,"dQty":10000,"dtSerial":"05/03/07 10:49:54","fUpdated":1,"sguid":{"$binary": "ezdENTkxRTNCLUY1OTEtNDYxMS05ODhBQzhBRDcyNUNFOEU4fQ==", "$type": "00"}}
{"hsoq":100,"hsec":38,"hacct":26,"dQty":0,"dtSerial":"05/03/07 10:49:53","fUpdated":1,"sguid":{"$binary": "e0Q3RDYyNzk5LTZEMkItNEU4Ri04QzBDNTQzMkRBMDQxRUI1fQ==", "$type": "00"}}
{"hsoq":101,"hsec":98,"hacct":26,"dQty":110.25,"dtSerial":"05/03/07 10:49:54","fUpdated":1,"sguid":{"$binary": "ezU4MDVENjk5LTU2MEUtNDNBQy1BNjVGNEE4Q0M5RDQyNjM0fQ==", "$type": "00"}}
{"hsoq":102,"hsec":98,"dQty":110.25,"dtSerial":"05/03/07 10:49:54","fUpdated":1,"sguid":{"$binary": "e0VEMUU3NENELUNCQkYtNEQ2Ni04NUVDRDFBRjgwQkNEQUNEfQ==", "$type": "00"}}
{"hsoq":103,"hsec":99,"hacct":26,"dQty":0,"dtSerial":"05/03/07 10:49:54","fUpdated":1,"sguid":{"$binary": "e0JENEMzREIxLTVENEMtNENGNi1BOUI2RUZDQUUwNzE0RTRGfQ==", "$type": "00"}}
{"hsoq":104,"hsec":99,"dQty":0,"dtSerial":"05/03/07 10:49:54","fUpdated":1,"sguid":{"$binary": "e0ZCRjc0MzY0LUM4ODUtNDI1MS04M0ZGQ0ZFNkQ1RDhFRENDfQ==", "$type": "00"}}
{"hsoq":105,"hsec":100,"hacct":26,"dQty":0,"dtSerial":"05/03/07 10:49:54","fUpdated":1,"sguid":{"$binary": "e0ZDMjREMURFLTgwODEtNEE2Ny1CRkUyQzE2OTY0OTMxRkM4fQ==", "$type": "00"}}
{"hsoq":106,"hsec":100,"dQty":0,"dtSerial":"05/03/07 10:49:54","fUpdated":1,"sguid":{"$binary": "ezNGQTk1NUUzLTc2NEUtNDY3QS1CQjEwMUMwQzNDRTIwRkQ2fQ==", "$type": "00"}}
{"hsoq":107,"hsec":101,"hacct":26,"dQty":0,"dtSerial":"05/03/07 10:49:54","fUpdated":1,"sguid":{"$binary": "ezUxM0Q2NTFELTk0M0QtNDkyQi1BNkRGNjM1NEIwMzU4OEM2fQ==", "$type": "00"}}
{"hsoq":108,"hsec":101,"dQty":0,"dtSerial":"05/03/07 10:49:54","fUpdated":1,"sguid":{"$binary": "e0FBM0VFQUU1LTM2OTUtNEExQi1COENERjcwRENFNzhCMzM2fQ==", "$type": "00"}}
{"hsoq":147,"hsec":111,"hacct":26,"dQty":0,"dtSerial":"05/03/07 10:49:54","fUpdated":1,"sguid":{"$binary": "ezcyNDA0NDA4LURGNTAtNEYwNC1BMzI5MjEyRTBGQjM0QUNBfQ==", "$type": "00"}}
{"hsoq":148,"hsec":111,"dQty":0,"dtSerial":"05/03/07 10:49:54","fUpdated":1,"sguid":{"$binary": "ezQ0REIyMEZCLURBMjYtNEE0QS04Q0E3QzUwNjVERjZBMzJDfQ==", "$type": "00"}}
{"hsoq":149,"hsec":41,"hacct":26,"dQty":0,"dtSerial":"05/03/07 10:49:53","fUpdated":1,"sguid":{"$binary": "e0ZDRTdDMTU2LUNFQzMtNDY0QS1COTI2NkQ1RDI3MzcwRDhEfQ==", "$type": "00"}}
{"hsoq":150,"hsec":41,"dQty":0,"dtSerial":"05/03/07 10:49:53","fUpdated":1,"sguid":{"$binary": "e0IzNkVCRjhELTE5N0EtNDMzOS04RDdBODcwNkQwMEM1MzMyfQ==", "$type": "00"}}
{"hsoq":173,"hsec":114,"hacct":2,"dQty":3,"dtSerial":"05/03/07 10:49:54","fUpdated":1,"sguid":{"$binary": "ezM5RDFFODYxLTQxRTgtNDFFQy05QjgyOEFFRTNCOTcxRTZCfQ==", "$type": "00"}}
{"hsoq":174,"hsec":114,"dQty":247,"dtSerial":"05/03/07 10:49:54","fUpdated":1,"sguid":{"$binary": "ezgyM0RDODIxLTJCMkQtNDUwRC1CRTQ0MTI5RjhDM0FFN0ZCfQ==", "$type": "00"}}
{"hsoq":175,"hsec":68,"hacct":2,"dQty":250,"dtSerial":"05/03/07 10:49:53","fUpdated":1,"sguid":{"$binary": "e0VCNUVBNkNDLTExNDgtNEZGMC04MUIzMThCRTRFOTg2RUU4fQ==", "$type": "00"}}
{"hsoq":176,"hsec":68,"dQty":250,"dtSerial":"05/03/07 10:49:53","fUpdated":1,"sguid":{"$binary": "ezNEQUUwNzNFLUQ3N0UtNDVBQi1CRkI1QzI3QTc5OTU5NkIxfQ==", "$type": "00"}}
{"hsoq":177,"hsec":67,"hacct":66,"dQty":0,"dtSerial":"05/03/07 10:49:53","fUpdated":1,"sguid":{"$binary": "e0ZDQUUyMjlBLTJEMTYtNDk5RC05NTEyMjlBNDZCNTY0RTc3fQ==", "$type": "00"}}
{"hsoq":178,"hsec":67,"dQty":0,"dtSerial":"05/03/07 10:49:53","fUpdated":1,"sguid":{"$binary": "e0I2MzlBQjFFLTgzQzctNENENC1COTkwNjc2MzFCMTk5NUYyfQ==", "$type": "00"}}
{"hsoq":179,"hsec":57,"hacct":66,"dQty":10000,"dtSerial":"05/03/07 10:49:53","fUpdated":1,"sguid":{"$binary": "ezgxNDIzODM3LTE4RjgtNEFGMS1CNTBEQkJENEQwN0ZFQTY1fQ==", "$type": "00"}}
{"hsoq":181,"hsec":115,"hacct":72,"dQty":145,"dtSerial":"05/03/07 10:49:54","fUpdated":1,"sguid":{"$binary": "ezkyMjE3OTYyLUFDNkYtNDI5MS04NzY0OTFEOTEyMzlGODY5fQ==", "$type": "00"}}
{"hsoq":182,"hsec":115,"dQty":145,"dtSerial":"05/03/07 10:49:54","fUpdated":1,"sguid":{"$binary": "ezFGRjNDNDU4LTRERkQtNEY2Qi05NENBREMzMkExQjUwOTBGfQ==", "$type": "00"}}
{"hsoq":183,"hsec":116,"hacct":72,"dQty":140,"dtSerial":"05/03/07 10:49:54","fUpdated":1,"sguid":{"$binary": "ezZGNkJCQzdFLTI2NDUtNDM5MC1CM0YxM0Q0QTMxODY4MDFBfQ==", "$type": "00"}}
{"hsoq":184,"hsec":116,"dQty":140,"dtSerial":"05/03/07 10:49:54","fUpdated":1,"sguid":{"$binary": "ezExNjBGNkY1LTA0NzEtNDFDNS1BMEZEQkUwRTY2NTlFNEJGfQ==", "$type": "00"}}
{"hsoq":185,"hsec":104,"hacct":72,"dQty":125,"dtSerial":"05/03/07 10:49:54","fUpdated":1,"sguid":{"$binary": "e0JFQzQ3QzM2LTk4OEYtNEVCMC1BNTJERDM4NzQzMUVDOUJFfQ==", "$type": "00"}}
{"hsoq":186,"hsec":104,"dQty":125,"dtSerial":"05/03/07 10:49:54","fUpdated":1,"sguid":{"$binary": "ezhCQTVFOTczLUY2QjYtNDk4Qy04QTc5QTUwRjE2QkQ1NERCfQ==", "$type": "00"}}
{"hsoq":187,"hsec":103,"hacct":72,"dQty":120,"dtSerial":"05/03/07 10:49:54","fUpdated":1,"sguid":{"$binary": "ezgzMzNGMUI2LUE0RjUtNDBEQy04M0QwQjZFODQzQkMxN0RDfQ==", "$type": "00"}}
{"hsoq":188,"hsec":103,"dQty":120,"dtSerial":"05/03/07 10:49:54","fUpdated":1,"sguid":{"$binary": "ezc0MzI0N0YyLUI4QkMtNDI0Qi05NzFDMkY2NDQzRjEwRTI3fQ==", "$type": "00"}}
{"hsoq":189,"hsec":102,"hacct":72,"dQty":115,"dtSerial":"05/03/07 10:49:54","fUpdated":1,"sguid":{"$binary": "e0I4MDJGNEU3LUJBNEMtNDk0Mi1CRjRGRkE3QkIwQUVEQzgyfQ==", "$type": "00"}}
{"hsoq":190,"hsec":102,"dQty":115,"dtSerial":"05/03/07 10:49:54","fUpdated":1,"sguid":{"$binary": "ezFFM0UzNzVGLUQ3MTktNERENS1CNDUwRUU4ODFBNDdFOEFBfQ==", "$type": "00"}}
{"hsoq":191,"hsec":114,"hacct":72,"dQty":200,"dtSerial":"05/03/07 10:49:54","fUpdated":1,"sguid":{"$binary": "ezdDRjlFMkJDLUI3MUUtNDI2OS1CRDc2RTgxOTM3NUQ4NUY4fQ==", "$type": "00"}}
{"hsoq":192,"hsec":114,"hacct":16,"dQty":44,"dtSerial":"05/03/07 10:49:54","fUpdated":1,"sguid":{"$binary": "ezNDNUUxQ0IxLUFBMjctNDUwNy04NEM3OTA5NDExRjlGRUQ1fQ==", "$type": "00"}}
{"hsoq":193,"hsec":117,"hacct":72,"dQty":-10004.15,"dtSerial":"04/20/07 10:33:25","fUpdated":1,"sguid":{"$binary": "ezcxNjEzNTMxLTUwQjUtNDAyQy04QkFCNjQ4MjZDRTcwNEY2fQ==", "$type": "00"}}
{"hsoq":194,"hsec":117,"hacct":16,"dQty":7631.059999999998,"dtSerial":"04/20/07 10:33:25","fUpdated":1,"sguid":{"$binary": "ezY1RUZFQTExLURENjMtNDUxMy05NTlGRUQ3QjgzM0ZDOEY3fQ==", "$type": "00"}}
{"hsoq":195,"hsec":117,"hacct":66,"dQty":-57916.2,"dtSerial":"04/20/07 10:33:25","fUpdated":1,"sguid":{"$binary": "ezI1NzdCRTkyLTVBRTQtNDRBQy1BNEE5QTY4NEJBNThDMjI4fQ==", "$type": "00"}}
{"hsoq":196,"hsec":117,"hacct":2,"dQty":-1594.62,"dtSerial":"04/20/07 10:33:25","fUpdated":1,"sguid":{"$binary": "ezVFMkZEN0YwLTE0QTUtNENGMy1BOENDMjdFODkzNTVFRjRFfQ==", "$type": "00"}}
{"hsoq":199,"hsec":105,"hacct":2,"dQty":86.28,"dtSerial":"05/03/07 10:49:54","fUpdated":1,"sguid":{"$binary": "ezA4NUI0OEYwLTM2OEMtNEMxRi1BRDg1MEQ0QTM3NERBQ0FCfQ==", "$type": "00"}}
{"hsoq":200,"hsec":105,"dQty":86.28,"dtSerial":"05/03/07 10:49:54","fUpdated":1,"sguid":{"$binary": "ezZEQjNFQzBELTNDOTgtNDEwRi1CNTJDOTBFQUYyODkzRTQzfQ==", "$type": "00"}}
{"hsoq":201,"hsec":117,"hacct":75,"dQty":0,"dtSerial":"04/25/07 11:31:00","fUpdated":1,"sguid":{"$binary": "ezZDRDg0RDEwLTJDMEMtNEUxMS1BODdBMjA3MUQxNkE0MTkyfQ==", "$type": "00"}}
{"hsoq":202,"hsec":120,"hacct":75,"dQty":1000,"dtSerial":"05/03/07 11:02:11","fUpdated":1,"sguid":{"$binary": "ezdCNkUzQkNGLTg0MjUtNDVDOS1BQTgxMjEwNTc3OTk2MUVDfQ==", "$type": "00"}}
{"hsoq":203,"hsec":120,"dQty":1000,"dtSerial":"05/03/07 11:02:11","fUpdated":1,"sguid":{"$binary": "e0IwMjNDNkI2LUY1MDgtNEM4OC1BNDFCMEVDMzEwQkUxNTY4fQ==", "$type": "00"}}
{"hsoq":204,"hsec":117,"hacct":77,"dQty":255,"dtSerial":"04/30/07 11:34:40","fUpdated":1,"sguid":{"$binary": "e0FDNkQ0QTA2LUFEQ0MtNERBQi1CQUM3MTI3NTE0MTRGRDlGfQ==", "$type": "00"}}
{"hsoq":209,"hsec":123,"hacct":79,"dQty":40,"dtSerial":"05/03/07 10:49:54","fUpdated":1,"sguid":{"$binary": "e0MwMDBFQzk4LUY0QkEtNDM2OS04QURFN0IzOTZEN0QxMUE4fQ==", "$type": "00"}}
{"hsoq":210,"hsec":123,"dQty":40,"dtSerial":"05/03/07 10:49:54","fUpdated":1,"sguid":{"$binary": "ezgxNkFDNzFDLTIyMTMtNDg5NC1CODAxOTYxMjY2N0Y0N0I4fQ==", "$type": "00"}}
{"hsoq":211,"hsec":117,"hacct":79,"dQty":2310,"dtSerial":"05/02/07 09:57:58","fUpdated":1,"sguid":{"$binary": "ezkwRkMxNjZDLTZENTUtNDQ0Ny1BQUExMjVGQjYzODI4RkRGfQ==", "$type": "00"}}
{"hsoq":205,"hsec":121,"hacct":77,"dQty":1000,"dtSerial":"05/03/07 10:49:54","fUpdated":1,"sguid":{"$binary": "e0YyOUU4NTVFLThCMDItNDQyRi05OEVFQ0M5OTFDN0JGNTA2fQ==", "$type": "00"}}
{"hsoq":206,"hsec":121,"dQty":1000,"dtSerial":"05/03/07 10:49:54","fUpdated":1,"sguid":{"$binary": "ezJCOTU0MzQ2LTdFQzYtNDJBNS1CQTc0OTk2NzgwNDE3MjcxfQ==", "$type": "00"}}
{"hsoq":207,"hsec":122,"hacct":77,"dQty":10,"dtSerial":"05/03/07 10:49:54","fUpdated":1,"sguid":{"$binary": "e0IyMzFDNEY3LTQ3QjQtNDQwNi1CMDA5RTZFMjM5NTcyMzdCfQ==", "$type": "00"}}
{"hsoq":208,"hsec":122,"dQty":10,"dtSerial":"05/03/07 10:49:54","fUpdated":1,"sguid":{"$binary": "ezU2QjQwMEY1LTEwMkEtNEM5NC04QTYwNzUwRjREMkExNkJCfQ==", "$type": "00"}}
