{"hsvc":7,"hacct":39,"hprovfi":11,"grfsvcCurrent":8,"grfsvcOld":0,"grfsvcPending":0,"fNotify":0,"fNew":0,"amtLastStmt":-4740.0700,"dtLastStmtDown":"08/20/02 04:00:00","olat":-1,"mAcctNumAlias":"⸪礙삟苽룎㶀殙㜙ధ൯뵀缣냎�","dtSerial":"04/20/07 10:42:30","fPinChgRequired":0,"iError":0,"iProvError":-1,"lcidError":-1,"sguid":{"$binary": "e0ZDMEJGQjg4LTI2MjYtNDUwNC04NkUwMUIwOUJFRkY1ODU1fQ==", "$type": "00"},"fUpdated":1,"atOnline":-1}
{"hsvc":8,"hacct":42,"hprovfi":11,"grfsvcCurrent":8,"grfsvcOld":0,"grfsvcPending":0,"fNotify":0,"fNew":0,"amtLastStmt":1728.2500,"dtLastStmtDown":"11/05/05 07:00:00","olat":0,"mAcctNumAlias":"⸮礟삛苻룉㶏","mBankId":"119999999","dtSerial":"04/20/07 10:42:30","fPinChgRequired":0,"iError":0,"iProvError":0,"lcidError":0,"sguid":{"$binary": "e0Y1RkU1QjNELTJERTctNEM2Ri1BMTgwNkM4OTI2OTE4MjM1fQ==", "$type": "00"},"fUpdated":1,"atOnline":3}
{"hsvc":15,"hacct":42,"hprovfi":13,"grfsvcCurrent":8,"grfsvcOld":8,"grfsvcPending":0,"fNotify":0,"fNew":0,"amtLastStmt":3452.6200,"dtLastStmtDown":"08/30/02 00:00:00","olat":0,"dtSerial":"04/20/07 10:42:30","fPinChgRequired":0,"iError":0,"iProvError":-1,"lcidError":-1,"sguid":{"$binary": "ezQyRDAwRkQ2LTZCQjYtNDI5RC1CNTY2MTFENUNGQjMxQThBfQ==", "$type": "00"},"fUpdated":1,"atOnline":-1}
{"hsvc":19,"hacct":39,"hprovfi":16,"grfsvcCurrent":8,"grfsvcOld":8,"grfsvcPending":0,"fNotify":0,"fNew":0,"dtLastStmtDown":"01/00/00 00:00:00","olat":2,"dtSerial":"04/20/07 10:42:30","fPinChgRequired":0,"iError":0,"iProvError":-1,"lcidError":-1,"sguid":{"$binary": "ezEyMDYzNzczLTlEQTMtNDQxMi1BMDExQkI4MTk2RjE0QTBBfQ==", "$type": "00"},"fUpdated":1,"atOnline":-1}
{"hsvc":20,"hacct":68,"hprovfi":16,"grfsvcCurrent":8,"grfsvcOld":8,"grfsvcPending":0,"fNotify":0,"fNew":0,"dtLastStmtDown":"01/00/00 00:00:00","olat":1,"dtSerial":"04/20/07 10:42:30","fPinChgRequired":0,"iError":0,"iProvError":-1,"lcidError":-1,"sguid":{"$binary": "ezI1OUNDNTI1LUY4QTUtNEI5My04Mzg4MDA5QzhFMUFCMUQ5fQ==", "$type": "00"},"fUpdated":1,"atOnline":-1}
{"hsvc":21,"hacct":42,"hprovfi":16,"grfsvcCurrent":8,"grfsvcOld":8,"grfsvcPending":0,"fNotify":0,"fNew":0,"dtLastStmtDown":"01/00/00 00:00:00","olat":0,"dtSerial":"04/20/07 10:42:30","fPinChgRequired":0,"iError":0,"iProvError":-1,"lcidError":-1,"sguid":{"$binary": "e0EzNjI1NkFDLTQ3QUItNDNCMi04ODVFMDlENDlCOEFFQTM1fQ==", "$type": "00"},"fUpdated":1,"atOnline":-1}
{"hsvc":22,"hacct":2,"hprovfi":11,"grfsvcCurrent":8,"grfsvcOld":0,"grfsvcPending":0,"fNotify":0,"fNew":0,"amtLastStmt":18296.6500,"dtLastStmtDown":"01/30/05 07:00:00","olat":16,"mAcctNumAlias":"⸫礝삞苷룍㶃","dtSerial":"04/20/07 10:42:30","fPinChgRequired":0,"iError":0,"iProvError":0,"lcidError":0,"sguid":{"$binary": "e0U4RkNDMDAxLTRCQkEtNEE2NS05Q0NEQjFCMkU2QjgwREVDfQ==", "$type": "00"},"fUpdated":1,"mBrokerId":"2","atOnline":9}
{"hsvc":23,"hacct":3,"hprovfi":11,"grfsvcCurrent":8,"grfsvcOld":0,"grfsvcPending":0,"fNotify":0,"fNew":0,"amtLastStmt":0.0000,"dtLastStmtDown":"01/30/05 07:00:00","olat":0,"mAcctNumAlias":"⸫礝삞苷룍㶃","dtSerial":"04/20/07 10:42:30","fPinChgRequired":0,"iError":0,"iProvError":0,"lcidError":0,"sguid":{"$binary": "e0Q0Mjc4Q0JELTM4QUItNDZENy05NjlGMzZGQkI4QzFENkRFfQ==", "$type": "00"},"fUpdated":1,"mBrokerId":"2","atOnline":3}
