{"htrn":616,"dPrice":21.9,"qty":156,"fFract":0,"lott":-1}
{"htrn":617,"dPrice":1,"qty":2500,"fFract":0,"lott":-1}
{"htrn":619,"dPrice":11.14,"qty":527,"fFract":0,"lott":-1}
{"htrn":620,"dPrice":994,"qty":12,"fFract":0,"lott":-1}
{"htrn":660,"dPrice":24.875,"qty":800,"amtCmn":39.0000,"fFract":0,"lott":-1,"amtCmnUser":39.0000}
{"htrn":1046,"dPrice":0,"qty":0,"amtCmn":0.0000,"fFract":0,"lott":1,"amtCmnUser":0.0000}
{"htrn":1047,"dPrice":0,"qty":0,"amtCmn":0.0000,"fFract":0,"lott":1,"amtCmnUser":0.0000}
{"htrn":1048,"dPrice":0,"qty":0,"amtCmn":0.0000,"fFract":0,"lott":1,"amtCmnUser":0.0000}
{"htrn":1049,"dPrice":0,"qty":110.25,"fFract":0,"lott":1}
{"htrn":1050,"dPrice":0,"qty":0,"amtCmn":0.0000,"fFract":0,"lott":1,"amtCmnUser":0.0000}
{"htrn":1051,"dPrice":0,"qty":0,"amtCmn":0.0000,"fFract":0,"lott":1,"amtCmnUser":0.0000}
{"htrn":1052,"dPrice":0,"qty":0,"amtCmn":0.0000,"fFract":0,"lott":1,"amtCmnUser":0.0000}
{"htrn":1418,"dPrice":42,"qty":100,"amtCmn":20.0000,"fFract":0,"lott":1,"amtCmnUser":20.0000}
{"htrn":1537,"dPrice":130,"qty":50,"amtCmn":30.0000,"fFract":0,"lott":1,"amtCmnUser":30.0000}
{"htrn":1541,"dPrice":24,"qty":100,"amtCmn":0.0000,"fFract":0,"lott":1,"amtCmnUser":0.0000}
{"htrn":1544,"dPrice":0,"qty":0,"amtCmn":0.0000,"fFract":0,"lott":1,"amtCmnUser":0.0000}
{"htrn":1545,"dPrice":0,"qty":0,"amtCmn":0.0000,"fFract":0,"lott":1,"amtCmnUser":0.0000}
{"htrn":1933,"dPrice":1,"qty":5024.66,"amtCmn":0.0000,"fFract":0,"lott":-1,"amtCmnUser":0.0000}
{"htrn":1935,"dPrice":1.02688,"qty":20000,"amtCmn":40.0000,"fFract":0,"lott":1,"amtCmnUser":40.0000,"amtInt":37.2500}
{"htrn":1937,"dPrice":0.98609,"qty":1000,"amtCmn":20.0000,"fFract":0,"lott":1,"amtCmnUser":20.0000,"amtInt":12.4400}
{"htrn":1939,"dPrice":1,"qty":10000,"amtCmn":20.0000,"fFract":0,"lott":-1,"amtCmnUser":20.0000}
{"htrn":1965,"dPrice":1.0425,"qty":15000,"amtCmn":30.0000,"fFract":0,"lott":1,"amtCmnUser":30.0000,"amtInt":462.6600}
{"htrn":1969,"dPrice":0.9975000000000001,"qty":10000,"amtCmn":30.0000,"fFract":0,"lott":1,"amtCmnUser":30.0000}
{"htrn":2449,"dPrice":53.1,"qty":54,"fFract":0,"lott":1}
{"htrn":2467,"dPrice":154,"qty":100,"amtCmn":20.5200,"fFract":0,"lott":1,"amtCmnUser":20.5200}
{"htrn":2477,"dPrice":34.69,"qty":86,"fFract":0,"lott":1}
{"htrn":2481,"dPrice":309.75,"qty":30,"amtCmn":20.0000,"fFract":0,"lott":1,"amtCmnUser":20.0000}
{"htrn":2483,"dPrice":102.5,"qty":60,"amtCmn":20.0000,"fFract":0,"lott":1,"amtCmnUser":20.0000}
{"htrn":2485,"dPrice":55.73,"qty":53,"fFract":0,"lott":1}
{"htrn":2727,"dPrice":23.5,"qty":50,"fFract":0,"lott":-1}
{"htrn":2737,"dPrice":41.5,"qty":150,"amtCmn":0.0000,"fFract":0,"lott":-1,"amtCmnUser":0.0000}
{"htrn":2755,"dPrice":43.78,"qty":100,"fFract":0,"lott":1}
{"htrn":2756,"dPrice":36,"qty":100,"fFract":0,"lott":1}
{"htrn":2757,"dPrice":26.17,"qty":100,"fFract":0,"lott":1}
{"htrn":2758,"dPrice":35.07,"qty":100,"fFract":0,"lott":1}
{"htrn":2759,"dPrice":35.07,"qty":100,"fFract":0,"lott":1}
{"htrn":2760,"dPrice":38.9,"qty":15,"amtCmn":40.0000,"fFract":0,"lott":1,"amtCmnUser":40.0000}
{"htrn":2762,"dPrice":27.11,"qty":25,"amtCmn":40.0000,"fFract":0,"lott":1,"amtCmnUser":40.0000}
{"htrn":2764,"dPrice":36.9,"qty":20,"amtCmn":40.0000,"fFract":0,"lott":1,"amtCmnUser":40.0000}
{"htrn":2766,"dPrice":44.9,"qty":45,"amtCmn":40.0000,"fFract":0,"lott":1,"amtCmnUser":40.0000}
{"htrn":2768,"dPrice":37.11,"qty":40,"amtCmn":40.0000,"fFract":0,"lott":1,"amtCmnUser":40.0000}
{"htrn":2770,"dPrice":21.5,"qty":200,"fFract":0,"lott":-1}
{"htrn":2772,"dPrice":23.5,"qty":44,"fFract":0,"lott":-1}
{"htrn":4075,"qty":8345,"fFract":0,"lott":1}
{"htrn":4076,"dPrice":1,"qty":8345,"amtCmn":0.0000,"fFract":0,"lott":1,"amtCmnUser":0.0000}
{"htrn":4080,"dPrice":1,"qty":51.28,"amtCmn":0.0000,"fFract":0,"lott":1,"amtCmnUser":0.0000}
{"htrn":4082,"dPrice":1,"qty":35,"amtCmn":0.0000,"fFract":0,"lott":1,"amtCmnUser":0.0000}
{"htrn":4087,"qty":800,"fFract":0,"lott":1}
{"htrn":4882,"dPrice":15,"qty":1000,"fFract":0,"lott":-1}
{"htrn":4883,"qty":100,"fFract":0,"lott":-1}
{"htrn":4884,"qty":100,"fFract":0,"lott":-1}
{"htrn":4885,"qty":100,"fFract":0,"lott":-1}
{"htrn":4886,"qty":100,"fFract":0,"lott":-1}
{"htrn":4887,"qty":100,"fFract":0,"lott":-1}
{"htrn":4888,"qty":100,"fFract":0,"lott":-1}
{"htrn":4889,"qty":100,"fFract":0,"lott":-1}
{"htrn":4890,"qty":100,"fFract":0,"lott":-1}
{"htrn":4891,"qty":100,"fFract":0,"lott":-1}
{"htrn":4892,"qty":100,"fFract":0,"lott":-1}
{"htrn":4893,"qty":1000,"fFract":0,"lott":-1}
{"htrn":4894,"dPrice":1.91,"qty":1000,"amtCmn":0.0000,"fFract":0,"lott":-1,"amtCmnUser":0.0000}
{"htrn":4896,"dPrice":683.5,"qty":10,"amtCmn":0.0000,"fFract":0,"lott":-1,"amtCmnUser":0.0000}
{"htrn":4900,"dPrice":25,"qty":50,"fFract":0,"lott":1}
{"htrn":4911,"dPrice":26,"qty":10,"amtCmn":0.0000,"fFract":0,"lott":1,"amtCmnUser":0.0000}
