{"htrn":2750,"htrnParent":2749,"iSplit":0}
{"htrn":2752,"htrnParent":2749,"iSplit":1}
{"htrn":2753,"htrnParent":2749,"iSplit":2}
{"htrn":1786,"htrnParent":1785,"iSplit":0}
{"htrn":1788,"htrnParent":1785,"iSplit":1}
{"htrn":2025,"htrnParent":1773,"iSplit":0}
{"htrn":2026,"htrnParent":1773,"iSplit":1}
{"htrn":2027,"htrnParent":1773,"iSplit":2}
{"htrn":2028,"htrnParent":1773,"iSplit":3}
{"htrn":2029,"htrnParent":1775,"iSplit":0}
{"htrn":2030,"htrnParent":1775,"iSplit":1}
{"htrn":2031,"htrnParent":1775,"iSplit":2}
{"htrn":2032,"htrnParent":1775,"iSplit":3}
{"htrn":2033,"htrnParent":1777,"iSplit":0}
{"htrn":2034,"htrnParent":1777,"iSplit":1}
{"htrn":2035,"htrnParent":1777,"iSplit":2}
{"htrn":2036,"htrnParent":1777,"iSplit":3}
{"htrn":1982,"htrnParent":1981,"iSplit":0}
{"htrn":1984,"htrnParent":1981,"iSplit":1}
{"htrn":1985,"htrnParent":1981,"iSplit":2}
{"htrn":2037,"htrnParent":1779,"iSplit":0}
{"htrn":2038,"htrnParent":1779,"iSplit":1}
{"htrn":2039,"htrnParent":1779,"iSplit":2}
{"htrn":2040,"htrnParent":1779,"iSplit":3}
{"htrn":2041,"htrnParent":1781,"iSplit":0}
{"htrn":2042,"htrnParent":1781,"iSplit":1}
{"htrn":2043,"htrnParent":1781,"iSplit":2}
{"htrn":2044,"htrnParent":1781,"iSplit":3}
{"htrn":1988,"htrnParent":1987,"iSplit":0}
{"htrn":1990,"htrnParent":1987,"iSplit":1}
{"htrn":1991,"htrnParent":1987,"iSplit":2}
{"htrn":2045,"htrnParent":1783,"iSplit":0}
{"htrn":2046,"htrnParent":1783,"iSplit":1}
{"htrn":2047,"htrnParent":1783,"iSplit":2}
{"htrn":2048,"htrnParent":1783,"iSplit":3}
{"htrn":2049,"htrnParent":1860,"iSplit":0}
{"htrn":2050,"htrnParent":1860,"iSplit":1}
{"htrn":2051,"htrnParent":1860,"iSplit":2}
{"htrn":2052,"htrnParent":1860,"iSplit":3}
{"htrn":2398,"htrnParent":2397,"iSplit":0}
{"htrn":2400,"htrnParent":2397,"iSplit":1}
{"htrn":2401,"htrnParent":2397,"iSplit":2}
{"htrn":9,"htrnParent":8,"iSplit":0}
{"htrn":10,"htrnParent":8,"iSplit":1}
{"htrn":12,"htrnParent":11,"iSplit":0}
{"htrn":13,"htrnParent":11,"iSplit":1}
{"htrn":15,"htrnParent":14,"iSplit":0}
{"htrn":16,"htrnParent":14,"iSplit":1}
{"htrn":18,"htrnParent":17,"iSplit":0}
{"htrn":19,"htrnParent":17,"iSplit":1}
{"htrn":21,"htrnParent":20,"iSplit":0}
{"htrn":22,"htrnParent":20,"iSplit":1}
{"htrn":24,"htrnParent":23,"iSplit":0}
{"htrn":25,"htrnParent":23,"iSplit":1}
{"htrn":27,"htrnParent":26,"iSplit":0}
{"htrn":28,"htrnParent":26,"iSplit":1}
{"htrn":30,"htrnParent":29,"iSplit":0}
{"htrn":31,"htrnParent":29,"iSplit":1}
{"htrn":33,"htrnParent":32,"iSplit":0}
{"htrn":34,"htrnParent":32,"iSplit":1}
{"htrn":36,"htrnParent":35,"iSplit":0}
{"htrn":37,"htrnParent":35,"iSplit":1}
{"htrn":39,"htrnParent":38,"iSplit":0}
{"htrn":40,"htrnParent":38,"iSplit":1}
{"htrn":42,"htrnParent":41,"iSplit":0}
{"htrn":43,"htrnParent":41,"iSplit":1}
{"htrn":45,"htrnParent":44,"iSplit":0}
{"htrn":46,"htrnParent":44,"iSplit":1}
{"htrn":48,"htrnParent":47,"iSplit":0}
{"htrn":49,"htrnParent":47,"iSplit":1}
{"htrn":51,"htrnParent":50,"iSplit":0}
{"htrn":52,"htrnParent":50,"iSplit":1}
{"htrn":54,"htrnParent":53,"iSplit":0}
{"htrn":55,"htrnParent":53,"iSplit":1}
{"htrn":57,"htrnParent":56,"iSplit":0}
{"htrn":58,"htrnParent":56,"iSplit":1}
{"htrn":60,"htrnParent":59,"iSplit":0}
{"htrn":61,"htrnParent":59,"iSplit":1}
{"htrn":63,"htrnParent":62,"iSplit":0}
{"htrn":64,"htrnParent":62,"iSplit":1}
{"htrn":66,"htrnParent":65,"iSplit":0}
{"htrn":67,"htrnParent":65,"iSplit":1}
{"htrn":69,"htrnParent":68,"iSplit":0}
{"htrn":70,"htrnParent":68,"iSplit":1}
{"htrn":72,"htrnParent":71,"iSplit":0}
{"htrn":73,"htrnParent":71,"iSplit":1}
{"htrn":75,"htrnParent":74,"iSplit":0}
{"htrn":76,"htrnParent":74,"iSplit":1}
{"htrn":78,"htrnParent":77,"iSplit":0}
{"htrn":79,"htrnParent":77,"iSplit":1}
{"htrn":81,"htrnParent":80,"iSplit":0}
{"htrn":82,"htrnParent":80,"iSplit":1}
{"htrn":84,"htrnParent":83,"iSplit":0}
{"htrn":85,"htrnParent":83,"iSplit":1}
{"htrn":87,"htrnParent":86,"iSplit":0}
{"htrn":88,"htrnParent":86,"iSplit":1}
{"htrn":90,"htrnParent":89,"iSplit":0}
{"htrn":91,"htrnParent":89,"iSplit":1}
{"htrn":93,"htrnParent":92,"iSplit":0}
{"htrn":94,"htrnParent":92,"iSplit":1}
{"htrn":96,"htrnParent":95,"iSplit":0}
{"htrn":97,"htrnParent":95,"iSplit":1}
{"htrn":99,"htrnParent":98,"iSplit":0}
{"htrn":100,"htrnParent":98,"iSplit":1}
{"htrn":102,"htrnParent":101,"iSplit":0}
{"htrn":103,"htrnParent":101,"iSplit":1}
{"htrn":105,"htrnParent":104,"iSplit":0}
{"htrn":106,"htrnParent":104,"iSplit":1}
{"htrn":108,"htrnParent":107,"iSplit":0}
{"htrn":109,"htrnParent":107,"iSplit":1}
{"htrn":111,"htrnParent":110,"iSplit":0}
{"htrn":112,"htrnParent":110,"iSplit":1}
{"htrn":114,"htrnParent":113,"iSplit":0}
{"htrn":115,"htrnParent":113,"iSplit":1}
{"htrn":117,"htrnParent":116,"iSplit":0}
{"htrn":118,"htrnParent":116,"iSplit":1}
{"htrn":120,"htrnParent":119,"iSplit":0}
{"htrn":121,"htrnParent":119,"iSplit":1}
{"htrn":123,"htrnParent":122,"iSplit":0}
{"htrn":124,"htrnParent":122,"iSplit":1}
{"htrn":126,"htrnParent":125,"iSplit":0}
{"htrn":127,"htrnParent":125,"iSplit":1}
{"htrn":129,"htrnParent":128,"iSplit":0}
{"htrn":130,"htrnParent":128,"iSplit":1}
{"htrn":132,"htrnParent":131,"iSplit":0}
{"htrn":133,"htrnParent":131,"iSplit":1}
{"htrn":135,"htrnParent":134,"iSplit":0}
{"htrn":136,"htrnParent":134,"iSplit":1}
{"htrn":138,"htrnParent":137,"iSplit":0}
{"htrn":139,"htrnParent":137,"iSplit":1}
{"htrn":141,"htrnParent":140,"iSplit":0}
{"htrn":142,"htrnParent":140,"iSplit":1}
{"htrn":144,"htrnParent":143,"iSplit":0}
{"htrn":145,"htrnParent":143,"iSplit":1}
{"htrn":147,"htrnParent":146,"iSplit":0}
{"htrn":148,"htrnParent":146,"iSplit":1}
{"htrn":150,"htrnParent":149,"iSplit":0}
{"htrn":151,"htrnParent":149,"iSplit":1}
{"htrn":153,"htrnParent":152,"iSplit":0}
{"htrn":154,"htrnParent":152,"iSplit":1}
{"htrn":156,"htrnParent":155,"iSplit":0}
{"htrn":157,"htrnParent":155,"iSplit":1}
{"htrn":159,"htrnParent":158,"iSplit":0}
{"htrn":160,"htrnParent":158,"iSplit":1}
{"htrn":162,"htrnParent":161,"iSplit":0}
{"htrn":163,"htrnParent":161,"iSplit":1}
{"htrn":165,"htrnParent":164,"iSplit":0}
{"htrn":166,"htrnParent":164,"iSplit":1}
{"htrn":168,"htrnParent":167,"iSplit":0}
{"htrn":169,"htrnParent":167,"iSplit":1}
{"htrn":171,"htrnParent":170,"iSplit":0}
{"htrn":2436,"htrnParent":2432,"iSplit":3}
{"htrn":2552,"htrnParent":2551,"iSplit":0}
{"htrn":2553,"htrnParent":2551,"iSplit":1}
{"htrn":2554,"htrnParent":2551,"iSplit":2}
{"htrn":2555,"htrnParent":2551,"iSplit":3}
{"htrn":2557,"htrnParent":2556,"iSplit":0}
{"htrn":2558,"htrnParent":2556,"iSplit":1}
{"htrn":2559,"htrnParent":2556,"iSplit":2}
{"htrn":2560,"htrnParent":2556,"iSplit":3}
{"htrn":2562,"htrnParent":2561,"iSplit":0}
{"htrn":2563,"htrnParent":2561,"iSplit":1}
{"htrn":2564,"htrnParent":2561,"iSplit":2}
{"htrn":2565,"htrnParent":2561,"iSplit":3}
{"htrn":2567,"htrnParent":2566,"iSplit":0}
{"htrn":2568,"htrnParent":2566,"iSplit":1}
{"htrn":2569,"htrnParent":2566,"iSplit":2}
{"htrn":2570,"htrnParent":2566,"iSplit":3}
{"htrn":2572,"htrnParent":2571,"iSplit":0}
{"htrn":2573,"htrnParent":2571,"iSplit":1}
{"htrn":2574,"htrnParent":2571,"iSplit":2}
{"htrn":2575,"htrnParent":2571,"iSplit":3}
{"htrn":2577,"htrnParent":2576,"iSplit":0}
{"htrn":2578,"htrnParent":2576,"iSplit":1}
{"htrn":2579,"htrnParent":2576,"iSplit":2}
{"htrn":2580,"htrnParent":2576,"iSplit":3}
{"htrn":2582,"htrnParent":2581,"iSplit":0}
{"htrn":2583,"htrnParent":2581,"iSplit":1}
{"htrn":2584,"htrnParent":2581,"iSplit":2}
{"htrn":2585,"htrnParent":2581,"iSplit":3}
{"htrn":2587,"htrnParent":2586,"iSplit":0}
{"htrn":2588,"htrnParent":2586,"iSplit":1}
{"htrn":2589,"htrnParent":2586,"iSplit":2}
{"htrn":2590,"htrnParent":2586,"iSplit":3}
{"htrn":2592,"htrnParent":2591,"iSplit":0}
{"htrn":2593,"htrnParent":2591,"iSplit":1}
{"htrn":2594,"htrnParent":2591,"iSplit":2}
{"htrn":2595,"htrnParent":2591,"iSplit":3}
{"htrn":2597,"htrnParent":2596,"iSplit":0}
{"htrn":2598,"htrnParent":2596,"iSplit":1}
{"htrn":2599,"htrnParent":2596,"iSplit":2}
{"htrn":2600,"htrnParent":2596,"iSplit":3}
{"htrn":2602,"htrnParent":2601,"iSplit":0}
{"htrn":2603,"htrnParent":2601,"iSplit":1}
{"htrn":2604,"htrnParent":2601,"iSplit":2}
{"htrn":2605,"htrnParent":2601,"iSplit":3}
{"htrn":2607,"htrnParent":2606,"iSplit":0}
{"htrn":2608,"htrnParent":2606,"iSplit":1}
{"htrn":2609,"htrnParent":2606,"iSplit":2}
{"htrn":2610,"htrnParent":2606,"iSplit":3}
{"htrn":2612,"htrnParent":2611,"iSplit":0}
{"htrn":2613,"htrnParent":2611,"iSplit":1}
{"htrn":2614,"htrnParent":2611,"iSplit":2}
{"htrn":2615,"htrnParent":2611,"iSplit":3}
{"htrn":2638,"htrnParent":2637,"iSplit":0}
{"htrn":2640,"htrnParent":2637,"iSplit":1}
{"htrn":2641,"htrnParent":2637,"iSplit":2}
{"htrn":2644,"htrnParent":2643,"iSplit":0}
{"htrn":2646,"htrnParent":2643,"iSplit":1}
{"htrn":2647,"htrnParent":2643,"iSplit":2}
{"htrn":2650,"htrnParent":2649,"iSplit":0}
{"htrn":2652,"htrnParent":2649,"iSplit":1}
{"htrn":2653,"htrnParent":2649,"iSplit":2}
{"htrn":2656,"htrnParent":2655,"iSplit":0}
{"htrn":2658,"htrnParent":2655,"iSplit":1}
{"htrn":2659,"htrnParent":2655,"iSplit":2}
{"htrn":2662,"htrnParent":2661,"iSplit":0}
{"htrn":2664,"htrnParent":2661,"iSplit":1}
{"htrn":2665,"htrnParent":2661,"iSplit":2}
{"htrn":2668,"htrnParent":2667,"iSplit":0}
{"htrn":2670,"htrnParent":2667,"iSplit":1}
{"htrn":2671,"htrnParent":2667,"iSplit":2}
{"htrn":2674,"htrnParent":2673,"iSplit":0}
{"htrn":2676,"htrnParent":2673,"iSplit":1}
{"htrn":2677,"htrnParent":2673,"iSplit":2}
{"htrn":2703,"htrnParent":2702,"iSplit":0}
{"htrn":2704,"htrnParent":2702,"iSplit":1}
{"htrn":2705,"htrnParent":2702,"iSplit":2}
{"htrn":2706,"htrnParent":2702,"iSplit":3}
{"htrn":2777,"htrnParent":2776,"iSplit":0}
{"htrn":2778,"htrnParent":2776,"iSplit":1}
{"htrn":2779,"htrnParent":2776,"iSplit":2}
{"htrn":2780,"htrnParent":2776,"iSplit":3}
{"htrn":2781,"htrnParent":2776,"iSplit":4}
{"htrn":2859,"htrnParent":2858,"iSplit":0}
{"htrn":2861,"htrnParent":2858,"iSplit":1}
{"htrn":2862,"htrnParent":2858,"iSplit":2}
{"htrn":2865,"htrnParent":2864,"iSplit":0}
{"htrn":2867,"htrnParent":2864,"iSplit":1}
{"htrn":2868,"htrnParent":2864,"iSplit":2}
{"htrn":2871,"htrnParent":2870,"iSplit":0}
{"htrn":2873,"htrnParent":2870,"iSplit":1}
{"htrn":2874,"htrnParent":2870,"iSplit":2}
{"htrn":2877,"htrnParent":2876,"iSplit":0}
{"htrn":2879,"htrnParent":2876,"iSplit":1}
{"htrn":2880,"htrnParent":2876,"iSplit":2}
{"htrn":2883,"htrnParent":2882,"iSplit":0}
{"htrn":2885,"htrnParent":2882,"iSplit":1}
{"htrn":2886,"htrnParent":2882,"iSplit":2}
{"htrn":2889,"htrnParent":2888,"iSplit":0}
{"htrn":2891,"htrnParent":2888,"iSplit":1}
{"htrn":2892,"htrnParent":2888,"iSplit":2}
{"htrn":2895,"htrnParent":2894,"iSplit":0}
{"htrn":2897,"htrnParent":2894,"iSplit":1}
{"htrn":2898,"htrnParent":2894,"iSplit":2}
{"htrn":2925,"htrnParent":2924,"iSplit":0}
{"htrn":2926,"htrnParent":2924,"iSplit":1}
{"htrn":2927,"htrnParent":2924,"iSplit":2}
{"htrn":2928,"htrnParent":2924,"iSplit":3}
{"htrn":2929,"htrnParent":2924,"iSplit":4}
{"htrn":2932,"htrnParent":2931,"iSplit":0}
{"htrn":2933,"htrnParent":2931,"iSplit":1}
{"htrn":2934,"htrnParent":2931,"iSplit":2}
{"htrn":2935,"htrnParent":2931,"iSplit":3}
{"htrn":2936,"htrnParent":2931,"iSplit":4}
{"htrn":2939,"htrnParent":2938,"iSplit":0}
{"htrn":2940,"htrnParent":2938,"iSplit":1}
{"htrn":2941,"htrnParent":2938,"iSplit":2}
{"htrn":2942,"htrnParent":2938,"iSplit":3}
{"htrn":2943,"htrnParent":2938,"iSplit":4}
{"htrn":2946,"htrnParent":2945,"iSplit":0}
{"htrn":2947,"htrnParent":2945,"iSplit":1}
{"htrn":2948,"htrnParent":2945,"iSplit":2}
{"htrn":2949,"htrnParent":2945,"iSplit":3}
{"htrn":2950,"htrnParent":2945,"iSplit":4}
{"htrn":2953,"htrnParent":2952,"iSplit":0}
{"htrn":2954,"htrnParent":2952,"iSplit":1}
{"htrn":2955,"htrnParent":2952,"iSplit":2}
{"htrn":2956,"htrnParent":2952,"iSplit":3}
{"htrn":2957,"htrnParent":2952,"iSplit":4}
{"htrn":2960,"htrnParent":2959,"iSplit":0}
{"htrn":2961,"htrnParent":2959,"iSplit":1}
{"htrn":2962,"htrnParent":2959,"iSplit":2}
{"htrn":2963,"htrnParent":2959,"iSplit":3}
{"htrn":2964,"htrnParent":2959,"iSplit":4}
{"htrn":2967,"htrnParent":2966,"iSplit":0}
{"htrn":2968,"htrnParent":2966,"iSplit":1}
{"htrn":2969,"htrnParent":2966,"iSplit":2}
{"htrn":2970,"htrnParent":2966,"iSplit":3}
{"htrn":2971,"htrnParent":2966,"iSplit":4}
{"htrn":4877,"htrnParent":4876,"iSplit":0}
{"htrn":4879,"htrnParent":4876,"iSplit":1}
{"htrn":4880,"htrnParent":4876,"iSplit":2}
{"htrn":3728,"htrnParent":3724,"iSplit":3}
{"htrn":3729,"htrnParent":3724,"iSplit":4}
{"htrn":3732,"htrnParent":3731,"iSplit":0}
{"htrn":3733,"htrnParent":3731,"iSplit":1}
{"htrn":3734,"htrnParent":3731,"iSplit":2}
{"htrn":3735,"htrnParent":3731,"iSplit":3}
{"htrn":3736,"htrnParent":3731,"iSplit":4}
{"htrn":3739,"htrnParent":3738,"iSplit":0}
{"htrn":3740,"htrnParent":3738,"iSplit":1}
{"htrn":3741,"htrnParent":3738,"iSplit":2}
{"htrn":3742,"htrnParent":3738,"iSplit":3}
{"htrn":3743,"htrnParent":3738,"iSplit":4}
{"htrn":3746,"htrnParent":3745,"iSplit":0}
{"htrn":3747,"htrnParent":3745,"iSplit":1}
{"htrn":3748,"htrnParent":3745,"iSplit":2}
{"htrn":3749,"htrnParent":3745,"iSplit":3}
{"htrn":3750,"htrnParent":3745,"iSplit":4}
{"htrn":3753,"htrnParent":3752,"iSplit":0}
{"htrn":3754,"htrnParent":3752,"iSplit":1}
{"htrn":3755,"htrnParent":3752,"iSplit":2}
{"htrn":3756,"htrnParent":3752,"iSplit":3}
{"htrn":3757,"htrnParent":3752,"iSplit":4}
{"htrn":3760,"htrnParent":3759,"iSplit":0}
{"htrn":3761,"htrnParent":3759,"iSplit":1}
{"htrn":3762,"htrnParent":3759,"iSplit":2}
{"htrn":3763,"htrnParent":3759,"iSplit":3}
{"htrn":3764,"htrnParent":3759,"iSplit":4}
{"htrn":3767,"htrnParent":3766,"iSplit":0}
{"htrn":3768,"htrnParent":3766,"iSplit":1}
{"htrn":3769,"htrnParent":3766,"iSplit":2}
{"htrn":3770,"htrnParent":3766,"iSplit":3}
{"htrn":3771,"htrnParent":3766,"iSplit":4}
{"htrn":3828,"htrnParent":3827,"iSplit":0}
{"htrn":3830,"htrnParent":3827,"iSplit":1}
{"htrn":3831,"htrnParent":3827,"iSplit":2}
{"htrn":3834,"htrnParent":3833,"iSplit":0}
{"htrn":3836,"htrnParent":3833,"iSplit":1}
{"htrn":3837,"htrnParent":3833,"iSplit":2}
{"htrn":3840,"htrnParent":3839,"iSplit":0}
{"htrn":3842,"htrnParent":3839,"iSplit":1}
{"htrn":3843,"htrnParent":3839,"iSplit":2}
{"htrn":3846,"htrnParent":3845,"iSplit":0}
{"htrn":3848,"htrnParent":3845,"iSplit":1}
{"htrn":3849,"htrnParent":3845,"iSplit":2}
{"htrn":3852,"htrnParent":3851,"iSplit":0}
{"htrn":3854,"htrnParent":3851,"iSplit":1}
{"htrn":3855,"htrnParent":3851,"iSplit":2}
{"htrn":3858,"htrnParent":3857,"iSplit":0}
{"htrn":3860,"htrnParent":3857,"iSplit":1}
{"htrn":3861,"htrnParent":3857,"iSplit":2}
{"htrn":3864,"htrnParent":3863,"iSplit":0}
{"htrn":3866,"htrnParent":3863,"iSplit":1}
{"htrn":3867,"htrnParent":3863,"iSplit":2}
{"htrn":3914,"htrnParent":3913,"iSplit":0}
{"htrn":3916,"htrnParent":3913,"iSplit":1}
{"htrn":3917,"htrnParent":3913,"iSplit":2}
{"htrn":3920,"htrnParent":3919,"iSplit":0}
{"htrn":3922,"htrnParent":3919,"iSplit":1}
{"htrn":3923,"htrnParent":3919,"iSplit":2}
{"htrn":3926,"htrnParent":3925,"iSplit":0}
{"htrn":3928,"htrnParent":3925,"iSplit":1}
{"htrn":3929,"htrnParent":3925,"iSplit":2}
{"htrn":3932,"htrnParent":3931,"iSplit":0}
{"htrn":3934,"htrnParent":3931,"iSplit":1}
{"htrn":3935,"htrnParent":3931,"iSplit":2}
{"htrn":3938,"htrnParent":3937,"iSplit":0}
{"htrn":3940,"htrnParent":3937,"iSplit":1}
{"htrn":3941,"htrnParent":3937,"iSplit":2}
{"htrn":3954,"htrnParent":3953,"iSplit":0}
{"htrn":3955,"htrnParent":3953,"iSplit":1}
{"htrn":3956,"htrnParent":3953,"iSplit":2}
{"htrn":3957,"htrnParent":3953,"iSplit":3}
{"htrn":3958,"htrnParent":3953,"iSplit":4}
{"htrn":3961,"htrnParent":3960,"iSplit":0}
{"htrn":3962,"htrnParent":3960,"iSplit":1}
{"htrn":3963,"htrnParent":3960,"iSplit":2}
{"htrn":3964,"htrnParent":3960,"iSplit":3}
{"htrn":3965,"htrnParent":3960,"iSplit":4}
{"htrn":3968,"htrnParent":3967,"iSplit":0}
{"htrn":3969,"htrnParent":3967,"iSplit":1}
{"htrn":3970,"htrnParent":3967,"iSplit":2}
{"htrn":3971,"htrnParent":3967,"iSplit":3}
{"htrn":3972,"htrnParent":3967,"iSplit":4}
{"htrn":3975,"htrnParent":3974,"iSplit":0}
{"htrn":3976,"htrnParent":3974,"iSplit":1}
{"htrn":3977,"htrnParent":3974,"iSplit":2}
{"htrn":3978,"htrnParent":3974,"iSplit":3}
{"htrn":3979,"htrnParent":3974,"iSplit":4}
{"htrn":3982,"htrnParent":3981,"iSplit":0}
{"htrn":3983,"htrnParent":3981,"iSplit":1}
{"htrn":3984,"htrnParent":3981,"iSplit":2}
{"htrn":3985,"htrnParent":3981,"iSplit":3}
{"htrn":3986,"htrnParent":3981,"iSplit":4}
{"htrn":3989,"htrnParent":3988,"iSplit":0}
{"htrn":3990,"htrnParent":3988,"iSplit":1}
{"htrn":3991,"htrnParent":3988,"iSplit":2}
{"htrn":3992,"htrnParent":3988,"iSplit":3}
{"htrn":3993,"htrnParent":3988,"iSplit":4}
{"htrn":3996,"htrnParent":3995,"iSplit":0}
{"htrn":3997,"htrnParent":3995,"iSplit":1}
{"htrn":3998,"htrnParent":3995,"iSplit":2}
{"htrn":3999,"htrnParent":3995,"iSplit":3}
{"htrn":4000,"htrnParent":3995,"iSplit":4}
{"htrn":4003,"htrnParent":4002,"iSplit":0}
{"htrn":4004,"htrnParent":4002,"iSplit":1}
{"htrn":4005,"htrnParent":4002,"iSplit":2}
{"htrn":4006,"htrnParent":4002,"iSplit":3}
{"htrn":4007,"htrnParent":4002,"iSplit":4}
{"htrn":4010,"htrnParent":4009,"iSplit":0}
{"htrn":4011,"htrnParent":4009,"iSplit":1}
{"htrn":4012,"htrnParent":4009,"iSplit":2}
{"htrn":4013,"htrnParent":4009,"iSplit":3}
{"htrn":4014,"htrnParent":4009,"iSplit":4}
{"htrn":4017,"htrnParent":4016,"iSplit":0}
{"htrn":4018,"htrnParent":4016,"iSplit":1}
{"htrn":4019,"htrnParent":4016,"iSplit":2}
{"htrn":4020,"htrnParent":4016,"iSplit":3}
{"htrn":4021,"htrnParent":4016,"iSplit":4}
{"htrn":3711,"htrnParent":3710,"iSplit":0}
{"htrn":3712,"htrnParent":3710,"iSplit":1}
{"htrn":3713,"htrnParent":3710,"iSplit":2}
{"htrn":3714,"htrnParent":3710,"iSplit":3}
{"htrn":3715,"htrnParent":3710,"iSplit":4}
{"htrn":4176,"htrnParent":4175,"iSplit":0}
{"htrn":4178,"htrnParent":4175,"iSplit":1}
{"htrn":4179,"htrnParent":4175,"iSplit":2}
{"htrn":4182,"htrnParent":4181,"iSplit":0}
{"htrn":4184,"htrnParent":4181,"iSplit":1}
{"htrn":4185,"htrnParent":4181,"iSplit":2}
{"htrn":4188,"htrnParent":4187,"iSplit":0}
{"htrn":4190,"htrnParent":4187,"iSplit":1}
{"htrn":4191,"htrnParent":4187,"iSplit":2}
{"htrn":4194,"htrnParent":4193,"iSplit":0}
{"htrn":4196,"htrnParent":4193,"iSplit":1}
{"htrn":4197,"htrnParent":4193,"iSplit":2}
{"htrn":4200,"htrnParent":4199,"iSplit":0}
{"htrn":4202,"htrnParent":4199,"iSplit":1}
{"htrn":4203,"htrnParent":4199,"iSplit":2}
{"htrn":4206,"htrnParent":4205,"iSplit":0}
{"htrn":4208,"htrnParent":4205,"iSplit":1}
{"htrn":4209,"htrnParent":4205,"iSplit":2}
{"htrn":4212,"htrnParent":4211,"iSplit":0}
{"htrn":4214,"htrnParent":4211,"iSplit":1}
{"htrn":4215,"htrnParent":4211,"iSplit":2}
{"htrn":4218,"htrnParent":4217,"iSplit":0}
{"htrn":4220,"htrnParent":4217,"iSplit":1}
{"htrn":4221,"htrnParent":4217,"iSplit":2}
{"htrn":4240,"htrnParent":4239,"iSplit":0}
{"htrn":4241,"htrnParent":4239,"iSplit":1}
{"htrn":4242,"htrnParent":4239,"iSplit":2}
{"htrn":4243,"htrnParent":4239,"iSplit":3}
{"htrn":172,"htrnParent":170,"iSplit":1}
{"htrn":174,"htrnParent":173,"iSplit":0}
{"htrn":175,"htrnParent":173,"iSplit":1}
{"htrn":177,"htrnParent":176,"iSplit":0}
{"htrn":178,"htrnParent":176,"iSplit":1}
{"htrn":180,"htrnParent":179,"iSplit":0}
{"htrn":181,"htrnParent":179,"iSplit":1}
{"htrn":183,"htrnParent":182,"iSplit":0}
{"htrn":184,"htrnParent":182,"iSplit":1}
{"htrn":186,"htrnParent":185,"iSplit":0}
{"htrn":187,"htrnParent":185,"iSplit":1}
{"htrn":189,"htrnParent":188,"iSplit":0}
{"htrn":190,"htrnParent":188,"iSplit":1}
{"htrn":192,"htrnParent":191,"iSplit":0}
{"htrn":193,"htrnParent":191,"iSplit":1}
{"htrn":195,"htrnParent":194,"iSplit":0}
{"htrn":196,"htrnParent":194,"iSplit":1}
{"htrn":198,"htrnParent":197,"iSplit":0}
{"htrn":199,"htrnParent":197,"iSplit":1}
{"htrn":201,"htrnParent":200,"iSplit":0}
{"htrn":202,"htrnParent":200,"iSplit":1}
{"htrn":204,"htrnParent":203,"iSplit":0}
{"htrn":205,"htrnParent":203,"iSplit":1}
{"htrn":207,"htrnParent":206,"iSplit":0}
{"htrn":208,"htrnParent":206,"iSplit":1}
{"htrn":210,"htrnParent":209,"iSplit":0}
{"htrn":211,"htrnParent":209,"iSplit":1}
{"htrn":213,"htrnParent":212,"iSplit":0}
{"htrn":214,"htrnParent":212,"iSplit":1}
{"htrn":216,"htrnParent":215,"iSplit":0}
{"htrn":217,"htrnParent":215,"iSplit":1}
{"htrn":219,"htrnParent":218,"iSplit":0}
{"htrn":220,"htrnParent":218,"iSplit":1}
{"htrn":222,"htrnParent":221,"iSplit":0}
{"htrn":223,"htrnParent":221,"iSplit":1}
{"htrn":225,"htrnParent":224,"iSplit":0}
{"htrn":226,"htrnParent":224,"iSplit":1}
{"htrn":228,"htrnParent":227,"iSplit":0}
{"htrn":229,"htrnParent":227,"iSplit":1}
{"htrn":231,"htrnParent":230,"iSplit":0}
{"htrn":232,"htrnParent":230,"iSplit":1}
{"htrn":234,"htrnParent":233,"iSplit":0}
{"htrn":235,"htrnParent":233,"iSplit":1}
{"htrn":237,"htrnParent":236,"iSplit":0}
{"htrn":238,"htrnParent":236,"iSplit":1}
{"htrn":240,"htrnParent":239,"iSplit":0}
{"htrn":241,"htrnParent":239,"iSplit":1}
{"htrn":243,"htrnParent":242,"iSplit":0}
{"htrn":244,"htrnParent":242,"iSplit":1}
{"htrn":246,"htrnParent":245,"iSplit":0}
{"htrn":247,"htrnParent":245,"iSplit":1}
{"htrn":249,"htrnParent":248,"iSplit":0}
{"htrn":250,"htrnParent":248,"iSplit":1}
{"htrn":252,"htrnParent":251,"iSplit":0}
{"htrn":253,"htrnParent":251,"iSplit":1}
{"htrn":255,"htrnParent":254,"iSplit":0}
{"htrn":256,"htrnParent":254,"iSplit":1}
{"htrn":258,"htrnParent":257,"iSplit":0}
{"htrn":259,"htrnParent":257,"iSplit":1}
{"htrn":261,"htrnParent":260,"iSplit":0}
{"htrn":262,"htrnParent":260,"iSplit":1}
{"htrn":264,"htrnParent":263,"iSplit":0}
{"htrn":265,"htrnParent":263,"iSplit":1}
{"htrn":267,"htrnParent":266,"iSplit":0}
{"htrn":268,"htrnParent":266,"iSplit":1}
{"htrn":270,"htrnParent":269,"iSplit":0}
{"htrn":271,"htrnParent":269,"iSplit":1}
{"htrn":273,"htrnParent":272,"iSplit":0}
{"htrn":274,"htrnParent":272,"iSplit":1}
{"htrn":276,"htrnParent":275,"iSplit":0}
{"htrn":277,"htrnParent":275,"iSplit":1}
{"htrn":279,"htrnParent":278,"iSplit":0}
{"htrn":280,"htrnParent":278,"iSplit":1}
{"htrn":282,"htrnParent":281,"iSplit":0}
{"htrn":283,"htrnParent":281,"iSplit":1}
{"htrn":285,"htrnParent":284,"iSplit":0}
{"htrn":286,"htrnParent":284,"iSplit":1}
{"htrn":288,"htrnParent":287,"iSplit":0}
{"htrn":289,"htrnParent":287,"iSplit":1}
{"htrn":291,"htrnParent":290,"iSplit":0}
{"htrn":292,"htrnParent":290,"iSplit":1}
{"htrn":294,"htrnParent":293,"iSplit":0}
{"htrn":295,"htrnParent":293,"iSplit":1}
{"htrn":297,"htrnParent":296,"iSplit":0}
{"htrn":298,"htrnParent":296,"iSplit":1}
{"htrn":300,"htrnParent":299,"iSplit":0}
{"htrn":301,"htrnParent":299,"iSplit":1}
{"htrn":303,"htrnParent":302,"iSplit":0}
{"htrn":304,"htrnParent":302,"iSplit":1}
{"htrn":306,"htrnParent":305,"iSplit":0}
{"htrn":307,"htrnParent":305,"iSplit":1}
{"htrn":309,"htrnParent":308,"iSplit":0}
{"htrn":310,"htrnParent":308,"iSplit":1}
{"htrn":312,"htrnParent":311,"iSplit":0}
{"htrn":313,"htrnParent":311,"iSplit":1}
{"htrn":315,"htrnParent":314,"iSplit":0}
{"htrn":316,"htrnParent":314,"iSplit":1}
{"htrn":318,"htrnParent":317,"iSplit":0}
{"htrn":319,"htrnParent":317,"iSplit":1}
{"htrn":321,"htrnParent":320,"iSplit":0}
{"htrn":322,"htrnParent":320,"iSplit":1}
{"htrn":324,"htrnParent":323,"iSplit":0}
{"htrn":325,"htrnParent":323,"iSplit":1}
{"htrn":327,"htrnParent":326,"iSplit":0}
{"htrn":328,"htrnParent":326,"iSplit":1}
{"htrn":330,"htrnParent":329,"iSplit":0}
{"htrn":331,"htrnParent":329,"iSplit":1}
{"htrn":333,"htrnParent":332,"iSplit":0}
{"htrn":334,"htrnParent":332,"iSplit":1}
{"htrn":336,"htrnParent":335,"iSplit":0}
{"htrn":337,"htrnParent":335,"iSplit":1}
{"htrn":339,"htrnParent":338,"iSplit":0}
{"htrn":340,"htrnParent":338,"iSplit":1}
{"htrn":342,"htrnParent":341,"iSplit":0}
{"htrn":343,"htrnParent":341,"iSplit":1}
{"htrn":345,"htrnParent":344,"iSplit":0}
{"htrn":346,"htrnParent":344,"iSplit":1}
{"htrn":348,"htrnParent":347,"iSplit":0}
{"htrn":349,"htrnParent":347,"iSplit":1}
{"htrn":351,"htrnParent":350,"iSplit":0}
{"htrn":352,"htrnParent":350,"iSplit":1}
{"htrn":354,"htrnParent":353,"iSplit":0}
{"htrn":355,"htrnParent":353,"iSplit":1}
{"htrn":357,"htrnParent":356,"iSplit":0}
{"htrn":358,"htrnParent":356,"iSplit":1}
{"htrn":360,"htrnParent":359,"iSplit":0}
{"htrn":361,"htrnParent":359,"iSplit":1}
{"htrn":363,"htrnParent":362,"iSplit":0}
{"htrn":364,"htrnParent":362,"iSplit":1}
{"htrn":366,"htrnParent":365,"iSplit":0}
{"htrn":367,"htrnParent":365,"iSplit":1}
{"htrn":369,"htrnParent":368,"iSplit":0}
{"htrn":370,"htrnParent":368,"iSplit":1}
{"htrn":372,"htrnParent":371,"iSplit":0}
{"htrn":373,"htrnParent":371,"iSplit":1}
{"htrn":375,"htrnParent":374,"iSplit":0}
{"htrn":376,"htrnParent":374,"iSplit":1}
{"htrn":378,"htrnParent":377,"iSplit":0}
{"htrn":379,"htrnParent":377,"iSplit":1}
{"htrn":381,"htrnParent":380,"iSplit":0}
{"htrn":382,"htrnParent":380,"iSplit":1}
{"htrn":384,"htrnParent":383,"iSplit":0}
{"htrn":385,"htrnParent":383,"iSplit":1}
{"htrn":387,"htrnParent":386,"iSplit":0}
{"htrn":388,"htrnParent":386,"iSplit":1}
{"htrn":2433,"htrnParent":2432,"iSplit":0}
{"htrn":2434,"htrnParent":2432,"iSplit":1}
{"htrn":2435,"htrnParent":2432,"iSplit":2}
{"htrn":2974,"htrnParent":2973,"iSplit":0}
{"htrn":2975,"htrnParent":2973,"iSplit":1}
{"htrn":2976,"htrnParent":2973,"iSplit":2}
{"htrn":2977,"htrnParent":2973,"iSplit":3}
{"htrn":2978,"htrnParent":2973,"iSplit":4}
{"htrn":2981,"htrnParent":2980,"iSplit":0}
{"htrn":2982,"htrnParent":2980,"iSplit":1}
{"htrn":2983,"htrnParent":2980,"iSplit":2}
{"htrn":2984,"htrnParent":2980,"iSplit":3}
{"htrn":2985,"htrnParent":2980,"iSplit":4}
{"htrn":2988,"htrnParent":2987,"iSplit":0}
{"htrn":2989,"htrnParent":2987,"iSplit":1}
{"htrn":2990,"htrnParent":2987,"iSplit":2}
{"htrn":2991,"htrnParent":2987,"iSplit":3}
{"htrn":2992,"htrnParent":2987,"iSplit":4}
{"htrn":2995,"htrnParent":2994,"iSplit":0}
{"htrn":2996,"htrnParent":2994,"iSplit":1}
{"htrn":2997,"htrnParent":2994,"iSplit":2}
{"htrn":2998,"htrnParent":2994,"iSplit":3}
{"htrn":2999,"htrnParent":2994,"iSplit":4}
{"htrn":3002,"htrnParent":3001,"iSplit":0}
{"htrn":3003,"htrnParent":3001,"iSplit":1}
{"htrn":3004,"htrnParent":3001,"iSplit":2}
{"htrn":3005,"htrnParent":3001,"iSplit":3}
{"htrn":3006,"htrnParent":3001,"iSplit":4}
{"htrn":3009,"htrnParent":3008,"iSplit":0}
{"htrn":3010,"htrnParent":3008,"iSplit":1}
{"htrn":3011,"htrnParent":3008,"iSplit":2}
{"htrn":3012,"htrnParent":3008,"iSplit":3}
{"htrn":3013,"htrnParent":3008,"iSplit":4}
{"htrn":3016,"htrnParent":3015,"iSplit":0}
{"htrn":3017,"htrnParent":3015,"iSplit":1}
{"htrn":3018,"htrnParent":3015,"iSplit":2}
{"htrn":3019,"htrnParent":3015,"iSplit":3}
{"htrn":3020,"htrnParent":3015,"iSplit":4}
{"htrn":3023,"htrnParent":3022,"iSplit":0}
{"htrn":3024,"htrnParent":3022,"iSplit":1}
{"htrn":3025,"htrnParent":3022,"iSplit":2}
{"htrn":3026,"htrnParent":3022,"iSplit":3}
{"htrn":3027,"htrnParent":3022,"iSplit":4}
{"htrn":3053,"htrnParent":3052,"iSplit":0}
{"htrn":3054,"htrnParent":3052,"iSplit":1}
{"htrn":3055,"htrnParent":3052,"iSplit":2}
{"htrn":3056,"htrnParent":3052,"iSplit":3}
{"htrn":3057,"htrnParent":3052,"iSplit":4}
{"htrn":3060,"htrnParent":3059,"iSplit":0}
{"htrn":3061,"htrnParent":3059,"iSplit":1}
{"htrn":3062,"htrnParent":3059,"iSplit":2}
{"htrn":3063,"htrnParent":3059,"iSplit":3}
{"htrn":3064,"htrnParent":3059,"iSplit":4}
{"htrn":3067,"htrnParent":3066,"iSplit":0}
{"htrn":3068,"htrnParent":3066,"iSplit":1}
{"htrn":3069,"htrnParent":3066,"iSplit":2}
{"htrn":3070,"htrnParent":3066,"iSplit":3}
{"htrn":3071,"htrnParent":3066,"iSplit":4}
{"htrn":3074,"htrnParent":3073,"iSplit":0}
{"htrn":3075,"htrnParent":3073,"iSplit":1}
{"htrn":3076,"htrnParent":3073,"iSplit":2}
{"htrn":3077,"htrnParent":3073,"iSplit":3}
{"htrn":3078,"htrnParent":3073,"iSplit":4}
{"htrn":3081,"htrnParent":3080,"iSplit":0}
{"htrn":3082,"htrnParent":3080,"iSplit":1}
{"htrn":3083,"htrnParent":3080,"iSplit":2}
{"htrn":3084,"htrnParent":3080,"iSplit":3}
{"htrn":3085,"htrnParent":3080,"iSplit":4}
{"htrn":3110,"htrnParent":3109,"iSplit":0}
{"htrn":3112,"htrnParent":3109,"iSplit":1}
{"htrn":3113,"htrnParent":3109,"iSplit":2}
{"htrn":3116,"htrnParent":3115,"iSplit":0}
{"htrn":3118,"htrnParent":3115,"iSplit":1}
{"htrn":3119,"htrnParent":3115,"iSplit":2}
{"htrn":3122,"htrnParent":3121,"iSplit":0}
{"htrn":3124,"htrnParent":3121,"iSplit":1}
{"htrn":3125,"htrnParent":3121,"iSplit":2}
{"htrn":3219,"htrnParent":3218,"iSplit":0}
{"htrn":3221,"htrnParent":3218,"iSplit":1}
{"htrn":3222,"htrnParent":3218,"iSplit":2}
{"htrn":3225,"htrnParent":3224,"iSplit":0}
{"htrn":3227,"htrnParent":3224,"iSplit":1}
{"htrn":3228,"htrnParent":3224,"iSplit":2}
{"htrn":3231,"htrnParent":3230,"iSplit":0}
{"htrn":3233,"htrnParent":3230,"iSplit":1}
{"htrn":3234,"htrnParent":3230,"iSplit":2}
{"htrn":3237,"htrnParent":3236,"iSplit":0}
{"htrn":3239,"htrnParent":3236,"iSplit":1}
{"htrn":3240,"htrnParent":3236,"iSplit":2}
{"htrn":3243,"htrnParent":3242,"iSplit":0}
{"htrn":3245,"htrnParent":3242,"iSplit":1}
{"htrn":3246,"htrnParent":3242,"iSplit":2}
{"htrn":3249,"htrnParent":3248,"iSplit":0}
{"htrn":3251,"htrnParent":3248,"iSplit":1}
{"htrn":3252,"htrnParent":3248,"iSplit":2}
{"htrn":3255,"htrnParent":3254,"iSplit":0}
{"htrn":3257,"htrnParent":3254,"iSplit":1}
{"htrn":3258,"htrnParent":3254,"iSplit":2}
{"htrn":3261,"htrnParent":3260,"iSplit":0}
{"htrn":3263,"htrnParent":3260,"iSplit":1}
{"htrn":3264,"htrnParent":3260,"iSplit":2}
{"htrn":3267,"htrnParent":3266,"iSplit":0}
{"htrn":3269,"htrnParent":3266,"iSplit":1}
{"htrn":3270,"htrnParent":3266,"iSplit":2}
{"htrn":3273,"htrnParent":3272,"iSplit":0}
{"htrn":3275,"htrnParent":3272,"iSplit":1}
{"htrn":3276,"htrnParent":3272,"iSplit":2}
{"htrn":3279,"htrnParent":3278,"iSplit":0}
{"htrn":3281,"htrnParent":3278,"iSplit":1}
{"htrn":3282,"htrnParent":3278,"iSplit":2}
{"htrn":3285,"htrnParent":3284,"iSplit":0}
{"htrn":3287,"htrnParent":3284,"iSplit":1}
{"htrn":3288,"htrnParent":3284,"iSplit":2}
{"htrn":3291,"htrnParent":3290,"iSplit":0}
{"htrn":3293,"htrnParent":3290,"iSplit":1}
{"htrn":3294,"htrnParent":3290,"iSplit":2}
{"htrn":3325,"htrnParent":3324,"iSplit":0}
{"htrn":3326,"htrnParent":3324,"iSplit":1}
{"htrn":3327,"htrnParent":3324,"iSplit":2}
{"htrn":3328,"htrnParent":3324,"iSplit":3}
{"htrn":3329,"htrnParent":3324,"iSplit":4}
{"htrn":3332,"htrnParent":3331,"iSplit":0}
{"htrn":3333,"htrnParent":3331,"iSplit":1}
{"htrn":3334,"htrnParent":3331,"iSplit":2}
{"htrn":3335,"htrnParent":3331,"iSplit":3}
{"htrn":3336,"htrnParent":3331,"iSplit":4}
{"htrn":3339,"htrnParent":3338,"iSplit":0}
{"htrn":3340,"htrnParent":3338,"iSplit":1}
{"htrn":3341,"htrnParent":3338,"iSplit":2}
{"htrn":3342,"htrnParent":3338,"iSplit":3}
{"htrn":3343,"htrnParent":3338,"iSplit":4}
{"htrn":3346,"htrnParent":3345,"iSplit":0}
{"htrn":3347,"htrnParent":3345,"iSplit":1}
{"htrn":3348,"htrnParent":3345,"iSplit":2}
{"htrn":3349,"htrnParent":3345,"iSplit":3}
{"htrn":3350,"htrnParent":3345,"iSplit":4}
{"htrn":3353,"htrnParent":3352,"iSplit":0}
{"htrn":3354,"htrnParent":3352,"iSplit":1}
{"htrn":3355,"htrnParent":3352,"iSplit":2}
{"htrn":3356,"htrnParent":3352,"iSplit":3}
{"htrn":3357,"htrnParent":3352,"iSplit":4}
{"htrn":3360,"htrnParent":3359,"iSplit":0}
{"htrn":3361,"htrnParent":3359,"iSplit":1}
{"htrn":3362,"htrnParent":3359,"iSplit":2}
{"htrn":3363,"htrnParent":3359,"iSplit":3}
{"htrn":3364,"htrnParent":3359,"iSplit":4}
{"htrn":3367,"htrnParent":3366,"iSplit":0}
{"htrn":3368,"htrnParent":3366,"iSplit":1}
{"htrn":3369,"htrnParent":3366,"iSplit":2}
{"htrn":3370,"htrnParent":3366,"iSplit":3}
{"htrn":3371,"htrnParent":3366,"iSplit":4}
{"htrn":3374,"htrnParent":3373,"iSplit":0}
{"htrn":3375,"htrnParent":3373,"iSplit":1}
{"htrn":3376,"htrnParent":3373,"iSplit":2}
{"htrn":3377,"htrnParent":3373,"iSplit":3}
{"htrn":3378,"htrnParent":3373,"iSplit":4}
{"htrn":3381,"htrnParent":3380,"iSplit":0}
{"htrn":3382,"htrnParent":3380,"iSplit":1}
{"htrn":3383,"htrnParent":3380,"iSplit":2}
{"htrn":3384,"htrnParent":3380,"iSplit":3}
{"htrn":3385,"htrnParent":3380,"iSplit":4}
{"htrn":3388,"htrnParent":3387,"iSplit":0}
{"htrn":3389,"htrnParent":3387,"iSplit":1}
{"htrn":3390,"htrnParent":3387,"iSplit":2}
{"htrn":3391,"htrnParent":3387,"iSplit":3}
{"htrn":3392,"htrnParent":3387,"iSplit":4}
{"htrn":3395,"htrnParent":3394,"iSplit":0}
{"htrn":3396,"htrnParent":3394,"iSplit":1}
{"htrn":3397,"htrnParent":3394,"iSplit":2}
{"htrn":3398,"htrnParent":3394,"iSplit":3}
{"htrn":3399,"htrnParent":3394,"iSplit":4}
{"htrn":3402,"htrnParent":3401,"iSplit":0}
{"htrn":3403,"htrnParent":3401,"iSplit":1}
{"htrn":3404,"htrnParent":3401,"iSplit":2}
{"htrn":3405,"htrnParent":3401,"iSplit":3}
{"htrn":3406,"htrnParent":3401,"iSplit":4}
{"htrn":3409,"htrnParent":3408,"iSplit":0}
{"htrn":3410,"htrnParent":3408,"iSplit":1}
{"htrn":3411,"htrnParent":3408,"iSplit":2}
{"htrn":3412,"htrnParent":3408,"iSplit":3}
{"htrn":3413,"htrnParent":3408,"iSplit":4}
{"htrn":3416,"htrnParent":3415,"iSplit":0}
{"htrn":3417,"htrnParent":3415,"iSplit":1}
{"htrn":3418,"htrnParent":3415,"iSplit":2}
{"htrn":3419,"htrnParent":3415,"iSplit":3}
{"htrn":3420,"htrnParent":3415,"iSplit":4}
{"htrn":3423,"htrnParent":3422,"iSplit":0}
{"htrn":3424,"htrnParent":3422,"iSplit":1}
{"htrn":3425,"htrnParent":3422,"iSplit":2}
{"htrn":3426,"htrnParent":3422,"iSplit":3}
{"htrn":3427,"htrnParent":3422,"iSplit":4}
{"htrn":3430,"htrnParent":3429,"iSplit":0}
{"htrn":3431,"htrnParent":3429,"iSplit":1}
{"htrn":3432,"htrnParent":3429,"iSplit":2}
{"htrn":3433,"htrnParent":3429,"iSplit":3}
{"htrn":3434,"htrnParent":3429,"iSplit":4}
{"htrn":3437,"htrnParent":3436,"iSplit":0}
{"htrn":3438,"htrnParent":3436,"iSplit":1}
{"htrn":3439,"htrnParent":3436,"iSplit":2}
{"htrn":3440,"htrnParent":3436,"iSplit":3}
{"htrn":3441,"htrnParent":3436,"iSplit":4}
{"htrn":3444,"htrnParent":3443,"iSplit":0}
{"htrn":3445,"htrnParent":3443,"iSplit":1}
{"htrn":3446,"htrnParent":3443,"iSplit":2}
{"htrn":3447,"htrnParent":3443,"iSplit":3}
{"htrn":3448,"htrnParent":3443,"iSplit":4}
{"htrn":3451,"htrnParent":3450,"iSplit":0}
{"htrn":3452,"htrnParent":3450,"iSplit":1}
{"htrn":3453,"htrnParent":3450,"iSplit":2}
{"htrn":3454,"htrnParent":3450,"iSplit":3}
{"htrn":3455,"htrnParent":3450,"iSplit":4}
{"htrn":3458,"htrnParent":3457,"iSplit":0}
{"htrn":3459,"htrnParent":3457,"iSplit":1}
{"htrn":3460,"htrnParent":3457,"iSplit":2}
{"htrn":3461,"htrnParent":3457,"iSplit":3}
{"htrn":3462,"htrnParent":3457,"iSplit":4}
{"htrn":3465,"htrnParent":3464,"iSplit":0}
{"htrn":3466,"htrnParent":3464,"iSplit":1}
{"htrn":3467,"htrnParent":3464,"iSplit":2}
{"htrn":3468,"htrnParent":3464,"iSplit":3}
{"htrn":3469,"htrnParent":3464,"iSplit":4}
{"htrn":3472,"htrnParent":3471,"iSplit":0}
{"htrn":3473,"htrnParent":3471,"iSplit":1}
{"htrn":3474,"htrnParent":3471,"iSplit":2}
{"htrn":3475,"htrnParent":3471,"iSplit":3}
{"htrn":3476,"htrnParent":3471,"iSplit":4}
{"htrn":3479,"htrnParent":3478,"iSplit":0}
{"htrn":3480,"htrnParent":3478,"iSplit":1}
{"htrn":3481,"htrnParent":3478,"iSplit":2}
{"htrn":3482,"htrnParent":3478,"iSplit":3}
{"htrn":3483,"htrnParent":3478,"iSplit":4}
{"htrn":3486,"htrnParent":3485,"iSplit":0}
{"htrn":3487,"htrnParent":3485,"iSplit":1}
{"htrn":3488,"htrnParent":3485,"iSplit":2}
{"htrn":3489,"htrnParent":3485,"iSplit":3}
{"htrn":3490,"htrnParent":3485,"iSplit":4}
{"htrn":3493,"htrnParent":3492,"iSplit":0}
{"htrn":3494,"htrnParent":3492,"iSplit":1}
{"htrn":3495,"htrnParent":3492,"iSplit":2}
{"htrn":3496,"htrnParent":3492,"iSplit":3}
{"htrn":3497,"htrnParent":3492,"iSplit":4}
{"htrn":3500,"htrnParent":3499,"iSplit":0}
{"htrn":3501,"htrnParent":3499,"iSplit":1}
{"htrn":3502,"htrnParent":3499,"iSplit":2}
{"htrn":3503,"htrnParent":3499,"iSplit":3}
{"htrn":3504,"htrnParent":3499,"iSplit":4}
{"htrn":3507,"htrnParent":3506,"iSplit":0}
{"htrn":3508,"htrnParent":3506,"iSplit":1}
{"htrn":3509,"htrnParent":3506,"iSplit":2}
{"htrn":3510,"htrnParent":3506,"iSplit":3}
{"htrn":3511,"htrnParent":3506,"iSplit":4}
{"htrn":3590,"htrnParent":3589,"iSplit":0}
{"htrn":3591,"htrnParent":3589,"iSplit":1}
{"htrn":3592,"htrnParent":3589,"iSplit":2}
{"htrn":3593,"htrnParent":3589,"iSplit":3}
{"htrn":3594,"htrnParent":3589,"iSplit":4}
{"htrn":3597,"htrnParent":3596,"iSplit":0}
{"htrn":3598,"htrnParent":3596,"iSplit":1}
{"htrn":3599,"htrnParent":3596,"iSplit":2}
{"htrn":3600,"htrnParent":3596,"iSplit":3}
{"htrn":3601,"htrnParent":3596,"iSplit":4}
{"htrn":3604,"htrnParent":3603,"iSplit":0}
{"htrn":3605,"htrnParent":3603,"iSplit":1}
{"htrn":3606,"htrnParent":3603,"iSplit":2}
{"htrn":3607,"htrnParent":3603,"iSplit":3}
{"htrn":3608,"htrnParent":3603,"iSplit":4}
{"htrn":3625,"htrnParent":3624,"iSplit":0}
{"htrn":3627,"htrnParent":3624,"iSplit":1}
{"htrn":3628,"htrnParent":3624,"iSplit":2}
{"htrn":3631,"htrnParent":3630,"iSplit":0}
{"htrn":3633,"htrnParent":3630,"iSplit":1}
{"htrn":3634,"htrnParent":3630,"iSplit":2}
{"htrn":3639,"htrnParent":3638,"iSplit":0}
{"htrn":3640,"htrnParent":3638,"iSplit":1}
{"htrn":3641,"htrnParent":3638,"iSplit":2}
{"htrn":3642,"htrnParent":3638,"iSplit":3}
{"htrn":3643,"htrnParent":3638,"iSplit":4}
{"htrn":3683,"htrnParent":3682,"iSplit":0}
{"htrn":3684,"htrnParent":3682,"iSplit":1}
{"htrn":3685,"htrnParent":3682,"iSplit":2}
{"htrn":3686,"htrnParent":3682,"iSplit":3}
{"htrn":3687,"htrnParent":3682,"iSplit":4}
{"htrn":3690,"htrnParent":3689,"iSplit":0}
{"htrn":3691,"htrnParent":3689,"iSplit":1}
{"htrn":3692,"htrnParent":3689,"iSplit":2}
{"htrn":3693,"htrnParent":3689,"iSplit":3}
{"htrn":3694,"htrnParent":3689,"iSplit":4}
{"htrn":3697,"htrnParent":3696,"iSplit":0}
{"htrn":3698,"htrnParent":3696,"iSplit":1}
{"htrn":3699,"htrnParent":3696,"iSplit":2}
{"htrn":3700,"htrnParent":3696,"iSplit":3}
{"htrn":3701,"htrnParent":3696,"iSplit":4}
{"htrn":3704,"htrnParent":3703,"iSplit":0}
{"htrn":3705,"htrnParent":3703,"iSplit":1}
{"htrn":3706,"htrnParent":3703,"iSplit":2}
{"htrn":3707,"htrnParent":3703,"iSplit":3}
{"htrn":3708,"htrnParent":3703,"iSplit":4}
{"htrn":3718,"htrnParent":3717,"iSplit":0}
{"htrn":3719,"htrnParent":3717,"iSplit":1}
{"htrn":3720,"htrnParent":3717,"iSplit":2}
{"htrn":3721,"htrnParent":3717,"iSplit":3}
{"htrn":3722,"htrnParent":3717,"iSplit":4}
{"htrn":3725,"htrnParent":3724,"iSplit":0}
{"htrn":3726,"htrnParent":3724,"iSplit":1}
{"htrn":3727,"htrnParent":3724,"iSplit":2}
{"htrn":4244,"htrnParent":4239,"iSplit":4}
{"htrn":4247,"htrnParent":4246,"iSplit":0}
{"htrn":4248,"htrnParent":4246,"iSplit":1}
{"htrn":4249,"htrnParent":4246,"iSplit":2}
{"htrn":4250,"htrnParent":4246,"iSplit":3}
{"htrn":4251,"htrnParent":4246,"iSplit":4}
{"htrn":4254,"htrnParent":4253,"iSplit":0}
{"htrn":4255,"htrnParent":4253,"iSplit":1}
{"htrn":4256,"htrnParent":4253,"iSplit":2}
{"htrn":4257,"htrnParent":4253,"iSplit":3}
{"htrn":4258,"htrnParent":4253,"iSplit":4}
{"htrn":4261,"htrnParent":4260,"iSplit":0}
{"htrn":4262,"htrnParent":4260,"iSplit":1}
{"htrn":4263,"htrnParent":4260,"iSplit":2}
{"htrn":4264,"htrnParent":4260,"iSplit":3}
{"htrn":4265,"htrnParent":4260,"iSplit":4}
{"htrn":4268,"htrnParent":4267,"iSplit":0}
{"htrn":4269,"htrnParent":4267,"iSplit":1}
{"htrn":4270,"htrnParent":4267,"iSplit":2}
{"htrn":4271,"htrnParent":4267,"iSplit":3}
{"htrn":4272,"htrnParent":4267,"iSplit":4}
{"htrn":4275,"htrnParent":4274,"iSplit":0}
{"htrn":4276,"htrnParent":4274,"iSplit":1}
{"htrn":4277,"htrnParent":4274,"iSplit":2}
{"htrn":4278,"htrnParent":4274,"iSplit":3}
{"htrn":4279,"htrnParent":4274,"iSplit":4}
{"htrn":4282,"htrnParent":4281,"iSplit":0}
{"htrn":4283,"htrnParent":4281,"iSplit":1}
{"htrn":4284,"htrnParent":4281,"iSplit":2}
{"htrn":4285,"htrnParent":4281,"iSplit":3}
{"htrn":4286,"htrnParent":4281,"iSplit":4}
{"htrn":4289,"htrnParent":4288,"iSplit":0}
{"htrn":4290,"htrnParent":4288,"iSplit":1}
{"htrn":4291,"htrnParent":4288,"iSplit":2}
{"htrn":4292,"htrnParent":4288,"iSplit":3}
{"htrn":4293,"htrnParent":4288,"iSplit":4}
{"htrn":4296,"htrnParent":4295,"iSplit":0}
{"htrn":4297,"htrnParent":4295,"iSplit":1}
{"htrn":4298,"htrnParent":4295,"iSplit":2}
{"htrn":4299,"htrnParent":4295,"iSplit":3}
{"htrn":4300,"htrnParent":4295,"iSplit":4}
{"htrn":4303,"htrnParent":4302,"iSplit":0}
{"htrn":4304,"htrnParent":4302,"iSplit":1}
{"htrn":4305,"htrnParent":4302,"iSplit":2}
{"htrn":4306,"htrnParent":4302,"iSplit":3}
{"htrn":4307,"htrnParent":4302,"iSplit":4}
{"htrn":4310,"htrnParent":4309,"iSplit":0}
{"htrn":4311,"htrnParent":4309,"iSplit":1}
{"htrn":4312,"htrnParent":4309,"iSplit":2}
{"htrn":4313,"htrnParent":4309,"iSplit":3}
{"htrn":4314,"htrnParent":4309,"iSplit":4}
{"htrn":4317,"htrnParent":4316,"iSplit":0}
{"htrn":4318,"htrnParent":4316,"iSplit":1}
{"htrn":4319,"htrnParent":4316,"iSplit":2}
{"htrn":4320,"htrnParent":4316,"iSplit":3}
{"htrn":4321,"htrnParent":4316,"iSplit":4}
{"htrn":4324,"htrnParent":4323,"iSplit":0}
{"htrn":4325,"htrnParent":4323,"iSplit":1}
{"htrn":4326,"htrnParent":4323,"iSplit":2}
{"htrn":4327,"htrnParent":4323,"iSplit":3}
{"htrn":4328,"htrnParent":4323,"iSplit":4}
{"htrn":4331,"htrnParent":4330,"iSplit":0}
{"htrn":4332,"htrnParent":4330,"iSplit":1}
{"htrn":4333,"htrnParent":4330,"iSplit":2}
{"htrn":4334,"htrnParent":4330,"iSplit":3}
{"htrn":4335,"htrnParent":4330,"iSplit":4}
{"htrn":4338,"htrnParent":4337,"iSplit":0}
{"htrn":4339,"htrnParent":4337,"iSplit":1}
{"htrn":4340,"htrnParent":4337,"iSplit":2}
{"htrn":4341,"htrnParent":4337,"iSplit":3}
{"htrn":4342,"htrnParent":4337,"iSplit":4}
{"htrn":4345,"htrnParent":4344,"iSplit":0}
{"htrn":4346,"htrnParent":4344,"iSplit":1}
{"htrn":4347,"htrnParent":4344,"iSplit":2}
{"htrn":4348,"htrnParent":4344,"iSplit":3}
{"htrn":4349,"htrnParent":4344,"iSplit":4}
{"htrn":4409,"htrnParent":4408,"iSplit":0}
{"htrn":4410,"htrnParent":4408,"iSplit":1}
{"htrn":4411,"htrnParent":4408,"iSplit":2}
{"htrn":4412,"htrnParent":4408,"iSplit":3}
{"htrn":4413,"htrnParent":4408,"iSplit":4}
{"htrn":4420,"htrnParent":4419,"iSplit":0}
{"htrn":4421,"htrnParent":4419,"iSplit":1}
{"htrn":4422,"htrnParent":4419,"iSplit":2}
{"htrn":4423,"htrnParent":4419,"iSplit":3}
{"htrn":4424,"htrnParent":4419,"iSplit":4}
{"htrn":4430,"htrnParent":4429,"iSplit":0}
{"htrn":4432,"htrnParent":4429,"iSplit":1}
{"htrn":4433,"htrnParent":4429,"iSplit":2}
{"htrn":4441,"htrnParent":4440,"iSplit":0}
{"htrn":4443,"htrnParent":4440,"iSplit":1}
{"htrn":4444,"htrnParent":4440,"iSplit":2}
{"htrn":4461,"htrnParent":4460,"iSplit":0}
{"htrn":4462,"htrnParent":4460,"iSplit":1}
{"htrn":4463,"htrnParent":4460,"iSplit":2}
{"htrn":4464,"htrnParent":4460,"iSplit":3}
{"htrn":4465,"htrnParent":4460,"iSplit":4}
{"htrn":4468,"htrnParent":4467,"iSplit":0}
{"htrn":4469,"htrnParent":4467,"iSplit":1}
{"htrn":4470,"htrnParent":4467,"iSplit":2}
{"htrn":4471,"htrnParent":4467,"iSplit":3}
{"htrn":4472,"htrnParent":4467,"iSplit":4}
{"htrn":4475,"htrnParent":4474,"iSplit":0}
{"htrn":4476,"htrnParent":4474,"iSplit":1}
{"htrn":4477,"htrnParent":4474,"iSplit":2}
{"htrn":4478,"htrnParent":4474,"iSplit":3}
{"htrn":4479,"htrnParent":4474,"iSplit":4}
{"htrn":4630,"htrnParent":4629,"iSplit":0}
{"htrn":4631,"htrnParent":4629,"iSplit":1}
{"htrn":4632,"htrnParent":4629,"iSplit":2}
{"htrn":4633,"htrnParent":4629,"iSplit":3}
{"htrn":4634,"htrnParent":4629,"iSplit":4}
{"htrn":4637,"htrnParent":4636,"iSplit":0}
{"htrn":4638,"htrnParent":4636,"iSplit":1}
{"htrn":4639,"htrnParent":4636,"iSplit":2}
{"htrn":4640,"htrnParent":4636,"iSplit":3}
{"htrn":4641,"htrnParent":4636,"iSplit":4}
{"htrn":4644,"htrnParent":4643,"iSplit":0}
{"htrn":4645,"htrnParent":4643,"iSplit":1}
{"htrn":4646,"htrnParent":4643,"iSplit":2}
{"htrn":4647,"htrnParent":4643,"iSplit":3}
{"htrn":4648,"htrnParent":4643,"iSplit":4}
{"htrn":4651,"htrnParent":4650,"iSplit":0}
{"htrn":4652,"htrnParent":4650,"iSplit":1}
{"htrn":4653,"htrnParent":4650,"iSplit":2}
{"htrn":4654,"htrnParent":4650,"iSplit":3}
{"htrn":4655,"htrnParent":4650,"iSplit":4}
{"htrn":4658,"htrnParent":4657,"iSplit":0}
{"htrn":4659,"htrnParent":4657,"iSplit":1}
{"htrn":4660,"htrnParent":4657,"iSplit":2}
{"htrn":4661,"htrnParent":4657,"iSplit":3}
{"htrn":4662,"htrnParent":4657,"iSplit":4}
{"htrn":4665,"htrnParent":4664,"iSplit":0}
{"htrn":4666,"htrnParent":4664,"iSplit":1}
{"htrn":4667,"htrnParent":4664,"iSplit":2}
{"htrn":4668,"htrnParent":4664,"iSplit":3}
{"htrn":4669,"htrnParent":4664,"iSplit":4}
{"htrn":4672,"htrnParent":4671,"iSplit":0}
{"htrn":4673,"htrnParent":4671,"iSplit":1}
{"htrn":4674,"htrnParent":4671,"iSplit":2}
{"htrn":4675,"htrnParent":4671,"iSplit":3}
{"htrn":4676,"htrnParent":4671,"iSplit":4}
{"htrn":4679,"htrnParent":4678,"iSplit":0}
{"htrn":4680,"htrnParent":4678,"iSplit":1}
{"htrn":4681,"htrnParent":4678,"iSplit":2}
{"htrn":4682,"htrnParent":4678,"iSplit":3}
{"htrn":4683,"htrnParent":4678,"iSplit":4}
{"htrn":4686,"htrnParent":4685,"iSplit":0}
{"htrn":4687,"htrnParent":4685,"iSplit":1}
{"htrn":4688,"htrnParent":4685,"iSplit":2}
{"htrn":4689,"htrnParent":4685,"iSplit":3}
{"htrn":4690,"htrnParent":4685,"iSplit":4}
{"htrn":4693,"htrnParent":4692,"iSplit":0}
{"htrn":4694,"htrnParent":4692,"iSplit":1}
{"htrn":4695,"htrnParent":4692,"iSplit":2}
{"htrn":4696,"htrnParent":4692,"iSplit":3}
{"htrn":4697,"htrnParent":4692,"iSplit":4}
{"htrn":4700,"htrnParent":4699,"iSplit":0}
{"htrn":4701,"htrnParent":4699,"iSplit":1}
{"htrn":4702,"htrnParent":4699,"iSplit":2}
{"htrn":4703,"htrnParent":4699,"iSplit":3}
{"htrn":4704,"htrnParent":4699,"iSplit":4}
{"htrn":4707,"htrnParent":4706,"iSplit":0}
{"htrn":4708,"htrnParent":4706,"iSplit":1}
{"htrn":4709,"htrnParent":4706,"iSplit":2}
{"htrn":4710,"htrnParent":4706,"iSplit":3}
{"htrn":4711,"htrnParent":4706,"iSplit":4}
{"htrn":4714,"htrnParent":4713,"iSplit":0}
{"htrn":4715,"htrnParent":4713,"iSplit":1}
{"htrn":4716,"htrnParent":4713,"iSplit":2}
{"htrn":4717,"htrnParent":4713,"iSplit":3}
{"htrn":4718,"htrnParent":4713,"iSplit":4}
{"htrn":4721,"htrnParent":4720,"iSplit":0}
{"htrn":4722,"htrnParent":4720,"iSplit":1}
{"htrn":4723,"htrnParent":4720,"iSplit":2}
{"htrn":4724,"htrnParent":4720,"iSplit":3}
{"htrn":4725,"htrnParent":4720,"iSplit":4}
{"htrn":4728,"htrnParent":4727,"iSplit":0}
{"htrn":4729,"htrnParent":4727,"iSplit":1}
{"htrn":4730,"htrnParent":4727,"iSplit":2}
{"htrn":4731,"htrnParent":4727,"iSplit":3}
{"htrn":4732,"htrnParent":4727,"iSplit":4}
{"htrn":4735,"htrnParent":4734,"iSplit":0}
{"htrn":4736,"htrnParent":4734,"iSplit":1}
{"htrn":4737,"htrnParent":4734,"iSplit":2}
{"htrn":4738,"htrnParent":4734,"iSplit":3}
{"htrn":4739,"htrnParent":4734,"iSplit":4}
{"htrn":4742,"htrnParent":4741,"iSplit":0}
{"htrn":4743,"htrnParent":4741,"iSplit":1}
{"htrn":4744,"htrnParent":4741,"iSplit":2}
{"htrn":4745,"htrnParent":4741,"iSplit":3}
{"htrn":4746,"htrnParent":4741,"iSplit":4}
{"htrn":4749,"htrnParent":4748,"iSplit":0}
{"htrn":4750,"htrnParent":4748,"iSplit":1}
{"htrn":4751,"htrnParent":4748,"iSplit":2}
{"htrn":4752,"htrnParent":4748,"iSplit":3}
{"htrn":4753,"htrnParent":4748,"iSplit":4}
{"htrn":4756,"htrnParent":4755,"iSplit":0}
{"htrn":4757,"htrnParent":4755,"iSplit":1}
{"htrn":4758,"htrnParent":4755,"iSplit":2}
{"htrn":4759,"htrnParent":4755,"iSplit":3}
{"htrn":4760,"htrnParent":4755,"iSplit":4}
{"htrn":4763,"htrnParent":4762,"iSplit":0}
{"htrn":4764,"htrnParent":4762,"iSplit":1}
{"htrn":4765,"htrnParent":4762,"iSplit":2}
{"htrn":4766,"htrnParent":4762,"iSplit":3}
{"htrn":4767,"htrnParent":4762,"iSplit":4}
{"htrn":4777,"htrnParent":4776,"iSplit":0}
{"htrn":4778,"htrnParent":4776,"iSplit":1}
{"htrn":4779,"htrnParent":4776,"iSplit":2}
{"htrn":4780,"htrnParent":4776,"iSplit":3}
{"htrn":4781,"htrnParent":4776,"iSplit":4}
{"htrn":4817,"htrnParent":4816,"iSplit":0}
{"htrn":4819,"htrnParent":4816,"iSplit":1}
{"htrn":4820,"htrnParent":4816,"iSplit":2}
{"htrn":4823,"htrnParent":4822,"iSplit":0}
{"htrn":4825,"htrnParent":4822,"iSplit":1}
{"htrn":4826,"htrnParent":4822,"iSplit":2}
{"htrn":4829,"htrnParent":4828,"iSplit":0}
{"htrn":4831,"htrnParent":4828,"iSplit":1}
{"htrn":4832,"htrnParent":4828,"iSplit":2}
{"htrn":4835,"htrnParent":4834,"iSplit":0}
{"htrn":4837,"htrnParent":4834,"iSplit":1}
{"htrn":4838,"htrnParent":4834,"iSplit":2}
{"htrn":4841,"htrnParent":4840,"iSplit":0}
{"htrn":4843,"htrnParent":4840,"iSplit":1}
{"htrn":4844,"htrnParent":4840,"iSplit":2}
{"htrn":4847,"htrnParent":4846,"iSplit":0}
{"htrn":4849,"htrnParent":4846,"iSplit":1}
{"htrn":4850,"htrnParent":4846,"iSplit":2}
{"htrn":4853,"htrnParent":4852,"iSplit":0}
{"htrn":4855,"htrnParent":4852,"iSplit":1}
{"htrn":4856,"htrnParent":4852,"iSplit":2}
{"htrn":4859,"htrnParent":4858,"iSplit":0}
{"htrn":4861,"htrnParent":4858,"iSplit":1}
{"htrn":4862,"htrnParent":4858,"iSplit":2}
{"htrn":4865,"htrnParent":4864,"iSplit":0}
{"htrn":4867,"htrnParent":4864,"iSplit":1}
{"htrn":4868,"htrnParent":4864,"iSplit":2}
{"htrn":4871,"htrnParent":4870,"iSplit":0}
{"htrn":4873,"htrnParent":4870,"iSplit":1}
{"htrn":4874,"htrnParent":4870,"iSplit":2}
{"htrn":4920,"htrnParent":4914,"iSplit":0}
{"htrn":4922,"htrnParent":4914,"iSplit":1}
{"htrn":4923,"htrnParent":4914,"iSplit":2}
{"htrn":5,"htrnParent":4,"iSplit":0}
{"htrn":7,"htrnParent":4,"iSplit":1}
{"htrn":1973,"htrnParent":4,"iSplit":2}
{"htrn":4770,"htrnParent":4769,"iSplit":0}
{"htrn":4771,"htrnParent":4769,"iSplit":1}
{"htrn":4772,"htrnParent":4769,"iSplit":2}
{"htrn":4773,"htrnParent":4769,"iSplit":3}
{"htrn":4774,"htrnParent":4769,"iSplit":4}
{"htrn":4951,"htrnParent":4928,"iSplit":0}
{"htrn":4952,"htrnParent":4928,"iSplit":1}
{"htrn":4953,"htrnParent":4928,"iSplit":2}
{"htrn":4954,"htrnParent":4928,"iSplit":3}
{"htrn":4955,"htrnParent":4928,"iSplit":4}
