{"htrnFrom":3253,"htrnLink":3252}
{"htrnFrom":3256,"htrnLink":3255}
{"htrnFrom":3259,"htrnLink":3258}
{"htrnFrom":3262,"htrnLink":3261}
{"htrnFrom":3265,"htrnLink":3264}
{"htrnFrom":3268,"htrnLink":3267}
{"htrnFrom":3271,"htrnLink":3270}
{"htrnFrom":3274,"htrnLink":3273}
{"htrnFrom":3277,"htrnLink":3276}
{"htrnFrom":3280,"htrnLink":3279}
{"htrnFrom":3283,"htrnLink":3282}
{"htrnFrom":3286,"htrnLink":3285}
{"htrnFrom":3289,"htrnLink":3288}
{"htrnFrom":3292,"htrnLink":3291}
{"htrnFrom":3295,"htrnLink":3294}
{"htrnFrom":3330,"htrnLink":3329}
{"htrnFrom":3337,"htrnLink":3336}
{"htrnFrom":3344,"htrnLink":3343}
{"htrnFrom":3351,"htrnLink":3350}
{"htrnFrom":3358,"htrnLink":3357}
{"htrnFrom":3365,"htrnLink":3364}
{"htrnFrom":3372,"htrnLink":3371}
{"htrnFrom":3379,"htrnLink":3378}
{"htrnFrom":3386,"htrnLink":3385}
{"htrnFrom":3393,"htrnLink":3392}
{"htrnFrom":3400,"htrnLink":3399}
{"htrnFrom":3407,"htrnLink":3406}
{"htrnFrom":3414,"htrnLink":3413}
{"htrnFrom":3421,"htrnLink":3420}
{"htrnFrom":3428,"htrnLink":3427}
{"htrnFrom":3435,"htrnLink":3434}
{"htrnFrom":3442,"htrnLink":3441}
{"htrnFrom":3449,"htrnLink":3448}
{"htrnFrom":3456,"htrnLink":3455}
{"htrnFrom":3463,"htrnLink":3462}
{"htrnFrom":3470,"htrnLink":3469}
{"htrnFrom":3477,"htrnLink":3476}
{"htrnFrom":3484,"htrnLink":3483}
{"htrnFrom":3491,"htrnLink":3490}
{"htrnFrom":3498,"htrnLink":3497}
{"htrnFrom":3505,"htrnLink":3504}
{"htrnFrom":3512,"htrnLink":3511}
{"htrnFrom":3514,"htrnLink":3513}
{"htrnFrom":3516,"htrnLink":3515}
{"htrnFrom":3518,"htrnLink":3517}
{"htrnFrom":3520,"htrnLink":3519}
{"htrnFrom":3522,"htrnLink":3521}
{"htrnFrom":3524,"htrnLink":3523}
{"htrnFrom":3526,"htrnLink":3525}
{"htrnFrom":3528,"htrnLink":3527}
{"htrnFrom":3530,"htrnLink":3529}
{"htrnFrom":3532,"htrnLink":3531}
{"htrnFrom":3534,"htrnLink":3533}
{"htrnFrom":3536,"htrnLink":3535}
{"htrnFrom":3538,"htrnLink":3537}
{"htrnFrom":3540,"htrnLink":3539}
{"htrnFrom":3542,"htrnLink":3541}
{"htrnFrom":3544,"htrnLink":3543}
{"htrnFrom":3546,"htrnLink":3545}
{"htrnFrom":3548,"htrnLink":3547}
{"htrnFrom":3550,"htrnLink":3549}
{"htrnFrom":3552,"htrnLink":3551}
{"htrnFrom":3554,"htrnLink":3553}
{"htrnFrom":3556,"htrnLink":3555}
{"htrnFrom":3558,"htrnLink":3557}
{"htrnFrom":3560,"htrnLink":3559}
{"htrnFrom":3562,"htrnLink":3561}
{"htrnFrom":3564,"htrnLink":3563}
{"htrnFrom":3566,"htrnLink":3565}
{"htrnFrom":3595,"htrnLink":3594}
{"htrnFrom":3602,"htrnLink":3601}
{"htrnFrom":3609,"htrnLink":3608}
{"htrnFrom":3611,"htrnLink":3610}
{"htrnFrom":3613,"htrnLink":3612}
{"htrnFrom":3615,"htrnLink":3614}
{"htrnFrom":3621,"htrnLink":3620}
{"htrnFrom":3623,"htrnLink":3622}
{"htrnFrom":3626,"htrnLink":3625}
{"htrnFrom":3629,"htrnLink":3628}
{"htrnFrom":3632,"htrnLink":3631}
{"htrnFrom":3635,"htrnLink":3634}
{"htrnFrom":3644,"htrnLink":3643}
{"htrnFrom":3646,"htrnLink":3645}
{"htrnFrom":3688,"htrnLink":3687}
{"htrnFrom":3695,"htrnLink":3694}
{"htrnFrom":3702,"htrnLink":3701}
{"htrnFrom":3709,"htrnLink":3708}
{"htrnFrom":3716,"htrnLink":3715}
{"htrnFrom":3723,"htrnLink":3722}
{"htrnFrom":3730,"htrnLink":3729}
{"htrnFrom":3737,"htrnLink":3736}
{"htrnFrom":3744,"htrnLink":3743}
{"htrnFrom":3751,"htrnLink":3750}
{"htrnFrom":3758,"htrnLink":3757}
{"htrnFrom":3765,"htrnLink":3764}
{"htrnFrom":3772,"htrnLink":3771}
{"htrnFrom":3774,"htrnLink":3773}
{"htrnFrom":3776,"htrnLink":3775}
{"htrnFrom":3778,"htrnLink":3777}
{"htrnFrom":3780,"htrnLink":3779}
{"htrnFrom":3782,"htrnLink":3781}
{"htrnFrom":3784,"htrnLink":3783}
{"htrnFrom":3786,"htrnLink":3785}
{"htrnFrom":3788,"htrnLink":3787}
{"htrnFrom":3790,"htrnLink":3789}
{"htrnFrom":3792,"htrnLink":3791}
{"htrnFrom":3794,"htrnLink":3793}
{"htrnFrom":3796,"htrnLink":3795}
{"htrnFrom":3798,"htrnLink":3797}
{"htrnFrom":3814,"htrnLink":3813}
{"htrnFrom":3816,"htrnLink":3815}
{"htrnFrom":3818,"htrnLink":3817}
{"htrnFrom":3820,"htrnLink":3819}
{"htrnFrom":3822,"htrnLink":3821}
{"htrnFrom":3824,"htrnLink":3823}
{"htrnFrom":3826,"htrnLink":3825}
{"htrnFrom":3829,"htrnLink":3828}
{"htrnFrom":3832,"htrnLink":3831}
{"htrnFrom":3835,"htrnLink":3834}
{"htrnFrom":3838,"htrnLink":3837}
{"htrnFrom":3841,"htrnLink":3840}
{"htrnFrom":3844,"htrnLink":3843}
{"htrnFrom":3847,"htrnLink":3846}
{"htrnFrom":3850,"htrnLink":3849}
{"htrnFrom":3853,"htrnLink":3852}
{"htrnFrom":3856,"htrnLink":3855}
{"htrnFrom":3859,"htrnLink":3858}
{"htrnFrom":3862,"htrnLink":3861}
{"htrnFrom":3865,"htrnLink":3864}
{"htrnFrom":3868,"htrnLink":3867}
{"htrnFrom":3904,"htrnLink":3903}
{"htrnFrom":3906,"htrnLink":3905}
{"htrnFrom":3908,"htrnLink":3907}
{"htrnFrom":3910,"htrnLink":3909}
{"htrnFrom":3912,"htrnLink":3911}
{"htrnFrom":3915,"htrnLink":3914}
{"htrnFrom":3918,"htrnLink":3917}
{"htrnFrom":3921,"htrnLink":3920}
{"htrnFrom":3924,"htrnLink":3923}
{"htrnFrom":3927,"htrnLink":3926}
{"htrnFrom":3930,"htrnLink":3929}
{"htrnFrom":3933,"htrnLink":3932}
{"htrnFrom":3936,"htrnLink":3935}
{"htrnFrom":3939,"htrnLink":3938}
{"htrnFrom":3942,"htrnLink":3941}
{"htrnFrom":3959,"htrnLink":3958}
{"htrnFrom":3966,"htrnLink":3965}
{"htrnFrom":3973,"htrnLink":3972}
{"htrnFrom":3980,"htrnLink":3979}
{"htrnFrom":3987,"htrnLink":3986}
{"htrnFrom":3994,"htrnLink":3993}
{"htrnFrom":4001,"htrnLink":4000}
{"htrnFrom":4008,"htrnLink":4007}
{"htrnFrom":4015,"htrnLink":4014}
{"htrnFrom":4022,"htrnLink":4021}
{"htrnFrom":4024,"htrnLink":4023}
{"htrnFrom":4026,"htrnLink":4025}
{"htrnFrom":4028,"htrnLink":4027}
{"htrnFrom":4030,"htrnLink":4029}
{"htrnFrom":4032,"htrnLink":4031}
{"htrnFrom":4034,"htrnLink":4033}
{"htrnFrom":4036,"htrnLink":4035}
{"htrnFrom":4038,"htrnLink":4037}
{"htrnFrom":4040,"htrnLink":4039}
{"htrnFrom":4042,"htrnLink":4041}
{"htrnFrom":4077,"htrnLink":4076}
{"htrnFrom":4079,"htrnLink":4078}
{"htrnFrom":4081,"htrnLink":4080}
{"htrnFrom":4083,"htrnLink":4082}
{"htrnFrom":4085,"htrnLink":4084}
{"htrnFrom":4088,"htrnLink":4063}
{"htrnFrom":4089,"htrnLink":4067}
{"htrnFrom":4090,"htrnLink":4070}
{"htrnFrom":4160,"htrnLink":4159}
{"htrnFrom":4162,"htrnLink":4161}
{"htrnFrom":4164,"htrnLink":4163}
{"htrnFrom":4166,"htrnLink":4165}
{"htrnFrom":4168,"htrnLink":4167}
{"htrnFrom":4170,"htrnLink":4169}
{"htrnFrom":4172,"htrnLink":4171}
{"htrnFrom":4174,"htrnLink":4173}
{"htrnFrom":4177,"htrnLink":4176}
{"htrnFrom":4180,"htrnLink":4179}
{"htrnFrom":4183,"htrnLink":4182}
{"htrnFrom":4186,"htrnLink":4185}
{"htrnFrom":4189,"htrnLink":4188}
{"htrnFrom":4192,"htrnLink":4191}
{"htrnFrom":4195,"htrnLink":4194}
{"htrnFrom":4198,"htrnLink":4197}
{"htrnFrom":4201,"htrnLink":4200}
{"htrnFrom":4204,"htrnLink":4203}
{"htrnFrom":4207,"htrnLink":4206}
{"htrnFrom":4210,"htrnLink":4209}
{"htrnFrom":4213,"htrnLink":4212}
{"htrnFrom":1983,"htrnLink":1982}
{"htrnFrom":1986,"htrnLink":1985}
{"htrnFrom":1989,"htrnLink":1988}
{"htrnFrom":1992,"htrnLink":1991}
{"htrnFrom":2365,"htrnLink":2356}
{"htrnFrom":2367,"htrnLink":2357}
{"htrnFrom":2368,"htrnLink":2358}
{"htrnFrom":2370,"htrnLink":2360}
{"htrnFrom":2371,"htrnLink":2361}
{"htrnFrom":2373,"htrnLink":2363}
{"htrnFrom":2374,"htrnLink":2364}
{"htrnFrom":2369,"htrnLink":2359}
{"htrnFrom":2362,"htrnLink":2372}
{"htrnFrom":2376,"htrnLink":2375}
{"htrnFrom":2378,"htrnLink":2377}
{"htrnFrom":2399,"htrnLink":2398}
{"htrnFrom":2402,"htrnLink":2401}
{"htrnFrom":2406,"htrnLink":2405}
{"htrnFrom":661,"htrnLink":660}
{"htrnFrom":1093,"htrnLink":1094}
{"htrnFrom":1099,"htrnLink":1100}
{"htrnFrom":1125,"htrnLink":1126}
{"htrnFrom":1129,"htrnLink":1130}
{"htrnFrom":1135,"htrnLink":1136}
{"htrnFrom":1167,"htrnLink":1168}
{"htrnFrom":1171,"htrnLink":1172}
{"htrnFrom":1193,"htrnLink":1194}
{"htrnFrom":1199,"htrnLink":1200}
{"htrnFrom":1221,"htrnLink":1222}
{"htrnFrom":1225,"htrnLink":1226}
{"htrnFrom":1251,"htrnLink":1252}
{"htrnFrom":1259,"htrnLink":1260}
{"htrnFrom":1289,"htrnLink":1290}
{"htrnFrom":1291,"htrnLink":1292}
{"htrnFrom":1537,"htrnLink":1538}
{"htrnFrom":1541,"htrnLink":1542}
{"htrnFrom":1950,"htrnLink":1949}
{"htrnFrom":1964,"htrnLink":1963}
{"htrnFrom":2450,"htrnLink":2449}
{"htrnFrom":2468,"htrnLink":2467}
{"htrnFrom":2478,"htrnLink":2477}
{"htrnFrom":2484,"htrnLink":2483}
{"htrnFrom":2486,"htrnLink":2485}
{"htrnFrom":2504,"htrnLink":1418}
{"htrnFrom":1938,"htrnLink":1937}
{"htrnFrom":2624,"htrnLink":2623}
{"htrnFrom":2626,"htrnLink":2625}
{"htrnFrom":2628,"htrnLink":2627}
{"htrnFrom":2630,"htrnLink":2629}
{"htrnFrom":2632,"htrnLink":2631}
{"htrnFrom":2634,"htrnLink":2633}
{"htrnFrom":2636,"htrnLink":2635}
{"htrnFrom":2639,"htrnLink":2638}
{"htrnFrom":2642,"htrnLink":2641}
{"htrnFrom":2645,"htrnLink":2644}
{"htrnFrom":2648,"htrnLink":2647}
{"htrnFrom":2651,"htrnLink":2650}
{"htrnFrom":2654,"htrnLink":2653}
{"htrnFrom":2657,"htrnLink":2656}
{"htrnFrom":2660,"htrnLink":2659}
{"htrnFrom":2663,"htrnLink":2662}
{"htrnFrom":2666,"htrnLink":2665}
{"htrnFrom":2669,"htrnLink":2668}
{"htrnFrom":2672,"htrnLink":2671}
{"htrnFrom":2675,"htrnLink":2674}
{"htrnFrom":2678,"htrnLink":2677}
{"htrnFrom":1968,"htrnLink":1967}
{"htrnFrom":2716,"htrnLink":2715}
{"htrnFrom":2718,"htrnLink":2717}
{"htrnFrom":2720,"htrnLink":2719}
{"htrnFrom":2722,"htrnLink":2721}
{"htrnFrom":2724,"htrnLink":2723}
{"htrnFrom":2726,"htrnLink":2725}
{"htrnFrom":2734,"htrnLink":2733}
{"htrnFrom":2736,"htrnLink":2735}
{"htrnFrom":2738,"htrnLink":2737}
{"htrnFrom":2482,"htrnLink":2481}
{"htrnFrom":1960,"htrnLink":1959}
{"htrnFrom":1958,"htrnLink":1957}
{"htrnFrom":1946,"htrnLink":1945}
{"htrnFrom":1936,"htrnLink":1935}
{"htrnFrom":1966,"htrnLink":1965}
{"htrnFrom":1956,"htrnLink":1955}
{"htrnFrom":1944,"htrnLink":1943}
{"htrnFrom":1940,"htrnLink":1939}
{"htrnFrom":1970,"htrnLink":1969}
{"htrnFrom":1934,"htrnLink":1933}
{"htrnFrom":2728,"htrnLink":2727}
{"htrnFrom":2730,"htrnLink":2729}
{"htrnFrom":2732,"htrnLink":2731}
{"htrnFrom":2745,"htrnLink":2744}
{"htrnFrom":2748,"htrnLink":2747}
{"htrnFrom":2751,"htrnLink":2750}
{"htrnFrom":2754,"htrnLink":2753}
{"htrnFrom":2782,"htrnLink":2781}
{"htrnFrom":2784,"htrnLink":2783}
{"htrnFrom":2786,"htrnLink":2785}
{"htrnFrom":2788,"htrnLink":2787}
{"htrnFrom":2790,"htrnLink":2789}
{"htrnFrom":2792,"htrnLink":2791}
{"htrnFrom":2794,"htrnLink":2793}
{"htrnFrom":2796,"htrnLink":2795}
{"htrnFrom":2798,"htrnLink":2797}
{"htrnFrom":2800,"htrnLink":2799}
{"htrnFrom":2802,"htrnLink":2801}
{"htrnFrom":2804,"htrnLink":2803}
{"htrnFrom":2806,"htrnLink":2805}
{"htrnFrom":2808,"htrnLink":2807}
{"htrnFrom":2845,"htrnLink":2844}
{"htrnFrom":2847,"htrnLink":2846}
{"htrnFrom":2849,"htrnLink":2848}
{"htrnFrom":2851,"htrnLink":2850}
{"htrnFrom":2853,"htrnLink":2852}
{"htrnFrom":2855,"htrnLink":2854}
{"htrnFrom":2857,"htrnLink":2856}
{"htrnFrom":2860,"htrnLink":2859}
{"htrnFrom":2863,"htrnLink":2862}
{"htrnFrom":2866,"htrnLink":2865}
{"htrnFrom":2869,"htrnLink":2868}
{"htrnFrom":2872,"htrnLink":2871}
{"htrnFrom":2875,"htrnLink":2874}
{"htrnFrom":2878,"htrnLink":2877}
{"htrnFrom":2881,"htrnLink":2880}
{"htrnFrom":2884,"htrnLink":2883}
{"htrnFrom":2887,"htrnLink":2886}
{"htrnFrom":2890,"htrnLink":2889}
{"htrnFrom":2893,"htrnLink":2892}
{"htrnFrom":2896,"htrnLink":2895}
{"htrnFrom":2899,"htrnLink":2898}
{"htrnFrom":2930,"htrnLink":2929}
{"htrnFrom":2937,"htrnLink":2936}
{"htrnFrom":2944,"htrnLink":2943}
{"htrnFrom":2951,"htrnLink":2950}
{"htrnFrom":2958,"htrnLink":2957}
{"htrnFrom":2965,"htrnLink":2964}
{"htrnFrom":2972,"htrnLink":2971}
{"htrnFrom":2979,"htrnLink":2978}
{"htrnFrom":2986,"htrnLink":2985}
{"htrnFrom":2993,"htrnLink":2992}
{"htrnFrom":3000,"htrnLink":2999}
{"htrnFrom":3007,"htrnLink":3006}
{"htrnFrom":3014,"htrnLink":3013}
{"htrnFrom":3021,"htrnLink":3020}
{"htrnFrom":3028,"htrnLink":3027}
{"htrnFrom":3058,"htrnLink":3057}
{"htrnFrom":3065,"htrnLink":3064}
{"htrnFrom":3072,"htrnLink":3071}
{"htrnFrom":3079,"htrnLink":3078}
{"htrnFrom":3086,"htrnLink":3085}
{"htrnFrom":3088,"htrnLink":3087}
{"htrnFrom":3090,"htrnLink":3089}
{"htrnFrom":3092,"htrnLink":3091}
{"htrnFrom":3094,"htrnLink":3093}
{"htrnFrom":3096,"htrnLink":3095}
{"htrnFrom":3104,"htrnLink":3103}
{"htrnFrom":3106,"htrnLink":3105}
{"htrnFrom":3108,"htrnLink":3107}
{"htrnFrom":3111,"htrnLink":3110}
{"htrnFrom":3114,"htrnLink":3113}
{"htrnFrom":3117,"htrnLink":3116}
{"htrnFrom":3120,"htrnLink":3119}
{"htrnFrom":3123,"htrnLink":3122}
{"htrnFrom":3126,"htrnLink":3125}
{"htrnFrom":3193,"htrnLink":3192}
{"htrnFrom":3195,"htrnLink":3194}
{"htrnFrom":3197,"htrnLink":3196}
{"htrnFrom":3199,"htrnLink":3198}
{"htrnFrom":3201,"htrnLink":3200}
{"htrnFrom":3203,"htrnLink":3202}
{"htrnFrom":3205,"htrnLink":3204}
{"htrnFrom":3207,"htrnLink":3206}
{"htrnFrom":3209,"htrnLink":3208}
{"htrnFrom":3211,"htrnLink":3210}
{"htrnFrom":3213,"htrnLink":3212}
{"htrnFrom":3215,"htrnLink":3214}
{"htrnFrom":3217,"htrnLink":3216}
{"htrnFrom":3220,"htrnLink":3219}
{"htrnFrom":3223,"htrnLink":3222}
{"htrnFrom":3226,"htrnLink":3225}
{"htrnFrom":3229,"htrnLink":3228}
{"htrnFrom":3232,"htrnLink":3231}
{"htrnFrom":3235,"htrnLink":3234}
{"htrnFrom":3238,"htrnLink":3237}
{"htrnFrom":3241,"htrnLink":3240}
{"htrnFrom":3244,"htrnLink":3243}
{"htrnFrom":3247,"htrnLink":3246}
{"htrnFrom":3250,"htrnLink":3249}
{"htrnFrom":4921,"htrnLink":4920}
{"htrnFrom":4924,"htrnLink":4923}
{"htrnFrom":4216,"htrnLink":4215}
{"htrnFrom":4219,"htrnLink":4218}
{"htrnFrom":4222,"htrnLink":4221}
{"htrnFrom":4245,"htrnLink":4244}
{"htrnFrom":4252,"htrnLink":4251}
{"htrnFrom":4259,"htrnLink":4258}
{"htrnFrom":4266,"htrnLink":4265}
{"htrnFrom":4273,"htrnLink":4272}
{"htrnFrom":4280,"htrnLink":4279}
{"htrnFrom":4287,"htrnLink":4286}
{"htrnFrom":4294,"htrnLink":4293}
{"htrnFrom":4301,"htrnLink":4300}
{"htrnFrom":4308,"htrnLink":4307}
{"htrnFrom":4315,"htrnLink":4314}
{"htrnFrom":4322,"htrnLink":4321}
{"htrnFrom":4329,"htrnLink":4328}
{"htrnFrom":4336,"htrnLink":4335}
{"htrnFrom":4343,"htrnLink":4342}
{"htrnFrom":4350,"htrnLink":4349}
{"htrnFrom":4352,"htrnLink":4351}
{"htrnFrom":4354,"htrnLink":4353}
{"htrnFrom":4356,"htrnLink":4355}
{"htrnFrom":4358,"htrnLink":4357}
{"htrnFrom":4360,"htrnLink":4359}
{"htrnFrom":4362,"htrnLink":4361}
{"htrnFrom":4364,"htrnLink":4363}
{"htrnFrom":4366,"htrnLink":4365}
{"htrnFrom":4368,"htrnLink":4367}
{"htrnFrom":4370,"htrnLink":4369}
{"htrnFrom":4372,"htrnLink":4371}
{"htrnFrom":4374,"htrnLink":4373}
{"htrnFrom":4376,"htrnLink":4375}
{"htrnFrom":4378,"htrnLink":4377}
{"htrnFrom":4380,"htrnLink":4379}
{"htrnFrom":4382,"htrnLink":4381}
{"htrnFrom":4384,"htrnLink":4383}
{"htrnFrom":2761,"htrnLink":2760}
{"htrnFrom":2763,"htrnLink":2762}
{"htrnFrom":2765,"htrnLink":2764}
{"htrnFrom":2767,"htrnLink":2766}
{"htrnFrom":2769,"htrnLink":2768}
{"htrnFrom":2771,"htrnLink":2770}
{"htrnFrom":2366,"htrnLink":2355}
{"htrnFrom":4404,"htrnLink":4403}
{"htrnFrom":4406,"htrnLink":4405}
{"htrnFrom":4414,"htrnLink":4413}
{"htrnFrom":4416,"htrnLink":4415}
{"htrnFrom":4425,"htrnLink":4424}
{"htrnFrom":4431,"htrnLink":4430}
{"htrnFrom":4434,"htrnLink":4433}
{"htrnFrom":4442,"htrnLink":4441}
{"htrnFrom":4445,"htrnLink":4444}
{"htrnFrom":4449,"htrnLink":4448}
{"htrnFrom":4451,"htrnLink":4450}
{"htrnFrom":4453,"htrnLink":4452}
{"htrnFrom":4455,"htrnLink":4454}
{"htrnFrom":4457,"htrnLink":4456}
{"htrnFrom":4466,"htrnLink":4465}
{"htrnFrom":4473,"htrnLink":4472}
{"htrnFrom":4480,"htrnLink":4479}
{"htrnFrom":4498,"htrnLink":4497}
{"htrnFrom":4500,"htrnLink":4499}
{"htrnFrom":4502,"htrnLink":4501}
{"htrnFrom":4504,"htrnLink":4503}
{"htrnFrom":4506,"htrnLink":4505}
{"htrnFrom":4508,"htrnLink":4507}
{"htrnFrom":4510,"htrnLink":4509}
{"htrnFrom":4512,"htrnLink":4511}
{"htrnFrom":4514,"htrnLink":4513}
{"htrnFrom":4516,"htrnLink":4515}
{"htrnFrom":4518,"htrnLink":4517}
{"htrnFrom":4564,"htrnLink":4563}
{"htrnFrom":4566,"htrnLink":4565}
{"htrnFrom":4568,"htrnLink":4567}
{"htrnFrom":4570,"htrnLink":4569}
{"htrnFrom":4572,"htrnLink":4571}
{"htrnFrom":4574,"htrnLink":4573}
{"htrnFrom":4576,"htrnLink":4575}
{"htrnFrom":4578,"htrnLink":4577}
{"htrnFrom":4580,"htrnLink":4579}
{"htrnFrom":4582,"htrnLink":4581}
{"htrnFrom":4584,"htrnLink":4583}
{"htrnFrom":4586,"htrnLink":4585}
{"htrnFrom":4588,"htrnLink":4587}
{"htrnFrom":4590,"htrnLink":4589}
{"htrnFrom":4592,"htrnLink":4591}
{"htrnFrom":4594,"htrnLink":4593}
{"htrnFrom":4596,"htrnLink":4595}
{"htrnFrom":4598,"htrnLink":4597}
{"htrnFrom":4600,"htrnLink":4599}
{"htrnFrom":4602,"htrnLink":4601}
{"htrnFrom":4604,"htrnLink":4603}
{"htrnFrom":4606,"htrnLink":4605}
{"htrnFrom":4635,"htrnLink":4634}
{"htrnFrom":4642,"htrnLink":4641}
{"htrnFrom":4649,"htrnLink":4648}
{"htrnFrom":4656,"htrnLink":4655}
{"htrnFrom":4663,"htrnLink":4662}
{"htrnFrom":4670,"htrnLink":4669}
{"htrnFrom":4677,"htrnLink":4676}
{"htrnFrom":4684,"htrnLink":4683}
{"htrnFrom":4691,"htrnLink":4690}
{"htrnFrom":4698,"htrnLink":4697}
{"htrnFrom":4705,"htrnLink":4704}
{"htrnFrom":4712,"htrnLink":4711}
{"htrnFrom":4719,"htrnLink":4718}
{"htrnFrom":4726,"htrnLink":4725}
{"htrnFrom":4733,"htrnLink":4732}
{"htrnFrom":4740,"htrnLink":4739}
{"htrnFrom":4747,"htrnLink":4746}
{"htrnFrom":4754,"htrnLink":4753}
{"htrnFrom":4761,"htrnLink":4760}
{"htrnFrom":4768,"htrnLink":4767}
{"htrnFrom":4775,"htrnLink":4774}
{"htrnFrom":4782,"htrnLink":4781}
{"htrnFrom":4818,"htrnLink":4817}
{"htrnFrom":4821,"htrnLink":4820}
{"htrnFrom":4824,"htrnLink":4823}
{"htrnFrom":4827,"htrnLink":4826}
{"htrnFrom":4830,"htrnLink":4829}
{"htrnFrom":4833,"htrnLink":4832}
{"htrnFrom":4836,"htrnLink":4835}
{"htrnFrom":4839,"htrnLink":4838}
{"htrnFrom":4842,"htrnLink":4841}
{"htrnFrom":4845,"htrnLink":4844}
{"htrnFrom":4848,"htrnLink":4847}
{"htrnFrom":4851,"htrnLink":4850}
{"htrnFrom":4854,"htrnLink":4853}
{"htrnFrom":4857,"htrnLink":4856}
{"htrnFrom":4860,"htrnLink":4859}
{"htrnFrom":4863,"htrnLink":4862}
{"htrnFrom":4866,"htrnLink":4865}
{"htrnFrom":4869,"htrnLink":4868}
{"htrnFrom":4872,"htrnLink":4871}
{"htrnFrom":4875,"htrnLink":4874}
{"htrnFrom":4878,"htrnLink":4877}
{"htrnFrom":4881,"htrnLink":4880}
{"htrnFrom":4895,"htrnLink":4894}
{"htrnFrom":4897,"htrnLink":4896}
{"htrnFrom":4901,"htrnLink":4900}
{"htrnFrom":4906,"htrnLink":4905}
{"htrnFrom":4908,"htrnLink":4907}
{"htrnFrom":4910,"htrnLink":4909}
{"htrnFrom":4912,"htrnLink":4911}
{"htrnFrom":4898,"htrnLink":4899}
{"htrnFrom":4904,"htrnLink":4903}
{"htrnFrom":6,"htrnLink":5}
{"htrnFrom":1974,"htrnLink":1973}
{"htrnFrom":4956,"htrnLink":4955}
{"htrnFrom":4944,"htrnLink":4943}
{"htrnFrom":4950,"htrnLink":4949}
