{"htxsrc":1,"srct":3,"lHsrc":2,"txn":262,"txcpy":1,"txpd":-1,"dtSerial":"05/24/04 17:44:26","sguid":{"$binary": "ezFGOEU5RDY3LTUzQzEtNDc2Ny1CNUZDNUJEQzk0NzRDMDVEfQ==", "$type": "00"},"fUpdated":1}
{"htxsrc":2,"srct":3,"lHsrc":3,"txn":263,"txcpy":1,"txpd":-1,"dtSerial":"05/24/04 17:44:26","sguid":{"$binary": "ezdDMjY1NEJCLTEzRDctNDEyQS1BQkVDOTA2MERCMkI5RDYzfQ==", "$type": "00"},"fUpdated":1}
{"htxsrc":3,"srct":3,"lHsrc":4,"txn":609,"txcpy":1,"txpd":-1,"dtSerial":"05/24/04 17:44:26","sguid":{"$binary": "e0U1RjlGNTEyLUVCQkYtNDBCOS04MEFFMkMyREJDQ0Q3QzNFfQ==", "$type": "00"},"fUpdated":1}
{"htxsrc":4,"srct":3,"lHsrc":5,"txn":609,"txcpy":1,"txpd":-1,"dtSerial":"05/24/04 17:44:26","sguid":{"$binary": "ezA1RUREOTgyLUNENUYtNDA2MC1CNDY2NUI3MTgxRDRDQzFEfQ==", "$type": "00"},"fUpdated":1}
{"htxsrc":5,"srct":3,"lHsrc":6,"txn":481,"txcpy":1,"txpd":-1,"dtSerial":"05/24/04 17:44:26","sguid":{"$binary": "e0VEODNFRDA3LUU4N0ItNEJEOC04NzFCNjNGMzhBQkUyNzkzfQ==", "$type": "00"},"fUpdated":1}
{"htxsrc":6,"srct":3,"lHsrc":7,"txn":516,"txcpy":1,"txpd":-1,"dtSerial":"05/24/04 17:44:26","sguid":{"$binary": "ezYyOTBENDk0LTAzQTMtNEZCNi1BRTNCMTE5MTBBNDk2QjQ4fQ==", "$type": "00"},"fUpdated":1}
{"htxsrc":7,"srct":3,"lHsrc":8,"txn":610,"txcpy":1,"txpd":-1,"dtSerial":"05/24/04 17:44:26","sguid":{"$binary": "e0VGRjdFNUEyLTM2MzgtNDhDMC04RTQyMjg4MDk5OUEyQkFFfQ==", "$type": "00"},"fUpdated":1}
{"htxsrc":8,"srct":3,"lHsrc":9,"txn":610,"txcpy":1,"txpd":-1,"dtSerial":"05/24/04 17:44:26","sguid":{"$binary": "ezc1ODM3RTNFLTA5QTEtNDUyMy04RDczREI3NzJGOEUyRENFfQ==", "$type": "00"},"fUpdated":1}
{"htxsrc":9,"srct":3,"lHsrc":10,"txn":482,"txcpy":1,"txpd":-1,"dtSerial":"05/24/04 17:44:26","sguid":{"$binary": "ezIwQ0U2MTIxLUM2NTUtNDM4Ri1BOTNDRDMwRTJFOEM0RENFfQ==", "$type": "00"},"fUpdated":1}
{"htxsrc":10,"srct":1,"lHsrc":133,"txn":286,"txcpy":1,"txpd":-1,"dtSerial":"05/24/04 17:44:26","sguid":{"$binary": "e0Y0NjI2RUQ3LTA0REMtNDJGNS1BRDcyNkZBRjE5RUZBM0I5fQ==", "$type": "00"},"fUpdated":1}
{"htxsrc":11,"srct":1,"lHsrc":134,"txn":287,"txcpy":1,"txpd":-1,"dtSerial":"05/24/04 17:44:26","sguid":{"$binary": "ezgxQjUzRkJELURDNjAtNDFGRi1CNDBENkQ5QTIxOERFMDdFfQ==", "$type": "00"},"fUpdated":1}
{"htxsrc":12,"srct":1,"lHsrc":136,"txn":489,"txcpy":1,"txpd":-1,"dtSerial":"05/24/04 17:44:26","sguid":{"$binary": "ezg2QThCMTU0LUM4MTUtNDYwRS1CRjhGRUJDMzMxMUU4RkVDfQ==", "$type": "00"},"fUpdated":1}
{"htxsrc":13,"srct":1,"lHsrc":137,"txn":257,"txcpy":1,"txpd":-1,"dtSerial":"05/24/04 17:44:26","sguid":{"$binary": "ezkxQTE4QTdGLTk0NzUtNDExRC05NjlGQTNDOEUxRTc1OTI4fQ==", "$type": "00"},"fUpdated":1}
{"htxsrc":14,"srct":1,"lHsrc":141,"txn":259,"txcpy":1,"txpd":-1,"dtSerial":"05/24/04 17:44:26","sguid":{"$binary": "ezlBNTVGOTM1LTZCODAtNDBGQi04QkJCQUNDQTNDRTAwOUQ3fQ==", "$type": "00"},"fUpdated":1}
{"htxsrc":15,"srct":1,"lHsrc":142,"txn":260,"txcpy":1,"txpd":-1,"dtSerial":"05/24/04 17:44:26","sguid":{"$binary": "ezlEN0I4QTM5LTRERDUtNEUwRi1CMkU1RTZFNjlGMUQ5MzI4fQ==", "$type": "00"},"fUpdated":1}
{"htxsrc":16,"srct":1,"lHsrc":143,"txn":479,"txcpy":1,"txpd":-1,"dtSerial":"05/24/04 17:44:26","sguid":{"$binary": "ezQyRjA2RDZGLUY0MDEtNDRBNC1CNUFBMTY2NTZBM0JEOEFBfQ==", "$type": "00"},"fUpdated":1}
{"htxsrc":17,"srct":1,"lHsrc":144,"txn":460,"txcpy":1,"txpd":-1,"dtSerial":"05/24/04 17:44:26","sguid":{"$binary": "e0UwRTgzMDEzLTlDOTktNDdGQS04MkQzMjU4RjVGMTg4RTJEfQ==", "$type": "00"},"fUpdated":1}
{"htxsrc":18,"srct":1,"lHsrc":146,"txn":478,"txcpy":1,"txpd":-1,"dtSerial":"05/24/04 17:44:26","sguid":{"$binary": "ezU0MTJGMjI1LTc0MjktNDBCOC1BQzE4QkM1QzNDQkNDQUIzfQ==", "$type": "00"},"fUpdated":1}
{"htxsrc":19,"srct":1,"lHsrc":147,"txn":476,"txcpy":1,"txpd":-1,"dtSerial":"05/24/04 17:44:26","sguid":{"$binary": "ezg4MTg4MzVDLUE2N0QtNDZDMy1CQ0QxQURCODZEQjlCQTFCfQ==", "$type": "00"},"fUpdated":1}
{"htxsrc":20,"srct":1,"lHsrc":148,"txn":266,"txcpy":1,"txpd":-1,"dtSerial":"05/24/04 17:44:26","sguid":{"$binary": "e0MxOTI1ODdFLTMwRDMtNERDMS1BRDkxQjk1QUI4NkQ5MTc5fQ==", "$type": "00"},"fUpdated":1}
{"htxsrc":21,"srct":1,"lHsrc":149,"txn":460,"txcpy":1,"txpd":-1,"dtSerial":"05/24/04 17:44:26","sguid":{"$binary": "ezVDMUE0RENELTdGNzktNENBRi04MjE1NEM3RUM2QzUzMjlDfQ==", "$type": "00"},"fUpdated":1}
{"htxsrc":22,"srct":1,"lHsrc":150,"txn":460,"txcpy":1,"txpd":-1,"dtSerial":"05/24/04 17:44:26","sguid":{"$binary": "e0VBOEM1NzA4LUY3OUMtNDQ5NC1CM0VGQTY3NkQ0MjAyMTk1fQ==", "$type": "00"},"fUpdated":1}
{"htxsrc":23,"srct":1,"lHsrc":151,"txn":460,"txcpy":1,"txpd":-1,"dtSerial":"05/24/04 17:44:26","sguid":{"$binary": "ezhGRkMxOUEwLTMzQUQtNDkyOS04RERBOURERDg1Nzg3M0NBfQ==", "$type": "00"},"fUpdated":1}
{"htxsrc":24,"srct":1,"lHsrc":153,"txn":460,"txcpy":1,"txpd":-1,"dtSerial":"05/24/04 17:44:26","sguid":{"$binary": "ezlFNzlCMkRCLUQ5OTktNEJCNy05MjEwRkJGRjkwNDg2MTRDfQ==", "$type": "00"},"fUpdated":1}
{"htxsrc":25,"srct":1,"lHsrc":155,"txn":460,"txcpy":1,"txpd":-1,"dtSerial":"05/24/04 17:44:26","sguid":{"$binary": "e0VGNDc4NzY4LTVBNkUtNEQxRC04ODc3MDM0OEMyQTMzQjQ0fQ==", "$type": "00"},"fUpdated":1}
{"htxsrc":26,"srct":1,"lHsrc":178,"txn":280,"txcpy":1,"txpd":-1,"dtSerial":"05/24/04 17:44:26","sguid":{"$binary": "ezBBRjkwMzU1LUYxNjYtNDZBQS05MkRGRkNGQ0NGNDIzREJBfQ==", "$type": "00"},"fUpdated":1}
{"htxsrc":27,"srct":1,"lHsrc":179,"txn":401,"txcpy":1,"txpd":-1,"dtSerial":"05/24/04 17:44:26","sguid":{"$binary": "ezAzRkZGRjM4LTE3Q0UtNEIyMC1CM0M4Q0Q2MjkzN0E4MUI2fQ==", "$type": "00"},"fUpdated":1}
{"htxsrc":28,"srct":1,"lHsrc":189,"txn":484,"txcpy":1,"txpd":-1,"dtSerial":"05/24/04 17:44:26","sguid":{"$binary": "ezVDMUY0NTQ0LTE1REQtNDI4RS04RTc5RTYyMDQzMjc2MEQ2fQ==", "$type": "00"},"fUpdated":1}
{"htxsrc":29,"srct":1,"lHsrc":190,"txn":484,"txcpy":1,"txpd":-1,"dtSerial":"05/24/04 17:44:26","sguid":{"$binary": "ezExMTI1QzBGLUFCNUYtNDYyQy05NzAzNzc2NDRENEE5RDI4fQ==", "$type": "00"},"fUpdated":1}
{"htxsrc":30,"srct":1,"lHsrc":191,"txn":484,"txcpy":1,"txpd":-1,"dtSerial":"05/24/04 17:44:26","sguid":{"$binary": "ezJEOUNCRUU3LUYzRDUtNDAwOC1CMzdCNjE1RTM5QUM0MkYyfQ==", "$type": "00"},"fUpdated":1}
{"htxsrc":31,"srct":1,"lHsrc":192,"txn":484,"txcpy":1,"txpd":-1,"dtSerial":"05/24/04 17:44:26","sguid":{"$binary": "e0JGQjUzMzE0LTMzQzktNDRFNy04MzA1MDAzMDQ5RjkyQjREfQ==", "$type": "00"},"fUpdated":1}
{"htxsrc":32,"srct":1,"lHsrc":193,"txn":484,"txcpy":1,"txpd":-1,"dtSerial":"05/24/04 17:44:26","sguid":{"$binary": "ezg5NzhDODNCLTUzOTEtNEVGQS1CMUU3QkQxNDU3NjcxQTBCfQ==", "$type": "00"},"fUpdated":1}
{"htxsrc":33,"srct":1,"lHsrc":194,"txn":484,"txcpy":1,"txpd":-1,"dtSerial":"05/24/04 17:44:26","sguid":{"$binary": "ezYxNDFFRkU4LTY3ODEtNEJFNC05RTFDQTVDODI4NjkyQjVEfQ==", "$type": "00"},"fUpdated":1}
{"htxsrc":34,"srct":1,"lHsrc":197,"txn":484,"txcpy":1,"txpd":-1,"dtSerial":"05/24/04 17:44:26","sguid":{"$binary": "ezA4QUQ2QkM5LTEyRDAtNEYyQy1CMjM4MDU3ODRENzc5MENFfQ==", "$type": "00"},"fUpdated":1}
{"htxsrc":35,"srct":1,"lHsrc":201,"txn":486,"txcpy":1,"txpd":-1,"dtSerial":"05/24/04 17:44:26","sguid":{"$binary": "ezA3ODQ5Q0Q5LTE0NjEtNDU3RC1BMzVEMjAyM0I0QkM3NzQyfQ==", "$type": "00"},"fUpdated":1}
{"htxsrc":36,"srct":1,"lHsrc":213,"txn":283,"txcpy":1,"txpd":-1,"dtSerial":"05/24/04 17:44:26","sguid":{"$binary": "e0FEQkY5RjU0LUEwRjUtNDEwOC04MDAyNkVCRjk5RDY1RjNCfQ==", "$type": "00"},"fUpdated":1}
{"htxsrc":37,"srct":1,"lHsrc":215,"txn":636,"txcpy":1,"txpd":-1,"dtSerial":"05/24/04 17:44:26","sguid":{"$binary": "ezk3QjQwQzBELTEzNEUtNEFDNi04MEEwM0I4NDNBNUYxNUMxfQ==", "$type": "00"},"fUpdated":1}
{"htxsrc":38,"srct":1,"lHsrc":221,"txn":277,"txcpy":1,"txpd":-1,"dtSerial":"05/24/04 17:44:26","sguid":{"$binary": "ezM1QzNDNjg4LTU2QzktNDFGOC1CMDQ2MkFEMEVDQkI2ODc5fQ==", "$type": "00"},"fUpdated":1}
{"htxsrc":39,"srct":1,"lHsrc":222,"txn":461,"txcpy":1,"txpd":-1,"dtSerial":"05/24/04 17:44:26","sguid":{"$binary": "ezI0NkVDQkM4LTYzRTctNDA3RS1CNzVEMjkzNTEzQjI4QjI0fQ==", "$type": "00"},"fUpdated":1}
{"htxsrc":40,"srct":1,"lHsrc":224,"txn":463,"txcpy":1,"txpd":-1,"dtSerial":"05/24/04 17:44:26","sguid":{"$binary": "e0MwMTUzNkY4LUUyOTMtNDA2Ri1BNEM1QkE5MEVCMkZCQUYyfQ==", "$type": "00"},"fUpdated":1}
{"htxsrc":41,"srct":1,"lHsrc":225,"txn":277,"txcpy":1,"txpd":-1,"dtSerial":"05/24/04 17:44:26","sguid":{"$binary": "ezM1MkU3OEI0LTVEMEQtNEFEQS05OEMzRjZCQjhFNTE0Q0Y4fQ==", "$type": "00"},"fUpdated":1}
{"htxsrc":42,"srct":1,"lHsrc":226,"txn":276,"txcpy":1,"txpd":-1,"dtSerial":"05/24/04 17:44:26","sguid":{"$binary": "ezE0MjA0QTNELUJDMUUtNDZCNy1BMDM0NDM2NUYwOTM2MkNGfQ==", "$type": "00"},"fUpdated":1}
{"htxsrc":43,"srct":1,"lHsrc":227,"txn":462,"txcpy":1,"txpd":-1,"dtSerial":"05/24/04 17:44:26","sguid":{"$binary": "ezBDM0YwMDlFLUVFMUEtNDc5OS05RTYzOTFGQUQzQTMwMEUwfQ==", "$type": "00"},"fUpdated":1}
{"htxsrc":44,"srct":1,"lHsrc":228,"txn":464,"txcpy":1,"txpd":-1,"dtSerial":"05/24/04 17:44:26","sguid":{"$binary": "ezI1RTAxRkE3LTJGQkItNDZBMC04QkQ2RDYwQjgyQTRENzU0fQ==", "$type": "00"},"fUpdated":1}
{"htxsrc":45,"srct":1,"lHsrc":229,"txn":480,"txcpy":1,"txpd":-1,"dtSerial":"05/24/04 17:44:26","sguid":{"$binary": "ezUyNkE0QkZDLTMwMUUtNDEyMi1BNkU1RThENTQ5ODNGODhCfQ==", "$type": "00"},"fUpdated":1}
{"htxsrc":46,"srct":1,"lHsrc":230,"txn":275,"txcpy":1,"txpd":-1,"dtSerial":"05/24/04 17:44:26","sguid":{"$binary": "e0NFQzc5QjExLTA5OUMtNDVBOC1BRjk1MDI1OUU5NDNBRjE4fQ==", "$type": "00"},"fUpdated":1}
{"htxsrc":47,"srct":1,"lHsrc":340,"txn":264,"txcpy":1,"txpd":-1,"dtSerial":"05/24/04 17:44:46","sguid":{"$binary": "e0REN0MxMTJBLTAyNzktNDZGQy1COEFCMDJFQzMzRjkwRTZBfQ==", "$type": "00"},"fUpdated":1}
