{"huiview":1,"hpmrpt":1,"szName":"{895009AE-D66E-4713-B2B0-768EB714A826}","szDisplayName":"Default/Standard","hview":365,"iSeqDisplay":-1,"sguid":{"$binary": "ezJCM0Q2QUJBLTUwRkUtNDJCQy05Qzc5OTkwNkRBRTFCN0E0fQ==", "$type": "00"},"dtSerial":"07/10/07 08:31:41","fSyncLast":0,"fCustomized":1,"fChanged":1}
{"huiview":2,"hpmrpt":1,"szName":"{895009AF-D66E-4713-B2B0-768EB714A826}","szDisplayName":"Asset Allocation","hview":380,"iSeqDisplay":-1,"sguid":{"$binary": "e0JFMTQyNThFLUExNzUtNDgwRi05RDkwRjUyM0IyQ0NGQ0QzfQ==", "$type": "00"},"dtSerial":"07/10/07 08:31:41","fSyncLast":0,"fCustomized":0,"fChanged":0}
{"huiview":3,"hpmrpt":1,"szName":"{895009B0-D66E-4713-B2B0-768EB714A826}","szDisplayName":"Performance","hview":365,"iSeqDisplay":-1,"sguid":{"$binary": "ezI5NkI4OUVBLTgyQkMtNEYzQi04M0VGMTY1N0ZDNTQ5NUM3fQ==", "$type": "00"},"dtSerial":"07/10/07 08:31:41","fSyncLast":0,"fCustomized":0,"fChanged":0}
{"huiview":4,"hpmrpt":1,"szName":"{895009B1-D66E-4713-B2B0-768EB714A826}","szDisplayName":"Return Calculations","hview":365,"iSeqDisplay":-1,"sguid":{"$binary": "ezVCQzA3MEMxLUI1MEUtNEJBMi05RDE1RTExN0Q3RjhBNkEzfQ==", "$type": "00"},"dtSerial":"07/10/07 08:31:41","fSyncLast":0,"fCustomized":0,"fChanged":0}
{"huiview":5,"hpmrpt":1,"szName":"{895009B2-D66E-4713-B2B0-768EB714A826}","szDisplayName":"Valuation","hview":365,"iSeqDisplay":-1,"sguid":{"$binary": "ezYwRjhGQkM0LTAyRDktNDAyQi1BOUVDRDdCQjQ5RTFDOTYxfQ==", "$type": "00"},"dtSerial":"07/10/07 08:31:41","fSyncLast":0,"fCustomized":0,"fChanged":0}
{"huiview":6,"hpmrpt":1,"szName":"{895009B3-D66E-4713-B2B0-768EB714A826}","szDisplayName":"Quotes","hview":363,"iSeqDisplay":-1,"sguid":{"$binary": "ezE2QjE0QUU3LTJCNTAtNDM2OS1BMzBDNENENTI0NkQyRTNGfQ==", "$type": "00"},"dtSerial":"07/10/07 08:31:41","fSyncLast":0,"fCustomized":0,"fChanged":0}
{"huiview":7,"hpmrpt":1,"szName":"{895009B4-D66E-4713-B2B0-768EB714A826}","szDisplayName":"Holdings","hview":365,"iSeqDisplay":-1,"sguid":{"$binary": "ezFFRTdDRkUyLTg4MjYtNDU2MC05NTA5OTc1RTY2RjNBRkUwfQ==", "$type": "00"},"dtSerial":"07/10/07 08:31:41","fSyncLast":0,"fCustomized":0,"fChanged":0}
{"huiview":8,"hpmrpt":1,"szName":"{895009B5-D66E-4713-B2B0-768EB714A826}","szDisplayName":"Fundamental Data","hview":365,"iSeqDisplay":-1,"sguid":{"$binary": "ezM4RjcwMzc1LTBGOTItNEU0OS1COTg1RTBGQjRCQzJBOUE1fQ==", "$type": "00"},"dtSerial":"07/10/07 08:31:41","fSyncLast":0,"fCustomized":0,"fChanged":0}
{"huiview":9,"hpmrpt":1,"szName":"{895009B6-D66E-4713-B2B0-768EB714A826}","szDisplayName":"Option","hview":363,"iSeqDisplay":-1,"sguid":{"$binary": "ezJGNDFEOUQzLTQxNzktNDc4NC1BMkY5NEUxRUM3NjMyQTU3fQ==", "$type": "00"},"dtSerial":"07/10/07 08:31:41","fSyncLast":0,"fCustomized":0,"fChanged":0}
{"huiview":10,"hpmrpt":1,"szName":"{895009B7-D66E-4713-B2B0-768EB714A826}","szDisplayName":"Employee Stock Options","hview":363,"iSeqDisplay":-1,"sguid":{"$binary": "ezQ4RjFBQzJCLUI4NTMtNDFEMy05M0U5NjUyQkU3MjNGNTUyfQ==", "$type": "00"},"dtSerial":"07/10/07 08:31:41","fSyncLast":0,"fCustomized":0,"fChanged":0}
{"huiview":11,"hpmrpt":1,"szName":"{895009B8-D66E-4713-B2B0-768EB714A826}","szDisplayName":"Bonds","hview":363,"iSeqDisplay":-1,"sguid":{"$binary": "ezkyOEE4QTlCLURFMjQtNDBCQy04RjUxMUQ4QUU4QTExRUVGfQ==", "$type": "00"},"dtSerial":"07/10/07 08:31:42","fSyncLast":0,"fCustomized":0,"fChanged":0}
{"huiview":12,"hpmrpt":1,"szName":"{85576B9F-F0AC-4A14-AA90-3F399252054A}","szDisplayName":"Custom view","hview":365,"iSeqDisplay":-1,"sguid":{"$binary": "e0Q3MzJERDU3LUEyMEQtNDI4Ni04NTg3NDkzMjM4REU3QTEwfQ==", "$type": "00"},"dtSerial":"07/10/07 08:31:42","fSyncLast":0,"fCustomized":0,"fChanged":0}
{"huiview":13,"hpmrpt":2,"szName":"{895009B9-D66E-4713-B2B0-768EB714A826}","szDisplayName":"Account Summary","hview":383,"iSeqDisplay":-1,"sguid":{"$binary": "ezg3QzYzMkU1LTk0QTUtNDRCQy05MEQ4MDE4NjJEMTFDOTlCfQ==", "$type": "00"},"dtSerial":"07/10/07 08:31:42","fSyncLast":0,"fCustomized":0,"fChanged":0}
