{"huiel":1,"elt":1,"theme":0,"subelt":0,"pos":0,"grf":0,"tbl":-1,"lHobjRel":-1,"dtSerial":"07/04/05 11:18:09","lcol":-1}
{"huiel":9,"elt":1,"theme":2,"subelt":2,"pos":0,"grf":0,"tbl":-1,"lHobjRel":-1,"dtSerial":"04/30/07 11:24:40","lcol":-1}
{"huiel":10,"elt":1,"theme":2,"subelt":70,"pos":1,"grf":0,"tbl":-1,"lHobjRel":-1,"dtSerial":"04/30/07 11:24:40","lcol":-1}
{"huiel":11,"elt":1,"theme":2,"subelt":13,"pos":2,"grf":0,"tbl":-1,"lHobjRel":-1,"dtSerial":"04/30/07 11:24:40","lcol":-1}
{"huiel":12,"elt":1,"theme":2,"subelt":14,"pos":3,"grf":0,"tbl":-1,"lHobjRel":-1,"dtSerial":"04/30/07 11:24:40","lcol":-1}
{"huiel":13,"elt":1,"theme":2,"subelt":15,"pos":4,"grf":0,"tbl":-1,"lHobjRel":-1,"dtSerial":"04/30/07 11:24:40","lcol":-1}
{"huiel":14,"elt":1,"theme":2,"subelt":16,"pos":5,"grf":0,"tbl":-1,"lHobjRel":-1,"dtSerial":"04/30/07 11:24:40","lcol":-1}
{"huiel":15,"elt":1,"theme":2,"subelt":17,"pos":6,"grf":0,"tbl":-1,"lHobjRel":-1,"dtSerial":"04/30/07 11:24:40","lcol":-1}
{"huiel":16,"elt":1,"theme":2,"subelt":39,"pos":7,"grf":0,"tbl":-4000,"lHobjRel":77,"dtSerial":"04/30/07 11:24:40","lcol":-1}
