{"hview":13,"so":-1,"grfflt":0,"hcli":2,"hitmPool":-4036,"vart":1,"cfc":1,"dtSerial":"02/16/01 14:11:57"}
{"hview":32,"so":0,"grfflt":0,"hcli":2,"hitmPool":-4000,"vart":3,"rgbVar":{"$binary": "FgAAAA==", "$type": "00"},"cfc":5,"dtSerial":"02/16/01 14:11:57"}
{"hview":33,"so":0,"grfflt":0,"hcli":2,"hitmPool":-4000,"vart":3,"rgbVar":{"$binary": "FgAAAA==", "$type": "00"},"cfc":7,"dtSerial":"02/16/01 14:11:57"}
{"hview":56,"so":-1,"grfflt":0,"hcli":2,"hitmPool":-4036,"vart":1,"cfc":1,"dtSerial":"02/16/01 14:46:24"}
{"hview":57,"so":0,"grfflt":0,"hcli":2,"hitmPool":-4000,"vart":8,"rgbVar":{"$binary": "CgAAAAIAAAAEAAAABgAAAAgAAAAKAAAADAAAAA4AAAAQAAAAFgAAACMAAAAAAA==", "$type": "00"},"cfc":5,"dtSerial":"02/16/01 14:46:24"}
{"hview":58,"so":0,"grfflt":0,"hcli":2,"hitmPool":-4000,"vart":8,"rgbVar":{"$binary": "CgAAAAIAAAAEAAAABgAAAAgAAAAKAAAADAAAAA4AAAAQAAAAFgAAACMAAAAAAA==", "$type": "00"},"cfc":7,"dtSerial":"02/16/01 14:46:24"}
{"hview":171,"so":-1,"grfflt":0,"hcli":2,"hitmPool":-4000,"vart":1,"cfc":5,"dtSerial":"05/24/01 09:18:17"}
{"hview":172,"so":0,"grfflt":0,"hcli":2,"hitmPool":-4000,"vart":8,"rgbVar":{"$binary": "BAAAAAIAAAAQAAAAGgAAAEIAAAAAAA==", "$type": "00"},"cfc":21,"dtSerial":"05/24/01 09:18:17"}
{"hview":173,"so":-1,"grfflt":0,"hcli":2,"hitmPool":-4000,"vart":1,"cfc":5,"dtSerial":"05/24/01 09:18:17"}
{"hview":175,"so":-1,"grfflt":0,"hcli":2,"hitmPool":-4000,"vart":1,"cfc":3,"dtSerial":"05/24/01 09:18:18"}
{"hview":176,"so":0,"grfflt":0,"hcli":2,"hitmPool":-4000,"vart":1,"cfc":23,"dtSerial":"05/24/01 09:18:18"}
{"hview":177,"so":-1,"grfflt":0,"hcli":2,"hitmPool":-4000,"vart":1,"cfc":5,"dtSerial":"05/24/01 09:18:18"}
{"hview":178,"so":0,"grfflt":0,"hcli":2,"hitmPool":-4000,"vart":8,"rgbVar":{"$binary": "BAAAAAIAAAAQAAAAGgAAAEIAAAAAAA==", "$type": "00"},"cfc":21,"dtSerial":"05/24/01 09:18:18"}
{"hview":179,"so":-1,"grfflt":0,"hcli":2,"hitmPool":-4000,"vart":1,"cfc":5,"dtSerial":"05/24/01 09:18:18"}
{"hview":181,"so":-1,"grfflt":0,"hcli":2,"hitmPool":-4059,"vart":1,"cfc":0,"dtSerial":"05/24/01 09:18:18"}
{"hview":144,"so":-1,"grfflt":0,"hcli":2,"hitmPool":-4000,"szFull":"Cash Flow Multiple Accts","vart":8,"rgbVar":{"$binary": "BQAAAAMAAAAqAAAAQwAAAEQAAABGAAAAAAA=", "$type": "00"},"cfc":15,"dtSerial":"05/30/01 18:50:06"}
{"hview":182,"so":-1,"grfflt":0,"hcli":2,"hitmPool":-4000,"vart":1,"cfc":1,"dtSerial":"05/30/01 18:50:06"}
{"hview":35,"so":-1,"grfflt":0,"hcli":2,"hitmPool":-4036,"vart":1,"cfc":1,"dtSerial":"05/21/02 09:39:51"}
{"hview":336,"so":0,"grfflt":0,"hcli":2,"hitmPool":-4000,"vart":1,"cfc":7,"dtSerial":"05/21/02 09:39:51"}
{"hview":264,"so":-1,"grfflt":0,"hcli":2,"hitmPool":-4036,"vart":1,"cfc":1,"dtSerial":"05/21/02 09:39:53"}
{"hview":337,"so":0,"grfflt":0,"hcli":2,"hitmPool":-4000,"vart":1,"cfc":7,"dtSerial":"05/21/02 09:39:53"}
{"hview":338,"so":-1,"grfflt":0,"hcli":2,"hitmPool":-4036,"vart":1,"cfc":1,"dtSerial":"05/21/02 09:39:55"}
{"hview":339,"so":0,"grfflt":0,"hcli":2,"hitmPool":-4000,"vart":1,"cfc":7,"dtSerial":"05/21/02 09:39:55"}
{"hview":340,"so":-1,"grfflt":0,"hcli":2,"hitmPool":-4036,"vart":1,"cfc":1,"dtSerial":"05/21/02 09:39:57"}
{"hview":341,"so":0,"grfflt":0,"hcli":2,"hitmPool":-4000,"vart":1,"cfc":7,"dtSerial":"05/21/02 09:39:57"}
{"hview":319,"so":-1,"grfflt":0,"hcli":2,"hitmPool":-4036,"vart":1,"cfc":1,"dtSerial":"05/21/02 09:39:59"}
{"hview":342,"so":0,"grfflt":0,"hcli":2,"hitmPool":-4000,"vart":1,"cfc":7,"dtSerial":"05/21/02 09:39:59"}
{"hview":3,"so":-1,"grfflt":0,"hcli":2,"hitmPool":-4036,"vart":1,"cfc":1,"dtSerial":"05/21/02 09:40:02"}
{"hview":343,"so":0,"grfflt":0,"hcli":2,"hitmPool":-4000,"vart":1,"cfc":7,"dtSerial":"05/21/02 09:40:02"}
{"hview":344,"so":-1,"grfflt":0,"hcli":2,"hitmPool":-4036,"vart":1,"cfc":1,"dtSerial":"05/21/02 09:40:06"}
{"hview":345,"so":0,"grfflt":0,"hcli":2,"hitmPool":-4000,"vart":1,"cfc":7,"dtSerial":"05/21/02 09:40:06"}
{"hview":1,"so":-1,"grfflt":0,"hcli":2,"hitmPool":-4036,"vart":1,"cfc":1,"dtSerial":"05/30/02 08:43:35"}
{"hview":362,"so":0,"grfflt":0,"hcli":2,"hitmPool":-4000,"vart":1,"cfc":7,"dtSerial":"05/30/02 08:43:35"}
{"hview":364,"so":-1,"grfflt":0,"hcli":2,"hitmPool":-4059,"vart":1,"cfc":5,"dtSerial":"05/24/04 17:44:31"}
{"hview":366,"so":-1,"grfflt":0,"hcli":2,"hitmPool":-4000,"vart":1,"cfc":1,"dtSerial":"05/24/04 17:44:31"}
{"hview":367,"so":-1,"grfflt":0,"hcli":2,"hitmPool":-4059,"vart":1,"cfc":3,"dtSerial":"05/24/04 17:44:31"}
{"hview":369,"so":-1,"grfflt":0,"hcli":2,"hitmPool":-32003,"vart":1,"cfc":0,"dtSerial":"05/24/04 17:44:31"}
{"hview":370,"so":-1,"grfflt":0,"hcli":2,"hitmPool":-4059,"vart":1,"cfc":5,"dtSerial":"05/24/04 17:44:31"}
{"hview":372,"so":-1,"grfflt":0,"hcli":2,"hitmPool":-32001,"vart":1,"cfc":0,"dtSerial":"05/24/04 17:44:31"}
{"hview":373,"so":-1,"grfflt":0,"hcli":2,"hitmPool":-4059,"vart":1,"cfc":5,"dtSerial":"05/24/04 17:44:31"}
{"hview":375,"so":-1,"grfflt":0,"hcli":2,"hitmPool":-4028,"vart":1,"cfc":0,"dtSerial":"05/24/04 17:44:31"}
{"hview":377,"so":-1,"grfflt":0,"hcli":2,"hitmPool":-4010,"vart":1,"cfc":1,"dtSerial":"05/24/04 17:44:31"}
{"hview":378,"so":-1,"grfflt":0,"hcli":2,"hitmPool":-4028,"vart":1,"cfc":0,"dtSerial":"05/24/04 17:44:31"}
{"hview":379,"so":-1,"grfflt":0,"hcli":2,"hitmPool":-4059,"vart":1,"cfc":5,"dtSerial":"05/24/04 17:44:31"}
{"hview":381,"so":-1,"grfflt":0,"hcli":2,"hitmPool":-32004,"vart":1,"cfc":0,"dtSerial":"05/24/04 17:44:31"}
{"hview":382,"so":-1,"grfflt":0,"hcli":2,"hitmPool":-4059,"vart":1,"cfc":5,"dtSerial":"05/24/04 17:44:31"}
{"hview":384,"so":-1,"grfflt":0,"hcli":2,"hitmPool":-4059,"vart":1,"cfc":3,"dtSerial":"05/24/04 17:44:31"}
{"hview":24,"so":1,"grfflt":0,"hcli":2,"hitmPool":-4036,"vart":1,"cfc":0,"dtSerial":"05/24/04 17:44:45"}
{"hview":46,"so":15,"grfflt":0,"hcli":2,"hitmPool":-4036,"vart":1,"cfc":5,"dtSerial":"05/24/04 17:44:45"}
{"hview":385,"so":0,"grfflt":0,"hcli":2,"hitmPool":-4000,"vart":8,"rgbVar":{"$binary": "AgAAAAIAAAAQAAAAAAA=", "$type": "00"},"cfc":1,"dtSerial":"05/24/04 17:44:45"}
{"hview":149,"so":1,"grfflt":0,"hcli":2,"hitmPool":-4036,"szFull":"Loan Default","vart":1,"cfc":5,"dtSerial":"03/16/06 10:40:02"}
{"hview":386,"so":0,"grfflt":0,"hcli":2,"hitmPool":-4000,"vart":8,"rgbVar":{"$binary": "DAAAAAIAAAAEAAAABgAAAAgAAAAKAAAADAAAAA4AAAAQAAAAFgAAAB8AAAAgAAAAIwAAAAAA", "$type": "00"},"cfc":13,"dtSerial":"05/24/04 17:44:45"}
{"hview":109,"so":1,"grfflt":0,"hcli":2,"hitmPool":-4036,"vart":1,"cfc":0,"dtSerial":"05/24/04 17:44:45"}
{"hview":185,"so":1,"grfflt":0,"hcli":2,"hitmPool":-4036,"vart":1,"cfc":9,"dtSerial":"05/24/04 17:44:45"}
{"hview":187,"so":1,"grfflt":0,"hcli":2,"hitmPool":-4036,"vart":1,"cfc":9,"dtSerial":"05/24/04 17:44:45"}
{"hview":387,"so":0,"grfflt":0,"hcli":2,"hitmPool":-4000,"vart":1,"cfc":1,"dtSerial":"05/24/04 17:44:45"}
{"hview":388,"so":-1,"grfflt":0,"hcli":2,"hitmPool":-4000,"vart":3,"rgbVar":{"$binary": "KgAAAA==", "$type": "00"},"cfc":1,"dtSerial":"05/24/04 17:44:45"}
{"hview":190,"so":10,"grfflt":0,"hcli":2,"hitmPool":-4036,"vart":1,"cfc":13,"dtSerial":"05/24/04 17:44:45"}
{"hview":389,"so":-1,"grfflt":0,"hcli":2,"hitmPool":-4000,"vart":1,"cfc":11,"dtSerial":"05/24/04 17:44:45"}
{"hview":390,"so":-1,"grfflt":0,"hcli":2,"hitmPool":-4000,"vart":1,"cfc":5,"dtSerial":"05/24/04 17:44:45"}
{"hview":391,"so":-1,"grfflt":0,"hcli":2,"hitmPool":-4005,"vart":1,"cfc":5,"dtSerial":"05/24/04 17:44:45"}
{"hview":223,"so":1,"grfflt":0,"hcli":2,"hitmPool":-4036,"vart":1,"cfc":0,"dtSerial":"05/24/04 17:44:45"}
{"hview":232,"so":1,"grfflt":0,"hcli":2,"hitmPool":-4036,"vart":1,"cfc":0,"dtSerial":"05/24/04 17:44:45"}
{"hview":233,"so":1,"grfflt":0,"hcli":2,"hitmPool":-4036,"vart":1,"cfc":0,"dtSerial":"05/24/04 17:44:45"}
{"hview":235,"so":10,"grfflt":0,"hcli":2,"hitmPool":-4036,"vart":1,"cfc":13,"dtSerial":"05/24/04 17:44:45"}
{"hview":392,"so":2,"grfflt":0,"hcli":2,"hitmPool":-4005,"vart":1,"cfc":0,"rgbEx":{"$binary": "/////4MAAAAAAAAACAAAAA==", "$type": "00"},"dtSerial":"05/24/04 17:44:45"}
{"hview":393,"so":0,"grfflt":0,"hcli":2,"hitmPool":-4000,"vart":1,"cfc":1,"dtSerial":"05/24/04 17:44:45"}
{"hview":240,"so":10,"grfflt":0,"hcli":2,"hitmPool":-4036,"vart":1,"cfc":7,"dtSerial":"05/24/04 17:44:45"}
{"hview":394,"so":0,"grfflt":0,"hcli":2,"hitmPool":-4000,"vart":1,"cfc":5,"dtSerial":"05/24/04 17:44:45"}
{"hview":244,"so":10,"grfflt":0,"hcli":2,"hitmPool":-4036,"vart":1,"cfc":15,"dtSerial":"05/24/04 17:44:45"}
{"hview":395,"so":0,"grfflt":0,"hcli":2,"hitmPool":-4000,"vart":1,"cfc":3,"dtSerial":"05/24/04 17:44:45"}
{"hview":247,"so":1,"grfflt":0,"hcli":2,"hitmPool":-4036,"vart":1,"cfc":9,"dtSerial":"05/24/04 17:44:45"}
{"hview":248,"so":8,"grfflt":0,"hcli":2,"hitmPool":-4036,"vart":1,"cfc":15,"dtSerial":"05/24/04 17:44:45"}
{"hview":396,"so":0,"grfflt":0,"hcli":2,"hitmPool":-4000,"vart":1,"cfc":3,"dtSerial":"05/24/04 17:44:45"}
{"hview":251,"so":1,"grfflt":0,"hcli":2,"hitmPool":-4036,"vart":1,"cfc":9,"dtSerial":"05/24/04 17:44:45"}
{"hview":397,"so":0,"grfflt":0,"hcli":2,"hitmPool":-4000,"vart":1,"cfc":3,"dtSerial":"05/24/04 17:44:45"}
{"hview":254,"so":1,"grfflt":0,"hcli":2,"hitmPool":-4036,"vart":1,"cfc":7,"dtSerial":"05/24/04 17:44:45"}
{"hview":398,"so":0,"grfflt":0,"hcli":2,"hitmPool":-4000,"vart":1,"cfc":1,"dtSerial":"05/24/04 17:44:45"}
{"hview":270,"so":1,"grfflt":0,"hcli":2,"hitmPool":-4036,"vart":1,"cfc":3,"dtSerial":"05/24/04 17:44:45"}
{"hview":399,"so":0,"grfflt":0,"hcli":2,"hitmPool":-4000,"vart":1,"cfc":1,"dtSerial":"05/24/04 17:44:45"}
{"hview":400,"so":-1,"grfflt":0,"hcli":2,"hitmPool":-4059,"vart":1,"cfc":5,"dtSerial":"07/06/04 13:40:57"}
{"hview":401,"so":-1,"grfflt":0,"hcli":2,"hitmPool":-4000,"vart":1,"cfc":1,"dtSerial":"07/06/04 13:40:57"}
{"hview":402,"so":-1,"grfflt":0,"hcli":2,"hitmPool":-4059,"vart":1,"cfc":3,"dtSerial":"07/06/04 13:40:57"}
{"hview":403,"so":-1,"grfflt":0,"hcli":2,"hitmPool":-32003,"vart":1,"cfc":0,"dtSerial":"07/06/04 13:40:57"}
{"hview":404,"so":-1,"grfflt":0,"hcli":2,"hitmPool":-4059,"vart":1,"cfc":5,"dtSerial":"07/06/04 13:40:57"}
{"hview":405,"so":-1,"grfflt":0,"hcli":2,"hitmPool":-32001,"vart":1,"cfc":0,"dtSerial":"07/06/04 13:40:57"}
{"hview":406,"so":-1,"grfflt":0,"hcli":2,"hitmPool":-4059,"vart":1,"cfc":5,"dtSerial":"07/06/04 13:40:57"}
{"hview":407,"so":-1,"grfflt":0,"hcli":2,"hitmPool":-4028,"vart":1,"cfc":0,"dtSerial":"07/06/04 13:40:57"}
{"hview":408,"so":-1,"grfflt":0,"hcli":2,"hitmPool":-4010,"vart":1,"cfc":1,"dtSerial":"07/06/04 13:40:57"}
{"hview":409,"so":-1,"grfflt":0,"hcli":2,"hitmPool":-4028,"vart":1,"cfc":0,"dtSerial":"07/06/04 13:40:57"}
{"hview":410,"so":-1,"grfflt":0,"hcli":2,"hitmPool":-4059,"vart":1,"cfc":5,"dtSerial":"07/06/04 13:40:57"}
{"hview":411,"so":-1,"grfflt":0,"hcli":2,"hitmPool":-32004,"vart":1,"cfc":0,"dtSerial":"07/06/04 13:40:57"}
{"hview":412,"so":-1,"grfflt":0,"hcli":2,"hitmPool":-4059,"vart":1,"cfc":5,"dtSerial":"07/06/04 13:40:57"}
{"hview":413,"so":-1,"grfflt":0,"hcli":2,"hitmPool":-4059,"vart":1,"cfc":3,"dtSerial":"07/06/04 13:40:57"}
{"hview":414,"so":-1,"grfflt":0,"hcli":2,"hitmPool":-4059,"vart":1,"cfc":5,"dtSerial":"07/07/04 17:44:14"}
{"hview":415,"so":-1,"grfflt":0,"hcli":2,"hitmPool":-4000,"vart":1,"cfc":1,"dtSerial":"07/07/04 17:44:14"}
{"hview":416,"so":-1,"grfflt":0,"hcli":2,"hitmPool":-4059,"vart":1,"cfc":3,"dtSerial":"07/07/04 17:44:14"}
{"hview":417,"so":-1,"grfflt":0,"hcli":2,"hitmPool":-32003,"vart":1,"cfc":0,"dtSerial":"07/07/04 17:44:14"}
{"hview":418,"so":-1,"grfflt":0,"hcli":2,"hitmPool":-4059,"vart":1,"cfc":5,"dtSerial":"07/07/04 17:44:14"}
{"hview":419,"so":-1,"grfflt":0,"hcli":2,"hitmPool":-32001,"vart":1,"cfc":0,"dtSerial":"07/07/04 17:44:14"}
{"hview":420,"so":-1,"grfflt":0,"hcli":2,"hitmPool":-4059,"vart":1,"cfc":5,"dtSerial":"07/07/04 17:44:14"}
{"hview":421,"so":-1,"grfflt":0,"hcli":2,"hitmPool":-4028,"vart":1,"cfc":0,"dtSerial":"07/07/04 17:44:14"}
{"hview":422,"so":-1,"grfflt":0,"hcli":2,"hitmPool":-4010,"vart":1,"cfc":1,"dtSerial":"07/07/04 17:44:14"}
{"hview":423,"so":-1,"grfflt":0,"hcli":2,"hitmPool":-4028,"vart":1,"cfc":0,"dtSerial":"07/07/04 17:44:14"}
{"hview":424,"so":-1,"grfflt":0,"hcli":2,"hitmPool":-4059,"vart":1,"cfc":5,"dtSerial":"07/07/04 17:44:14"}
{"hview":425,"so":-1,"grfflt":0,"hcli":2,"hitmPool":-32004,"vart":1,"cfc":0,"dtSerial":"07/07/04 17:44:14"}
{"hview":426,"so":-1,"grfflt":0,"hcli":2,"hitmPool":-4059,"vart":1,"cfc":5,"dtSerial":"07/07/04 17:44:14"}
{"hview":427,"so":-1,"grfflt":0,"hcli":2,"hitmPool":-4059,"vart":1,"cfc":3,"dtSerial":"07/07/04 17:44:14"}
{"hview":428,"so":1,"grfflt":0,"hcli":2,"hitmPool":-4036,"vart":1,"cfc":0,"dtSerial":"07/07/04 17:44:53"}
{"hview":231,"so":1,"grfflt":0,"hcli":2,"hitmPool":-4036,"vart":1,"cfc":0,"dtSerial":"07/07/04 17:44:58"}
{"hview":234,"so":1,"grfflt":0,"hcli":2,"hitmPool":-4036,"vart":1,"cfc":0,"dtSerial":"07/07/04 17:49:47"}
{"hview":285,"so":1,"grfflt":0,"hcli":2,"hitmPool":-4036,"vart":1,"cfc":0,"dtSerial":"07/07/04 18:02:38"}
{"hview":230,"so":1,"grfflt":0,"hcli":2,"hitmPool":-4036,"vart":1,"cfc":0,"dtSerial":"07/07/04 18:04:55"}
{"hview":229,"so":1,"grfflt":0,"hcli":2,"hitmPool":-4036,"vart":1,"cfc":0,"dtSerial":"07/07/04 18:06:00"}
{"hview":429,"so":-1,"grfflt":0,"hcli":2,"hitmPool":-4059,"vart":1,"cfc":5,"dtSerial":"07/20/04 14:47:15"}
{"hview":430,"so":-1,"grfflt":0,"hcli":2,"hitmPool":-4000,"vart":1,"cfc":1,"dtSerial":"07/20/04 14:47:16"}
{"hview":431,"so":-1,"grfflt":0,"hcli":2,"hitmPool":-4059,"vart":1,"cfc":3,"dtSerial":"07/20/04 14:47:16"}
{"hview":432,"so":-1,"grfflt":0,"hcli":2,"hitmPool":-32003,"vart":1,"cfc":0,"dtSerial":"07/20/04 14:47:16"}
{"hview":433,"so":-1,"grfflt":0,"hcli":2,"hitmPool":-4059,"vart":1,"cfc":5,"dtSerial":"07/20/04 14:47:16"}
{"hview":434,"so":-1,"grfflt":0,"hcli":2,"hitmPool":-32001,"vart":1,"cfc":0,"dtSerial":"07/20/04 14:47:16"}
{"hview":435,"so":-1,"grfflt":0,"hcli":2,"hitmPool":-4059,"vart":1,"cfc":5,"dtSerial":"07/20/04 14:47:16"}
{"hview":436,"so":-1,"grfflt":0,"hcli":2,"hitmPool":-4028,"vart":1,"cfc":0,"dtSerial":"07/20/04 14:47:16"}
{"hview":437,"so":-1,"grfflt":0,"hcli":2,"hitmPool":-4010,"vart":1,"cfc":1,"dtSerial":"07/20/04 14:47:16"}
{"hview":438,"so":-1,"grfflt":0,"hcli":2,"hitmPool":-4028,"vart":1,"cfc":0,"dtSerial":"07/20/04 14:47:16"}
{"hview":439,"so":-1,"grfflt":0,"hcli":2,"hitmPool":-4059,"vart":1,"cfc":5,"dtSerial":"07/20/04 14:47:16"}
{"hview":440,"so":-1,"grfflt":0,"hcli":2,"hitmPool":-32004,"vart":1,"cfc":0,"dtSerial":"07/20/04 14:47:16"}
{"hview":441,"so":-1,"grfflt":0,"hcli":2,"hitmPool":-4059,"vart":1,"cfc":5,"dtSerial":"07/20/04 14:47:16"}
{"hview":442,"so":-1,"grfflt":0,"hcli":2,"hitmPool":-4059,"vart":1,"cfc":3,"dtSerial":"07/20/04 14:47:16"}
{"hview":443,"so":-1,"grfflt":0,"hcli":2,"hitmPool":-4059,"vart":1,"cfc":5,"dtSerial":"02/15/05 14:22:39"}
{"hview":444,"so":-1,"grfflt":0,"hcli":2,"hitmPool":-4000,"vart":1,"cfc":1,"dtSerial":"02/15/05 14:22:39"}
{"hview":445,"so":-1,"grfflt":0,"hcli":2,"hitmPool":-4059,"vart":1,"cfc":3,"dtSerial":"02/15/05 14:22:39"}
{"hview":446,"so":-1,"grfflt":0,"hcli":2,"hitmPool":-32003,"vart":1,"cfc":0,"dtSerial":"02/15/05 14:22:39"}
{"hview":447,"so":-1,"grfflt":0,"hcli":2,"hitmPool":-4059,"vart":1,"cfc":5,"dtSerial":"02/15/05 14:22:39"}
{"hview":448,"so":-1,"grfflt":0,"hcli":2,"hitmPool":-32001,"vart":1,"cfc":0,"dtSerial":"02/15/05 14:22:39"}
{"hview":449,"so":-1,"grfflt":0,"hcli":2,"hitmPool":-4059,"vart":1,"cfc":5,"dtSerial":"02/15/05 14:22:39"}
{"hview":450,"so":-1,"grfflt":0,"hcli":2,"hitmPool":-4028,"vart":1,"cfc":0,"dtSerial":"02/15/05 14:22:39"}
{"hview":451,"so":-1,"grfflt":0,"hcli":2,"hitmPool":-4010,"vart":1,"cfc":1,"dtSerial":"02/15/05 14:22:39"}
{"hview":452,"so":-1,"grfflt":0,"hcli":2,"hitmPool":-4028,"vart":1,"cfc":0,"dtSerial":"02/15/05 14:22:39"}
{"hview":453,"so":-1,"grfflt":0,"hcli":2,"hitmPool":-4059,"vart":1,"cfc":5,"dtSerial":"02/15/05 14:22:39"}
{"hview":454,"so":-1,"grfflt":0,"hcli":2,"hitmPool":-32004,"vart":1,"cfc":0,"dtSerial":"02/15/05 14:22:39"}
{"hview":455,"so":-1,"grfflt":0,"hcli":2,"hitmPool":-4059,"vart":1,"cfc":5,"dtSerial":"02/15/05 14:22:39"}
{"hview":456,"so":-1,"grfflt":0,"hcli":2,"hitmPool":-4059,"vart":1,"cfc":3,"dtSerial":"02/15/05 14:22:39"}
{"hview":457,"so":-1,"grfflt":0,"hcli":2,"hitmPool":-4059,"vart":1,"cfc":5,"dtSerial":"07/04/05 10:52:52"}
{"hview":458,"so":-1,"grfflt":0,"hcli":2,"hitmPool":-4000,"vart":1,"cfc":1,"dtSerial":"07/04/05 10:52:52"}
{"hview":459,"so":-1,"grfflt":0,"hcli":2,"hitmPool":-4059,"vart":1,"cfc":3,"dtSerial":"07/04/05 10:52:52"}
{"hview":460,"so":-1,"grfflt":0,"hcli":2,"hitmPool":-32003,"vart":1,"cfc":0,"dtSerial":"07/04/05 10:52:52"}
{"hview":461,"so":-1,"grfflt":0,"hcli":2,"hitmPool":-4059,"vart":1,"cfc":5,"dtSerial":"07/04/05 10:52:52"}
{"hview":462,"so":-1,"grfflt":0,"hcli":2,"hitmPool":-32001,"vart":1,"cfc":0,"dtSerial":"07/04/05 10:52:52"}
{"hview":463,"so":-1,"grfflt":0,"hcli":2,"hitmPool":-4059,"vart":1,"cfc":5,"dtSerial":"07/04/05 10:52:52"}
{"hview":464,"so":-1,"grfflt":0,"hcli":2,"hitmPool":-4028,"vart":1,"cfc":0,"dtSerial":"07/04/05 10:52:52"}
{"hview":465,"so":-1,"grfflt":0,"hcli":2,"hitmPool":-4010,"vart":1,"cfc":1,"dtSerial":"07/04/05 10:52:52"}
{"hview":466,"so":-1,"grfflt":0,"hcli":2,"hitmPool":-4028,"vart":1,"cfc":0,"dtSerial":"07/04/05 10:52:52"}
{"hview":467,"so":-1,"grfflt":0,"hcli":2,"hitmPool":-4059,"vart":1,"cfc":5,"dtSerial":"07/04/05 10:52:52"}
{"hview":468,"so":-1,"grfflt":0,"hcli":2,"hitmPool":-32004,"vart":1,"cfc":0,"dtSerial":"07/04/05 10:52:52"}
{"hview":469,"so":-1,"grfflt":0,"hcli":2,"hitmPool":-4059,"vart":1,"cfc":5,"dtSerial":"07/04/05 10:52:52"}
{"hview":470,"so":-1,"grfflt":0,"hcli":2,"hitmPool":-4059,"vart":1,"cfc":3,"dtSerial":"07/04/05 10:52:52"}
{"hview":471,"so":-1,"grfflt":0,"hcli":2,"hitmPool":-4000,"szFull":"Cash Flow What If Multiple Accts","vart":1,"cfc":15,"dtSerial":"07/04/05 11:22:30"}
{"hview":473,"so":-1,"grfflt":0,"hcli":2,"hitmPool":-4000,"vart":1,"cfc":1,"dtSerial":"07/04/05 11:22:30"}
{"hview":474,"so":-1,"grfflt":0,"hcli":2,"hitmPool":-4059,"vart":1,"cfc":5,"dtSerial":"07/15/05 08:19:48"}
{"hview":475,"so":-1,"grfflt":0,"hcli":2,"hitmPool":-4000,"vart":1,"cfc":1,"dtSerial":"07/15/05 08:19:49"}
{"hview":476,"so":-1,"grfflt":0,"hcli":2,"hitmPool":-4059,"vart":1,"cfc":3,"dtSerial":"07/15/05 08:19:49"}
{"hview":477,"so":-1,"grfflt":0,"hcli":2,"hitmPool":-32003,"vart":1,"cfc":0,"dtSerial":"07/15/05 08:19:49"}
{"hview":478,"so":-1,"grfflt":0,"hcli":2,"hitmPool":-4059,"vart":1,"cfc":5,"dtSerial":"07/15/05 08:19:49"}
{"hview":479,"so":-1,"grfflt":0,"hcli":2,"hitmPool":-32001,"vart":1,"cfc":0,"dtSerial":"07/15/05 08:19:49"}
{"hview":480,"so":-1,"grfflt":0,"hcli":2,"hitmPool":-4059,"vart":1,"cfc":5,"dtSerial":"07/15/05 08:19:49"}
{"hview":481,"so":-1,"grfflt":0,"hcli":2,"hitmPool":-4028,"vart":1,"cfc":0,"dtSerial":"07/15/05 08:19:49"}
{"hview":482,"so":-1,"grfflt":0,"hcli":2,"hitmPool":-4010,"vart":1,"cfc":1,"dtSerial":"07/15/05 08:19:49"}
{"hview":483,"so":-1,"grfflt":0,"hcli":2,"hitmPool":-4028,"vart":1,"cfc":0,"dtSerial":"07/15/05 08:19:49"}
{"hview":484,"so":-1,"grfflt":0,"hcli":2,"hitmPool":-4059,"vart":1,"cfc":5,"dtSerial":"07/15/05 08:19:49"}
{"hview":485,"so":-1,"grfflt":0,"hcli":2,"hitmPool":-32004,"vart":1,"cfc":0,"dtSerial":"07/15/05 08:19:49"}
{"hview":486,"so":-1,"grfflt":0,"hcli":2,"hitmPool":-4059,"vart":1,"cfc":5,"dtSerial":"07/15/05 08:19:49"}
{"hview":487,"so":-1,"grfflt":0,"hcli":2,"hitmPool":-4059,"vart":1,"cfc":3,"dtSerial":"07/15/05 08:19:49"}
{"hview":488,"so":-1,"grfflt":0,"hcli":2,"hitmPool":-4059,"vart":1,"cfc":7,"dtSerial":"03/16/06 09:29:43"}
{"hview":489,"so":-1,"grfflt":0,"hcli":2,"hitmPool":-4000,"vart":1,"cfc":1,"dtSerial":"03/16/06 09:29:44"}
{"hview":490,"so":-1,"grfflt":0,"hcli":2,"hitmPool":-4059,"vart":1,"cfc":5,"dtSerial":"03/16/06 09:29:44"}
{"hview":491,"so":-1,"grfflt":0,"hcli":2,"hitmPool":-32003,"vart":1,"cfc":0,"dtSerial":"03/16/06 09:29:44"}
{"hview":492,"so":-1,"grfflt":0,"hcli":2,"hitmPool":-4059,"vart":1,"cfc":7,"dtSerial":"03/16/06 09:29:44"}
{"hview":493,"so":-1,"grfflt":0,"hcli":2,"hitmPool":-32001,"vart":1,"cfc":0,"dtSerial":"03/16/06 09:29:44"}
{"hview":494,"so":-1,"grfflt":0,"hcli":2,"hitmPool":-4059,"vart":1,"cfc":7,"dtSerial":"03/16/06 09:29:44"}
{"hview":495,"so":-1,"grfflt":0,"hcli":2,"hitmPool":-4028,"vart":1,"cfc":0,"dtSerial":"03/16/06 09:29:44"}
{"hview":496,"so":-1,"grfflt":0,"hcli":2,"hitmPool":-4010,"vart":1,"cfc":1,"dtSerial":"03/16/06 09:29:44"}
{"hview":497,"so":-1,"grfflt":0,"hcli":2,"hitmPool":-4028,"vart":1,"cfc":0,"dtSerial":"03/16/06 09:29:44"}
{"hview":498,"so":-1,"grfflt":0,"hcli":2,"hitmPool":-4059,"vart":1,"cfc":7,"dtSerial":"03/16/06 09:29:44"}
{"hview":499,"so":-1,"grfflt":0,"hcli":2,"hitmPool":-32004,"vart":1,"cfc":0,"dtSerial":"03/16/06 09:29:44"}
{"hview":500,"so":-1,"grfflt":0,"hcli":2,"hitmPool":-4059,"vart":1,"cfc":7,"dtSerial":"03/16/06 09:29:44"}
{"hview":501,"so":-1,"grfflt":0,"hcli":2,"hitmPool":-4059,"vart":1,"cfc":5,"dtSerial":"03/16/06 09:29:44"}
{"hview":96,"so":1,"grfflt":0,"hcli":2,"hitmPool":-4036,"szFull":"Port Default","vart":1,"cfc":5,"dtSerial":"05/03/07 12:45:43"}
{"hview":97,"so":1,"grfflt":0,"hcli":2,"hitmPool":-4036,"szFull":"Account Default","vart":3,"rgbVar":{"$binary": "pREAAA==", "$type": "00"},"cfc":5,"dtSerial":"05/04/07 12:09:22"}
{"hview":363,"so":-1,"grfflt":0,"hcli":2,"hitmPool":-6,"szFull":"ctLumpedPosWithAggs","vart":1,"cfc":0,"dtSerial":"07/10/07 08:31:41"}
{"hview":502,"so":-1,"grfflt":0,"hcli":2,"hitmPool":-4059,"vart":1,"cfc":7,"dtSerial":"07/10/07 08:31:41"}
{"hview":365,"so":-1,"grfflt":0,"hcli":2,"hitmPool":-6,"szFull":"ctPosGroupByAcct","vart":1,"cfc":0,"dtSerial":"07/10/07 08:31:41"}
{"hview":503,"so":-1,"grfflt":0,"hcli":2,"hitmPool":-4000,"vart":1,"cfc":1,"dtSerial":"07/10/07 08:31:41"}
{"hview":504,"so":-1,"grfflt":0,"hcli":2,"hitmPool":-4059,"vart":1,"cfc":5,"dtSerial":"07/10/07 08:31:41"}
{"hview":368,"so":-1,"grfflt":0,"hcli":2,"hitmPool":-6,"szFull":"ctGroupByRisk","vart":1,"cfc":0,"dtSerial":"07/10/07 08:31:41"}
{"hview":505,"so":-1,"grfflt":0,"hcli":2,"hitmPool":-32003,"vart":1,"cfc":0,"dtSerial":"07/10/07 08:31:41"}
{"hview":506,"so":-1,"grfflt":0,"hcli":2,"hitmPool":-4059,"vart":1,"cfc":7,"dtSerial":"07/10/07 08:31:41"}
{"hview":371,"so":-1,"grfflt":0,"hcli":2,"hitmPool":-6,"szFull":"ctGroupByCap","vart":1,"cfc":0,"dtSerial":"07/10/07 08:31:41"}
{"hview":507,"so":-1,"grfflt":0,"hcli":2,"hitmPool":-32001,"vart":1,"cfc":0,"dtSerial":"07/10/07 08:31:41"}
{"hview":508,"so":-1,"grfflt":0,"hcli":2,"hitmPool":-4059,"vart":1,"cfc":7,"dtSerial":"07/10/07 08:31:41"}
{"hview":374,"so":-1,"grfflt":0,"hcli":2,"hitmPool":-6,"szFull":"ctSecList","vart":1,"cfc":0,"dtSerial":"07/10/07 08:31:41"}
{"hview":509,"so":-1,"grfflt":0,"hcli":2,"hitmPool":-4028,"vart":1,"cfc":0,"dtSerial":"07/10/07 08:31:41"}
{"hview":376,"so":-1,"grfflt":0,"hcli":2,"hitmPool":-6,"szFull":"ctGroupByCrnc","vart":1,"cfc":0,"dtSerial":"07/10/07 08:31:41"}
{"hview":510,"so":-1,"grfflt":0,"hcli":2,"hitmPool":-4010,"vart":1,"cfc":1,"dtSerial":"07/10/07 08:31:41"}
{"hview":511,"so":-1,"grfflt":0,"hcli":2,"hitmPool":-4028,"vart":1,"cfc":0,"dtSerial":"07/10/07 08:31:41"}
{"hview":512,"so":-1,"grfflt":0,"hcli":2,"hitmPool":-4059,"vart":1,"cfc":7,"dtSerial":"07/10/07 08:31:41"}
{"hview":380,"so":-1,"grfflt":0,"hcli":2,"hitmPool":-6,"szFull":"ctGroupByCat","vart":1,"cfc":0,"dtSerial":"07/10/07 08:31:41"}
{"hview":513,"so":-1,"grfflt":0,"hcli":2,"hitmPool":-32004,"vart":1,"cfc":0,"dtSerial":"07/10/07 08:31:41"}
{"hview":514,"so":-1,"grfflt":0,"hcli":2,"hitmPool":-4059,"vart":1,"cfc":7,"dtSerial":"07/10/07 08:31:41"}
{"hview":383,"so":-1,"grfflt":0,"hcli":2,"hitmPool":-6,"szFull":"ctAcctSummary","vart":1,"cfc":0,"dtSerial":"07/10/07 08:31:41"}
{"hview":515,"so":-1,"grfflt":0,"hcli":2,"hitmPool":-4059,"vart":1,"cfc":5,"dtSerial":"07/10/07 08:31:41"}
