{"hparm":1,"szName":"paramSortBy","parmt":3,"rgbVal":{"$binary": "/v9E8A==", "$type": "00"},"sguid":{"$binary": "e0QyNjk1MjRDLTkzOEEtNEUzMi1BMzYwQjIwMzQxRjgwRTU1fQ==", "$type": "00"},"dtSerial":"05/03/07 12:35:40","fSyncLast":0,"huiview":1,"fUpdated":1,"fSynced":0}
{"hparm":2,"szName":"paramSortAsc","parmt":11,"rgbVal":{"$binary": "//8=", "$type": "00"},"sguid":{"$binary": "e0QwODVERkI3LTg0QUEtNDEzNi04OUNERDk2RDM2NjUyOUUzfQ==", "$type": "00"},"dtSerial":"05/03/07 12:35:40","fSyncLast":0,"huiview":1,"fUpdated":1,"fSynced":0}
{"hparm":3,"szName":"paramGroupBy","parmt":8,"rgbVal":{"$binary": "YwB0AFAAbwBzAEcAcgBvAHUAcABCAHkAQQBjAGMAdAA=", "$type": "00"},"sguid":{"$binary": "ezk1OUMxNTg2LUYxMUQtNDE2Ny04OEY0QzM1QjFBNzkzNzdDfQ==", "$type": "00"},"dtSerial":"05/03/07 12:35:40","fSyncLast":0,"huiview":1,"fUpdated":1,"fSynced":0}
{"hparm":4,"szName":"paramAcctFilter","parmt":3,"rgbVal":{"$binary": "EAAAAA==", "$type": "00"},"sguid":{"$binary": "e0YxNTY0RkY5LUM1MkEtNENBOS04ODM2QkY3NTEzRDlDNTc1fQ==", "$type": "00"},"dtSerial":"05/03/07 12:35:40","fSyncLast":0,"huiview":1,"fUpdated":1,"fSynced":0}
{"hparm":5,"szName":"paramSoldFilter","parmt":3,"rgbVal":{"$binary": "AAAAAA==", "$type": "00"},"sguid":{"$binary": "ezRDRDg4M0E3LTNCQTAtNDkwQy1BNTcxQTIzMzUwN0M4QTBBfQ==", "$type": "00"},"dtSerial":"05/03/07 12:44:57","fSyncLast":0,"huiview":1,"fUpdated":1,"fSynced":0}
{"hparm":6,"szName":"paramSecFilter","parmt":3,"rgbVal":{"$binary": "EAAAAA==", "$type": "00"},"sguid":{"$binary": "e0E0NTdBMTM4LTYwRTEtNDU4Ri1BQjI5OTZBMEE1QTg5MEYzfQ==", "$type": "00"},"dtSerial":"05/03/07 12:35:40","fSyncLast":0,"huiview":1,"fUpdated":1,"fSynced":0}
{"hparm":7,"szName":"paramSecTypes","parmt":3,"rgbVal":{"$binary": "AAAAAA==", "$type": "00"},"sguid":{"$binary": "e0NBMzlDNEVBLUFCM0UtNDU3RS04OTZEOUQ2MEJCMzM4ODM4fQ==", "$type": "00"},"dtSerial":"05/03/07 12:35:40","fSyncLast":0,"huiview":1,"fUpdated":1,"fSynced":0}
{"hparm":8,"szName":"paramSortBy","parmt":3,"rgbVal":{"$binary": "/v9E8A==", "$type": "00"},"sguid":{"$binary": "ezY3RDhFQTU0LTM2REEtNEM5Qi04NEIzRkQ3QUI0MTAyNjc0fQ==", "$type": "00"},"dtSerial":"05/24/04 17:44:32","fSyncLast":0,"huiview":2,"fUpdated":1,"fSynced":0}
{"hparm":9,"szName":"paramSortAsc","parmt":11,"rgbVal":{"$binary": "AAA=", "$type": "00"},"sguid":{"$binary": "ezkxMTg3RDc3LTNFMEMtNERCNy05QTA0MjJFN0I1RDMwQkU0fQ==", "$type": "00"},"dtSerial":"05/24/04 17:44:32","fSyncLast":0,"huiview":2,"fUpdated":1,"fSynced":0}
{"hparm":10,"szName":"paramGroupBy","parmt":8,"rgbVal":{"$binary": "YwB0AEcAcgBvAHUAcABCAHkAQwBhAHQA", "$type": "00"},"sguid":{"$binary": "e0MyQkI4NUY3LTZGMDktNDQ1Ni05NTEwRTE4QTQ0MDMwMjIxfQ==", "$type": "00"},"dtSerial":"05/24/04 17:44:32","fSyncLast":0,"huiview":2,"fUpdated":1,"fSynced":0}
{"hparm":11,"szName":"paramAcctFilter","parmt":3,"rgbVal":{"$binary": "EAAAAA==", "$type": "00"},"sguid":{"$binary": "ezEwRjVCMDJCLTQ4NzAtNEQ5Mi1BRTAyNjY5MUE5QTdGNDFGfQ==", "$type": "00"},"dtSerial":"05/24/04 17:44:32","fSyncLast":0,"huiview":2,"fUpdated":1,"fSynced":0}
{"hparm":12,"szName":"paramSoldFilter","parmt":3,"rgbVal":{"$binary": "AAAAAA==", "$type": "00"},"sguid":{"$binary": "ezdFODQ4RUY1LTI1NjctNEFENi05QjdENURCRkEwODE5MDJGfQ==", "$type": "00"},"dtSerial":"05/24/04 17:44:32","fSyncLast":0,"huiview":2,"fUpdated":1,"fSynced":0}
{"hparm":13,"szName":"paramSecFilter","parmt":3,"rgbVal":{"$binary": "EAAAAA==", "$type": "00"},"sguid":{"$binary": "e0U3NDEwMEZCLUFBRjAtNDkzMS1CNzEyRjJGOTUxOUZFODE2fQ==", "$type": "00"},"dtSerial":"05/24/04 17:44:32","fSyncLast":0,"huiview":2,"fUpdated":1,"fSynced":0}
{"hparm":14,"szName":"paramSecTypes","parmt":3,"rgbVal":{"$binary": "AAAAAA==", "$type": "00"},"sguid":{"$binary": "ezBGQkQ2N0ExLThCMkUtNDU2QS04MURFQzlBRjE3NUJCNDU5fQ==", "$type": "00"},"dtSerial":"05/24/04 17:44:32","fSyncLast":0,"huiview":2,"fUpdated":1,"fSynced":0}
{"hparm":15,"szName":"paramSortBy","parmt":3,"rgbVal":{"$binary": "/v9E8A==", "$type": "00"},"sguid":{"$binary": "ezA0MkE1Mjk3LUZCOUItNDhBRS1BQ0ZEMkUyNzM2RTk3MTc0fQ==", "$type": "00"},"dtSerial":"05/24/04 17:44:32","fSyncLast":0,"huiview":3,"fUpdated":1,"fSynced":0}
{"hparm":16,"szName":"paramSortAsc","parmt":11,"rgbVal":{"$binary": "//8=", "$type": "00"},"sguid":{"$binary": "ezMxNzUwNjQ2LURBODQtNDIwQi05MzMzQTY3RUEwNDIxOTc1fQ==", "$type": "00"},"dtSerial":"05/24/04 17:44:32","fSyncLast":0,"huiview":3,"fUpdated":1,"fSynced":0}
{"hparm":17,"szName":"paramGroupBy","parmt":8,"rgbVal":{"$binary": "YwB0AFAAbwBzAEcAcgBvAHUAcABCAHkAQQBjAGMAdAA=", "$type": "00"},"sguid":{"$binary": "e0M1MTVGNkRGLTM1MTItNDJFRi1BRDM1NEI2MDUxMzYxOTM5fQ==", "$type": "00"},"dtSerial":"05/24/04 17:44:32","fSyncLast":0,"huiview":3,"fUpdated":1,"fSynced":0}
{"hparm":18,"szName":"paramAcctFilter","parmt":3,"rgbVal":{"$binary": "EAAAAA==", "$type": "00"},"sguid":{"$binary": "e0YxOEJDQ0NGLUVGNkYtNDIzMi04MjdGMTRCNUQ1N0VFOEREfQ==", "$type": "00"},"dtSerial":"05/24/04 17:44:32","fSyncLast":0,"huiview":3,"fUpdated":1,"fSynced":0}
{"hparm":19,"szName":"paramSoldFilter","parmt":3,"rgbVal":{"$binary": "AAAAAA==", "$type": "00"},"sguid":{"$binary": "e0RBM0YwNkEzLTE2MjUtNDc1Mi1BQ0MyNEUyMkE4OUVBQkFBfQ==", "$type": "00"},"dtSerial":"05/24/04 17:44:32","fSyncLast":0,"huiview":3,"fUpdated":1,"fSynced":0}
{"hparm":20,"szName":"paramSecFilter","parmt":3,"rgbVal":{"$binary": "EAAAAA==", "$type": "00"},"sguid":{"$binary": "e0NDNUQwRjM2LTBBM0YtNDg4Mi1BN0EyNzAzRTdBNEZCRUFBfQ==", "$type": "00"},"dtSerial":"05/24/04 17:44:32","fSyncLast":0,"huiview":3,"fUpdated":1,"fSynced":0}
{"hparm":21,"szName":"paramSecTypes","parmt":3,"rgbVal":{"$binary": "AAAAAA==", "$type": "00"},"sguid":{"$binary": "ezgzM0FDRDk1LThGNTEtNENERi05NkMxODEzREExMTJCQzY0fQ==", "$type": "00"},"dtSerial":"05/24/04 17:44:32","fSyncLast":0,"huiview":3,"fUpdated":1,"fSynced":0}
{"hparm":22,"szName":"paramSortBy","parmt":3,"rgbVal":{"$binary": "/v9E8A==", "$type": "00"},"sguid":{"$binary": "e0FBMjlGNERFLTI4MDEtNEU3NS05MDYxOURBMjY3OEI2MjhCfQ==", "$type": "00"},"dtSerial":"05/24/04 17:44:32","fSyncLast":0,"huiview":4,"fUpdated":1,"fSynced":0}
{"hparm":23,"szName":"paramSortAsc","parmt":11,"rgbVal":{"$binary": "//8=", "$type": "00"},"sguid":{"$binary": "ezI4MkIxQTg1LTk3NTgtNDZGOS05NTc5MjRCREVDOEREMjNBfQ==", "$type": "00"},"dtSerial":"05/24/04 17:44:32","fSyncLast":0,"huiview":4,"fUpdated":1,"fSynced":0}
{"hparm":24,"szName":"paramGroupBy","parmt":8,"rgbVal":{"$binary": "YwB0AFAAbwBzAEcAcgBvAHUAcABCAHkAQQBjAGMAdAA=", "$type": "00"},"sguid":{"$binary": "ezVDNUFCNUExLUQ4RTYtNDFCNi04MDBEM0UyOUI4Qjc0MTVFfQ==", "$type": "00"},"dtSerial":"05/24/04 17:44:32","fSyncLast":0,"huiview":4,"fUpdated":1,"fSynced":0}
{"hparm":25,"szName":"paramAcctFilter","parmt":3,"rgbVal":{"$binary": "EAAAAA==", "$type": "00"},"sguid":{"$binary": "e0IyMzBBRUQ0LTkwNTMtNDgzOC04OEUzNDMyNjhGNUZEMzREfQ==", "$type": "00"},"dtSerial":"05/24/04 17:44:32","fSyncLast":0,"huiview":4,"fUpdated":1,"fSynced":0}
{"hparm":26,"szName":"paramSoldFilter","parmt":3,"rgbVal":{"$binary": "AAAAAA==", "$type": "00"},"sguid":{"$binary": "ezJCMkQzOTlCLUQ2Q0ItNDkxMy05OUY5RkQ3OUY3OTFBNTg4fQ==", "$type": "00"},"dtSerial":"05/24/04 17:44:32","fSyncLast":0,"huiview":4,"fUpdated":1,"fSynced":0}
{"hparm":27,"szName":"paramSecFilter","parmt":3,"rgbVal":{"$binary": "EAAAAA==", "$type": "00"},"sguid":{"$binary": "e0Q3NTcxNTc5LTBCQTItNDVEQy04QkREM0YxQ0YwNzZCQThCfQ==", "$type": "00"},"dtSerial":"05/24/04 17:44:32","fSyncLast":0,"huiview":4,"fUpdated":1,"fSynced":0}
{"hparm":28,"szName":"paramSecTypes","parmt":3,"rgbVal":{"$binary": "AAAAAA==", "$type": "00"},"sguid":{"$binary": "ezc3QTcwQUZCLTIyMUItNDQ0RS1BMTFGQkU0RjE3QzA5RUU4fQ==", "$type": "00"},"dtSerial":"05/24/04 17:44:32","fSyncLast":0,"huiview":4,"fUpdated":1,"fSynced":0}
{"hparm":29,"szName":"paramSortBy","parmt":3,"rgbVal":{"$binary": "/v9E8A==", "$type": "00"},"sguid":{"$binary": "ezQ2MDZEQ0JDLUZBRTctNEU1MS1CMDZCOTZERTlCODdERTBCfQ==", "$type": "00"},"dtSerial":"05/24/04 17:44:33","fSyncLast":0,"huiview":5,"fUpdated":1,"fSynced":0}
{"hparm":30,"szName":"paramSortAsc","parmt":11,"rgbVal":{"$binary": "//8=", "$type": "00"},"sguid":{"$binary": "e0VBOTFDMTQwLUMxNTYtNEVEMy1CNzE0NjE5NEE3NjlGNzlEfQ==", "$type": "00"},"dtSerial":"05/24/04 17:44:33","fSyncLast":0,"huiview":5,"fUpdated":1,"fSynced":0}
{"hparm":31,"szName":"paramGroupBy","parmt":8,"rgbVal":{"$binary": "YwB0AFAAbwBzAEcAcgBvAHUAcABCAHkAQQBjAGMAdAA=", "$type": "00"},"sguid":{"$binary": "ezg0RDQ2NEU2LTVCMTMtNDhCRS04MENCMjMxRjVBNzAzMzY2fQ==", "$type": "00"},"dtSerial":"05/24/04 17:44:33","fSyncLast":0,"huiview":5,"fUpdated":1,"fSynced":0}
{"hparm":32,"szName":"paramAcctFilter","parmt":3,"rgbVal":{"$binary": "EAAAAA==", "$type": "00"},"sguid":{"$binary": "e0RBMEJGRkM1LTRBQkMtNDVGQy04RjVGQjJCOEY1RTJFQkY0fQ==", "$type": "00"},"dtSerial":"05/24/04 17:44:33","fSyncLast":0,"huiview":5,"fUpdated":1,"fSynced":0}
{"hparm":33,"szName":"paramSoldFilter","parmt":3,"rgbVal":{"$binary": "AAAAAA==", "$type": "00"},"sguid":{"$binary": "ezE1RjE2OUUwLUIyMDgtNEY1Mi04NzNCRjNEMUVGN0U5QjYwfQ==", "$type": "00"},"dtSerial":"05/24/04 17:44:33","fSyncLast":0,"huiview":5,"fUpdated":1,"fSynced":0}
{"hparm":34,"szName":"paramSecFilter","parmt":3,"rgbVal":{"$binary": "EAAAAA==", "$type": "00"},"sguid":{"$binary": "e0FGQzc0REIyLTdFODAtNDkxRi1BQkVFMEVGMjE2NTVDNDY4fQ==", "$type": "00"},"dtSerial":"05/24/04 17:44:33","fSyncLast":0,"huiview":5,"fUpdated":1,"fSynced":0}
{"hparm":35,"szName":"paramSecTypes","parmt":3,"rgbVal":{"$binary": "AAAAAA==", "$type": "00"},"sguid":{"$binary": "e0QwMzU1RjA5LUQyMzItNDM0Ri1BMjY4NTRFQzBCMDM0QThEfQ==", "$type": "00"},"dtSerial":"05/24/04 17:44:33","fSyncLast":0,"huiview":5,"fUpdated":1,"fSynced":0}
{"hparm":36,"szName":"paramSortBy","parmt":3,"rgbVal":{"$binary": "/v9E8A==", "$type": "00"},"sguid":{"$binary": "ezkyMDI2RjBGLTIwNTQtNDdGMS04ODI3NjgwODRENDIzOTBBfQ==", "$type": "00"},"dtSerial":"05/24/04 17:44:33","fSyncLast":0,"huiview":6,"fUpdated":1,"fSynced":0}
{"hparm":37,"szName":"paramSortAsc","parmt":11,"rgbVal":{"$binary": "//8=", "$type": "00"},"sguid":{"$binary": "e0EwOTUxNjk1LUI2RDUtNEJGQS1BRjNFMjMzRDUwNjM5RjUyfQ==", "$type": "00"},"dtSerial":"05/24/04 17:44:33","fSyncLast":0,"huiview":6,"fUpdated":1,"fSynced":0}
{"hparm":38,"szName":"paramGroupBy","parmt":8,"rgbVal":{"$binary": "YwB0AEwAdQBtAHAAZQBkAFAAbwBzAFcAaQB0AGgAQQBnAGcAcwA=", "$type": "00"},"sguid":{"$binary": "ezZGREU1Mzk3LUU4NEItNEU0Qi1BMkVFRTAyQ0VDNDUxQzAxfQ==", "$type": "00"},"dtSerial":"05/24/04 17:44:33","fSyncLast":0,"huiview":6,"fUpdated":1,"fSynced":0}
{"hparm":39,"szName":"paramAcctFilter","parmt":3,"rgbVal":{"$binary": "EAAAAA==", "$type": "00"},"sguid":{"$binary": "e0Q3NjQxRjA0LTBFMzQtNDE5NC1BM0U3QzAyMjU5RENGRkYxfQ==", "$type": "00"},"dtSerial":"05/24/04 17:44:33","fSyncLast":0,"huiview":6,"fUpdated":1,"fSynced":0}
{"hparm":40,"szName":"paramSoldFilter","parmt":3,"rgbVal":{"$binary": "AAAAAA==", "$type": "00"},"sguid":{"$binary": "e0JGNUVDNDVCLTIyQ0UtNDk2OC04MEFEQTY1QjUzNEFCMjRFfQ==", "$type": "00"},"dtSerial":"05/24/04 17:44:33","fSyncLast":0,"huiview":6,"fUpdated":1,"fSynced":0}
{"hparm":41,"szName":"paramSecFilter","parmt":3,"rgbVal":{"$binary": "EAAAAA==", "$type": "00"},"sguid":{"$binary": "e0FFRUVFQTFBLTIyRTEtNENCRi1CNUY5RUYyNkRGQTYwRDcwfQ==", "$type": "00"},"dtSerial":"05/24/04 17:44:33","fSyncLast":0,"huiview":6,"fUpdated":1,"fSynced":0}
{"hparm":42,"szName":"paramSecTypes","parmt":3,"rgbVal":{"$binary": "AAAAAA==", "$type": "00"},"sguid":{"$binary": "ezA2OEY2NUFDLTQ5MTQtNDMxRC1BMDU3NDJCOEZGNDA2RTk3fQ==", "$type": "00"},"dtSerial":"05/24/04 17:44:33","fSyncLast":0,"huiview":6,"fUpdated":1,"fSynced":0}
{"hparm":43,"szName":"paramSortBy","parmt":3,"rgbVal":{"$binary": "/v9E8A==", "$type": "00"},"sguid":{"$binary": "ezVFNjI4QkI4LURBMzEtNERCNS1CQTZFQUJBREJFNkVFNzQzfQ==", "$type": "00"},"dtSerial":"05/24/04 17:44:33","fSyncLast":0,"huiview":7,"fUpdated":1,"fSynced":0}
{"hparm":44,"szName":"paramSortAsc","parmt":11,"rgbVal":{"$binary": "//8=", "$type": "00"},"sguid":{"$binary": "e0M1QzRDRkJDLTcyNzQtNEM4Qy1CNDVDM0VCMzRGRTQwNTJGfQ==", "$type": "00"},"dtSerial":"05/24/04 17:44:33","fSyncLast":0,"huiview":7,"fUpdated":1,"fSynced":0}
{"hparm":45,"szName":"paramGroupBy","parmt":8,"rgbVal":{"$binary": "YwB0AFAAbwBzAEcAcgBvAHUAcABCAHkAQQBjAGMAdAA=", "$type": "00"},"sguid":{"$binary": "ezQ3RUEwRjlELUM4QzctNEZENC1BNEM0MjU4RDQ1MENENDU2fQ==", "$type": "00"},"dtSerial":"05/24/04 17:44:33","fSyncLast":0,"huiview":7,"fUpdated":1,"fSynced":0}
{"hparm":46,"szName":"paramAcctFilter","parmt":3,"rgbVal":{"$binary": "EAAAAA==", "$type": "00"},"sguid":{"$binary": "e0E1N0JCMzJGLUM0QUYtNENCOS04OUI5NDQ0MUVDQzRCQzlFfQ==", "$type": "00"},"dtSerial":"05/24/04 17:44:33","fSyncLast":0,"huiview":7,"fUpdated":1,"fSynced":0}
{"hparm":47,"szName":"paramSoldFilter","parmt":3,"rgbVal":{"$binary": "AAAAAA==", "$type": "00"},"sguid":{"$binary": "ezgyOEUyRTg4LUM1Q0EtNENBRS04OTRDRjk3QTVBRDUxODYzfQ==", "$type": "00"},"dtSerial":"05/24/04 17:44:33","fSyncLast":0,"huiview":7,"fUpdated":1,"fSynced":0}
{"hparm":48,"szName":"paramSecFilter","parmt":3,"rgbVal":{"$binary": "EAAAAA==", "$type": "00"},"sguid":{"$binary": "ezU0NDM1NThBLUUwQzctNDMxQS1BOTRDODY3MTQwRjg4NTNDfQ==", "$type": "00"},"dtSerial":"05/24/04 17:44:33","fSyncLast":0,"huiview":7,"fUpdated":1,"fSynced":0}
{"hparm":49,"szName":"paramSecTypes","parmt":3,"rgbVal":{"$binary": "AAAAAA==", "$type": "00"},"sguid":{"$binary": "ezJENjg4MERELUUwRTEtNEM1Ny1BMUE1MDY3NjA3MURFRTc4fQ==", "$type": "00"},"dtSerial":"05/24/04 17:44:33","fSyncLast":0,"huiview":7,"fUpdated":1,"fSynced":0}
{"hparm":50,"szName":"paramSortBy","parmt":3,"rgbVal":{"$binary": "/v9E8A==", "$type": "00"},"sguid":{"$binary": "e0E2MTBDQkEwLTNDNEItNENFOS1BQzcxRUUzRTM3ODQyQkE4fQ==", "$type": "00"},"dtSerial":"05/24/04 17:44:33","fSyncLast":0,"huiview":8,"fUpdated":1,"fSynced":0}
{"hparm":51,"szName":"paramSortAsc","parmt":11,"rgbVal":{"$binary": "//8=", "$type": "00"},"sguid":{"$binary": "e0E3RjFBNDJCLTkyM0MtNENCQS04QjgyRjhBRUQzOERBNjFBfQ==", "$type": "00"},"dtSerial":"05/24/04 17:44:33","fSyncLast":0,"huiview":8,"fUpdated":1,"fSynced":0}
{"hparm":52,"szName":"paramGroupBy","parmt":8,"rgbVal":{"$binary": "YwB0AFAAbwBzAEcAcgBvAHUAcABCAHkAQQBjAGMAdAA=", "$type": "00"},"sguid":{"$binary": "e0Y5QTI4ODUyLTYzMDYtNEQyNy05NUY2OEE0NURFRTQzRUU3fQ==", "$type": "00"},"dtSerial":"05/24/04 17:44:33","fSyncLast":0,"huiview":8,"fUpdated":1,"fSynced":0}
{"hparm":53,"szName":"paramAcctFilter","parmt":3,"rgbVal":{"$binary": "EAAAAA==", "$type": "00"},"sguid":{"$binary": "ezI1NEEzRTgzLUY5OUYtNDk1RC1CNDc2N0E0RThGQkJDODk2fQ==", "$type": "00"},"dtSerial":"05/24/04 17:44:33","fSyncLast":0,"huiview":8,"fUpdated":1,"fSynced":0}
{"hparm":54,"szName":"paramSoldFilter","parmt":3,"rgbVal":{"$binary": "AAAAAA==", "$type": "00"},"sguid":{"$binary": "e0Q2RkNCRjY5LTBBNzYtNEJFRS1BMkI4M0VCMTEyODcwOTRCfQ==", "$type": "00"},"dtSerial":"05/24/04 17:44:33","fSyncLast":0,"huiview":8,"fUpdated":1,"fSynced":0}
{"hparm":55,"szName":"paramSecFilter","parmt":3,"rgbVal":{"$binary": "EAAAAA==", "$type": "00"},"sguid":{"$binary": "ezVDQjQ4MDAyLTk2MjMtNDhGMC1BN0YxMTZBQUVDRUYzQ0YyfQ==", "$type": "00"},"dtSerial":"05/24/04 17:44:33","fSyncLast":0,"huiview":8,"fUpdated":1,"fSynced":0}
{"hparm":56,"szName":"paramSecTypes","parmt":3,"rgbVal":{"$binary": "AAAAAA==", "$type": "00"},"sguid":{"$binary": "ezU4NTVDQTgwLUZFNkItNDc3Ri05RTg0NURENjU0RDhBNDIxfQ==", "$type": "00"},"dtSerial":"05/24/04 17:44:33","fSyncLast":0,"huiview":8,"fUpdated":1,"fSynced":0}
{"hparm":57,"szName":"paramSortBy","parmt":3,"rgbVal":{"$binary": "/v9E8A==", "$type": "00"},"sguid":{"$binary": "e0RFNjg3RUJDLTZFMEYtNDk0OC04NjQ0QTg4QzY4NEFDOTA1fQ==", "$type": "00"},"dtSerial":"05/24/04 17:44:34","fSyncLast":0,"huiview":9,"fUpdated":1,"fSynced":0}
{"hparm":58,"szName":"paramSortAsc","parmt":11,"rgbVal":{"$binary": "//8=", "$type": "00"},"sguid":{"$binary": "ezFDMzkyOEI2LTNBOUUtNEQzNS05MjIyNzI2QjY5RDU2QjlGfQ==", "$type": "00"},"dtSerial":"05/24/04 17:44:34","fSyncLast":0,"huiview":9,"fUpdated":1,"fSynced":0}
{"hparm":59,"szName":"paramGroupBy","parmt":8,"rgbVal":{"$binary": "YwB0AEwAdQBtAHAAZQBkAFAAbwBzAFcAaQB0AGgAQQBnAGcAcwA=", "$type": "00"},"sguid":{"$binary": "e0JGODI5RjAyLUE3M0UtNEYyMy1CRTVENTc4MEIyODg0QjQyfQ==", "$type": "00"},"dtSerial":"05/24/04 17:44:34","fSyncLast":0,"huiview":9,"fUpdated":1,"fSynced":0}
{"hparm":60,"szName":"paramAcctFilter","parmt":3,"rgbVal":{"$binary": "EAAAAA==", "$type": "00"},"sguid":{"$binary": "e0UzQTU2NzA1LTk3MTAtNDQ5Ny1CRkMyQTAwNjU1MkU5OTdBfQ==", "$type": "00"},"dtSerial":"05/24/04 17:44:34","fSyncLast":0,"huiview":9,"fUpdated":1,"fSynced":0}
{"hparm":61,"szName":"paramSoldFilter","parmt":3,"rgbVal":{"$binary": "AAAAAA==", "$type": "00"},"sguid":{"$binary": "ezY4MDVENDkwLUI1NzMtNDdDMi1CMTdDQUNBNTM4NEY4REExfQ==", "$type": "00"},"dtSerial":"05/24/04 17:44:34","fSyncLast":0,"huiview":9,"fUpdated":1,"fSynced":0}
{"hparm":62,"szName":"paramSecFilter","parmt":3,"rgbVal":{"$binary": "AAAAAA==", "$type": "00"},"sguid":{"$binary": "e0IyREJDQ0FFLURERDUtNDkwMC1CNTA2NDU2QjI1NUVCNjgxfQ==", "$type": "00"},"dtSerial":"05/24/04 17:44:34","fSyncLast":0,"huiview":9,"fUpdated":1,"fSynced":0}
{"hparm":63,"szName":"paramSecTypes","parmt":3,"rgbVal":{"$binary": "BgAAAA==", "$type": "00"},"sguid":{"$binary": "e0Q0ODA5MTU4LUFGQzAtNERFNC1CMThDQUJBQzE5MUYwQjNEfQ==", "$type": "00"},"dtSerial":"05/24/04 17:44:34","fSyncLast":0,"huiview":9,"fUpdated":1,"fSynced":0}
{"hparm":64,"szName":"paramSortBy","parmt":3,"rgbVal":{"$binary": "/v9E8A==", "$type": "00"},"sguid":{"$binary": "ezNCRTUzNEMzLTk1QzgtNDg3NC04QUVDNUI5RTU1NUQ3MzQzfQ==", "$type": "00"},"dtSerial":"05/24/04 17:44:34","fSyncLast":0,"huiview":10,"fUpdated":1,"fSynced":0}
{"hparm":65,"szName":"paramSortAsc","parmt":11,"rgbVal":{"$binary": "//8=", "$type": "00"},"sguid":{"$binary": "ezU0NDIwRjlCLTU5NDctNDdEQS1BRUVDNUIxMzg4MTIyMTY4fQ==", "$type": "00"},"dtSerial":"05/24/04 17:44:34","fSyncLast":0,"huiview":10,"fUpdated":1,"fSynced":0}
{"hparm":66,"szName":"paramGroupBy","parmt":8,"rgbVal":{"$binary": "YwB0AEwAdQBtAHAAZQBkAFAAbwBzAFcAaQB0AGgAQQBnAGcAcwA=", "$type": "00"},"sguid":{"$binary": "ezg1NTZCRDJBLTBCRTQtNEIwQy1BODk5MUYyOEMzQ0FBQTg0fQ==", "$type": "00"},"dtSerial":"05/24/04 17:44:34","fSyncLast":0,"huiview":10,"fUpdated":1,"fSynced":0}
{"hparm":67,"szName":"paramAcctFilter","parmt":3,"rgbVal":{"$binary": "EAAAAA==", "$type": "00"},"sguid":{"$binary": "e0IxNThFMkRDLTZFNkYtNDVGNi05QjdDNTRBMjFDRTI2MkU2fQ==", "$type": "00"},"dtSerial":"05/24/04 17:44:34","fSyncLast":0,"huiview":10,"fUpdated":1,"fSynced":0}
{"hparm":68,"szName":"paramSoldFilter","parmt":3,"rgbVal":{"$binary": "AAAAAA==", "$type": "00"},"sguid":{"$binary": "e0M2NENDRUFELTgyNjgtNEUwOS04NEYzRTQzRTlENUQ4OERBfQ==", "$type": "00"},"dtSerial":"05/24/04 17:44:34","fSyncLast":0,"huiview":10,"fUpdated":1,"fSynced":0}
{"hparm":69,"szName":"paramSecFilter","parmt":3,"rgbVal":{"$binary": "AAAAAA==", "$type": "00"},"sguid":{"$binary": "ezgyMjI2MjJGLTgxNTctNDdDOC04QUJBMDA3N0UzMzFCRkYzfQ==", "$type": "00"},"dtSerial":"05/24/04 17:44:34","fSyncLast":0,"huiview":10,"fUpdated":1,"fSynced":0}
{"hparm":70,"szName":"paramSecTypes","parmt":3,"rgbVal":{"$binary": "CAAAAA==", "$type": "00"},"sguid":{"$binary": "e0E2RTc4MDJBLTIzREMtNDg3Mi04MzI5QURCN0ExQjZDNDZEfQ==", "$type": "00"},"dtSerial":"05/24/04 17:44:34","fSyncLast":0,"huiview":10,"fUpdated":1,"fSynced":0}
{"hparm":71,"szName":"paramSortBy","parmt":3,"rgbVal":{"$binary": "EQCAgA==", "$type": "00"},"sguid":{"$binary": "e0U1ODg0QkRELUVCQ0ItNEE4OS04RDU4MThFMEI5NDZDNjM0fQ==", "$type": "00"},"dtSerial":"05/24/04 17:44:34","fSyncLast":0,"huiview":11,"fUpdated":1,"fSynced":0}
{"hparm":72,"szName":"paramSortAsc","parmt":11,"rgbVal":{"$binary": "//8=", "$type": "00"},"sguid":{"$binary": "ezU5RDE1MjM5LTA5MkItNDI1Ni05QzQ1QUU4NEU4RURFQUUxfQ==", "$type": "00"},"dtSerial":"05/24/04 17:44:34","fSyncLast":0,"huiview":11,"fUpdated":1,"fSynced":0}
{"hparm":73,"szName":"paramGroupBy","parmt":8,"rgbVal":{"$binary": "YwB0AEwAdQBtAHAAZQBkAFAAbwBzAFcAaQB0AGgAQQBnAGcAcwA=", "$type": "00"},"sguid":{"$binary": "e0RGQ0U5QzVBLUY2RkEtNEJCMC1BRTIwODM3RkNENTA1Mjc4fQ==", "$type": "00"},"dtSerial":"05/24/04 17:44:34","fSyncLast":0,"huiview":11,"fUpdated":1,"fSynced":0}
{"hparm":74,"szName":"paramAcctFilter","parmt":3,"rgbVal":{"$binary": "EAAAAA==", "$type": "00"},"sguid":{"$binary": "ezYzMTgyOTVDLUUzOTQtNDkwQi1CQjFERUJDOEFCRjdGNTBCfQ==", "$type": "00"},"dtSerial":"05/24/04 17:44:34","fSyncLast":0,"huiview":11,"fUpdated":1,"fSynced":0}
{"hparm":75,"szName":"paramSoldFilter","parmt":3,"rgbVal":{"$binary": "AAAAAA==", "$type": "00"},"sguid":{"$binary": "ezhFQkEyRjcxLUM0OTAtNDJFNy04RTRDNDUwRTUxMTYyNkZBfQ==", "$type": "00"},"dtSerial":"05/24/04 17:44:34","fSyncLast":0,"huiview":11,"fUpdated":1,"fSynced":0}
{"hparm":76,"szName":"paramSecFilter","parmt":3,"rgbVal":{"$binary": "AAAAAA==", "$type": "00"},"sguid":{"$binary": "ezNDQUJFRDhDLUE2RDEtNDkyNy1BNkUzMTc0RjA0NjM4NjA4fQ==", "$type": "00"},"dtSerial":"05/24/04 17:44:34","fSyncLast":0,"huiview":11,"fUpdated":1,"fSynced":0}
{"hparm":77,"szName":"paramSecTypes","parmt":3,"rgbVal":{"$binary": "BQAAAA==", "$type": "00"},"sguid":{"$binary": "ezBFQTQ5QzMyLTQzQ0UtNDI5MS1BQTY0MzExNTYwQTY0QkJFfQ==", "$type": "00"},"dtSerial":"05/24/04 17:44:34","fSyncLast":0,"huiview":11,"fUpdated":1,"fSynced":0}
{"hparm":78,"szName":"paramSortBy","parmt":3,"rgbVal":{"$binary": "/v9E8A==", "$type": "00"},"sguid":{"$binary": "e0I3NUU4MDhGLUUzMzAtNDZDMS04NzU5OUFGOEQ4MTc1MTM2fQ==", "$type": "00"},"dtSerial":"05/24/04 17:44:34","fSyncLast":0,"huiview":12,"fUpdated":1,"fSynced":0}
{"hparm":79,"szName":"paramSortAsc","parmt":11,"rgbVal":{"$binary": "//8=", "$type": "00"},"sguid":{"$binary": "ezg4QUYxQzE1LUMyN0MtNDY2RC05OTQ3RkQwMzJFRDgyQTAxfQ==", "$type": "00"},"dtSerial":"05/24/04 17:44:34","fSyncLast":0,"huiview":12,"fUpdated":1,"fSynced":0}
{"hparm":80,"szName":"paramGroupBy","parmt":8,"rgbVal":{"$binary": "YwB0AFAAbwBzAEcAcgBvAHUAcABCAHkAQQBjAGMAdAA=", "$type": "00"},"sguid":{"$binary": "e0ExREQ5RTg4LUJGNkYtNDExOC04MzQ4QUQyNkE5MDI4NEE3fQ==", "$type": "00"},"dtSerial":"05/24/04 17:44:34","fSyncLast":0,"huiview":12,"fUpdated":1,"fSynced":0}
{"hparm":81,"szName":"paramAcctFilter","parmt":3,"rgbVal":{"$binary": "EAAAAA==", "$type": "00"},"sguid":{"$binary": "e0ExRTgwMDc4LTNFMjEtNEM3RS04NzI3MUVDQTE0QTU1MTgzfQ==", "$type": "00"},"dtSerial":"05/24/04 17:44:34","fSyncLast":0,"huiview":12,"fUpdated":1,"fSynced":0}
{"hparm":82,"szName":"paramSoldFilter","parmt":3,"rgbVal":{"$binary": "AAAAAA==", "$type": "00"},"sguid":{"$binary": "ezNEQTJCNjMwLTZFQjEtNDcxMC05N0I4OUNCMjJEQzM4ODk0fQ==", "$type": "00"},"dtSerial":"05/24/04 17:44:34","fSyncLast":0,"huiview":12,"fUpdated":1,"fSynced":0}
{"hparm":83,"szName":"paramSecFilter","parmt":3,"rgbVal":{"$binary": "EAAAAA==", "$type": "00"},"sguid":{"$binary": "ezM4QjkxOEI4LUE5ODEtNDk2MS1CRjk2OUY2MDdGNkYzMTU0fQ==", "$type": "00"},"dtSerial":"05/24/04 17:44:34","fSyncLast":0,"huiview":12,"fUpdated":1,"fSynced":0}
{"hparm":84,"szName":"paramSecTypes","parmt":3,"rgbVal":{"$binary": "AAAAAA==", "$type": "00"},"sguid":{"$binary": "ezY3RkE3MzI5LTdGN0UtNDA5MS1BRkYyMTNDMzMxODZDQjhGfQ==", "$type": "00"},"dtSerial":"05/24/04 17:44:34","fSyncLast":0,"huiview":12,"fUpdated":1,"fSynced":0}
{"hparm":85,"szName":"paramSortBy","parmt":3,"rgbVal":{"$binary": "/v9E8A==", "$type": "00"},"sguid":{"$binary": "ezRCN0VCNURBLUMxNzctNDVDQS04NEJBM0YwRDJFMEU4Nzg0fQ==", "$type": "00"},"dtSerial":"05/24/04 17:44:34","fSyncLast":0,"huiview":13,"fUpdated":1,"fSynced":0}
{"hparm":86,"szName":"paramSortAsc","parmt":11,"rgbVal":{"$binary": "//8=", "$type": "00"},"sguid":{"$binary": "ezM3QTcwQUNGLUY3NUMtNDA2MS04OTREQUM5RDM3NUJBOEVFfQ==", "$type": "00"},"dtSerial":"05/24/04 17:44:34","fSyncLast":0,"huiview":13,"fUpdated":1,"fSynced":0}
{"hparm":87,"szName":"paramGroupBy","parmt":8,"rgbVal":{"$binary": "YwB0AEEAYwBjAHQAUwB1AG0AbQBhAHIAeQA=", "$type": "00"},"sguid":{"$binary": "e0ZDREY4QzUzLUI0ODAtNERBMC1CNzlDQzQxMjBGNDUyNTI2fQ==", "$type": "00"},"dtSerial":"05/24/04 17:44:34","fSyncLast":0,"huiview":13,"fUpdated":1,"fSynced":0}
{"hparm":88,"szName":"paramAcct","parmt":3,"rgbVal":{"$binary": "AQAAAA==", "$type": "00"},"sguid":{"$binary": "ezUzNTgzQ0ZBLTM4MTYtNDQ2Ny04NEQ1RTRGODEzMDgzODFBfQ==", "$type": "00"},"dtSerial":"05/24/04 17:44:34","fSyncLast":0,"huiview":13,"fUpdated":1,"fSynced":0}
{"hparm":89,"szName":"paramSoldFilter","parmt":3,"rgbVal":{"$binary": "AAAAAA==", "$type": "00"},"sguid":{"$binary": "ezY0RDE2MTRCLTk5NUMtNEU5NS04MkMyMUFERTdEMUQyNjQwfQ==", "$type": "00"},"dtSerial":"05/24/04 17:44:34","fSyncLast":0,"huiview":13,"fUpdated":1,"fSynced":0}
{"hparm":90,"szName":"paramAcctList","parmt":8,"rgbVal":{"$binary": "CAAAAEgAAAAQAAAATQAAAE8AAAAaAAAAQgAAAEsAAAACAAAA", "$type": "00"},"sguid":{"$binary": "ezVDRDhFRTRBLUMwNDItNEZFNy05OEE4NDQ4NzlBQUQ5MUVEfQ==", "$type": "00"},"dtSerial":"05/03/07 12:35:40","fSyncLast":0,"huiview":1,"fUpdated":1,"fSynced":0}
{"hparm":91,"szName":"ICPreference","parmt":3,"rgbVal":{"$binary": "E2AAAA==", "$type": "00"},"sguid":{"$binary": "ezdGOTc5RjNBLTIwRkEtNDE0MC1CM0JGNEVBOUFCRUI1QzFCfQ==", "$type": "00"},"dtSerial":"05/03/07 12:44:57","fSyncLast":0,"huiview":1,"fUpdated":1,"fSynced":0}
{"hparm":92,"szName":"CrncSetting","parmt":8,"rgbVal":{"$binary": "SQBuAHQAdQBpAHQAaQB2AGUA", "$type": "00"},"sguid":{"$binary": "e0VDMDlCODUwLTA4QjQtNDVFQS1CMzczM0RGQTg5RkEwNDVGfQ==", "$type": "00"},"dtSerial":"05/03/07 12:44:57","fSyncLast":0,"huiview":1,"fUpdated":1,"fSynced":0}
{"hparm":93,"szName":"DtEnd","parmt":7,"rgbVal":{"$binary": "AAAAAKAk40A=", "$type": "00"},"sguid":{"$binary": "ezU2NEM3MjZELUU5NTEtNDMxNS1COEJDNDk4NzRCQUE4Njc2fQ==", "$type": "00"},"dtSerial":"05/03/07 12:44:57","fSyncLast":0,"huiview":1,"fUpdated":1,"fSynced":0}
