{"hacct":2,"ctrnUnprinted":0,"ctrnUnsent":0,"cstmt":0}
{"hacct":3,"ctrnUnprinted":0,"ctrnUnsent":0,"amtBalance":281658293809529.5352,"cstmt":0}
{"hacct":16,"ctrnUnprinted":0,"ctrnUnsent":0,"cstmt":0}
{"hacct":17,"ctrnUnprinted":0,"ctrnUnsent":0,"amtBalance":281658294050313.6792,"cstmt":0}
{"hacct":18,"ctrnUnprinted":0,"ctrnUnsent":0,"amtBalance":-281658293763497.8048,"szIdMost":"0         195","cstmt":0}
{"hacct":19,"ctrnUnprinted":0,"ctrnUnsent":0,"amtBalance":-281658293809235.8320,"cstmt":0}
{"hacct":26,"ctrnUnprinted":0,"ctrnUnsent":0,"cstmt":0}
{"hacct":39,"ctrnUnprinted":0,"ctrnUnsent":0,"amtBalance":-281658293822085.7976,"cstmt":0}
{"hacct":42,"ctrnUnprinted":0,"ctrnUnsent":0,"amtBalance":-281658293777556.3496,"cstmt":0}
{"hacct":63,"ctrnUnprinted":0,"ctrnUnsent":0,"amtBalance":-281658293809235.8320,"cstmt":0}
{"hacct":66,"ctrnUnprinted":0,"ctrnUnsent":0,"cstmt":0}
{"hacct":67,"ctrnUnprinted":0,"ctrnUnsent":0,"amtBalance":281658293759760.9248,"cstmt":0}
{"hacct":68,"ctrnUnprinted":0,"ctrnUnsent":0,"amtBalance":-281658293816140.9368,"cstmt":0}
{"hacct":69,"ctrnUnprinted":0,"ctrnUnsent":0,"amtBalance":-281658293821868.4656,"cstmt":0}
{"hacct":72,"ctrnUnprinted":0,"ctrnUnsent":0,"cstmt":0}
{"hacct":73,"ctrnUnprinted":0,"ctrnUnsent":0,"amtBalance":281658293814593.3748,"cstmt":0}
{"hacct":74,"ctrnUnprinted":0,"ctrnUnsent":0,"amtBalance":-281658293809235.8320,"cstmt":0}
{"hacct":75,"ctrnUnprinted":0,"ctrnUnsent":0,"cstmt":0}
{"hacct":76,"ctrnUnprinted":0,"ctrnUnsent":0,"amtBalance":-281658293809235.8320,"cstmt":0}
{"hacct":77,"ctrnUnprinted":0,"ctrnUnsent":0,"cstmt":0}
{"hacct":78,"ctrnUnprinted":0,"ctrnUnsent":0,"amtBalance":-281658293809034.9152,"cstmt":0}
{"hacct":79,"ctrnUnprinted":0,"ctrnUnsent":0,"cstmt":0}
{"hacct":80,"ctrnUnprinted":0,"ctrnUnsent":0,"amtBalance":-281658293806928.3024,"cstmt":0}
