{"hxmapsat":1,"szMCCat":"Large Growth","sat":4}
{"hxmapsat":2,"szMCCat":"Mid-Cap Growth","sat":3}
{"hxmapsat":3,"szMCCat":"Small Growth","sat":2}
{"hxmapsat":4,"szMCCat":"Large Blend","sat":4}
{"hxmapsat":5,"szMCCat":"Mid-Cap Blend","sat":3}
{"hxmapsat":6,"szMCCat":"Small Blend","sat":2}
{"hxmapsat":7,"szMCCat":"Large Value","sat":4}
{"hxmapsat":8,"szMCCat":"Mid-Cap Value","sat":3}
{"hxmapsat":9,"szMCCat":"Small Value","sat":2}
{"hxmapsat":10,"szMCCat":"Specialty-Precious Metals","sat":6}
{"hxmapsat":11,"szMCCat":"Specialty-Natural Res","sat":6}
{"hxmapsat":12,"szMCCat":"Specialty-Technology","sat":6}
{"hxmapsat":13,"szMCCat":"Specialty-Utilities","sat":6}
{"hxmapsat":14,"szMCCat":"Specialty-Health","sat":6}
{"hxmapsat":15,"szMCCat":"Specialty-Financial","sat":6}
{"hxmapsat":16,"szMCCat":"Specialty-Real Estate","sat":6}
{"hxmapsat":17,"szMCCat":"Specialty-Communications","sat":6}
{"hxmapsat":18,"szMCCat":"Domestic Hybrid","sat":6}
{"hxmapsat":19,"szMCCat":"Convertibles","sat":6}
{"hxmapsat":20,"szMCCat":"Foreign Stock","sat":6}
{"hxmapsat":21,"szMCCat":"World Stock","sat":6}
{"hxmapsat":22,"szMCCat":"Europe Stock","sat":6}
{"hxmapsat":23,"szMCCat":"Diversified Pacific/Asia","sat":6}
{"hxmapsat":24,"szMCCat":"Pacific/Asia ex-Japan Stk","sat":6}
{"hxmapsat":25,"szMCCat":"Japan Stock","sat":6}
{"hxmapsat":26,"szMCCat":"Diversified Emerging Mkts","sat":6}
{"hxmapsat":27,"szMCCat":"Latin America Stock","sat":6}
{"hxmapsat":28,"szMCCat":"International Hybrid","sat":6}
{"hxmapsat":29,"szMCCat":"Long Government","sat":1}
{"hxmapsat":30,"szMCCat":"Intermediate Government","sat":1}
{"hxmapsat":31,"szMCCat":"Short Government","sat":1}
{"hxmapsat":32,"szMCCat":"Long-Term Bond","sat":1}
{"hxmapsat":33,"szMCCat":"Interm-Term Bond","sat":1}
{"hxmapsat":34,"szMCCat":"Short-Term Bond","sat":1}
{"hxmapsat":35,"szMCCat":"Ultrashort Bond","sat":1}
{"hxmapsat":36,"szMCCat":"High Yield Bond","sat":1}
{"hxmapsat":37,"szMCCat":"Multisector Bond","sat":1}
{"hxmapsat":38,"szMCCat":"International Bond","sat":1}
{"hxmapsat":39,"szMCCat":"Emerging Markets Bond","sat":1}
{"hxmapsat":40,"szMCCat":"Muni National Long","sat":1}
{"hxmapsat":41,"szMCCat":"Muni National Interm","sat":1}
{"hxmapsat":42,"szMCCat":"Muni Single State Long","sat":1}
{"hxmapsat":43,"szMCCat":"Muni Single State Interm","sat":1}
{"hxmapsat":44,"szMCCat":"Muni Short","sat":1}
{"hxmapsat":45,"szMCCat":"Muni New York Intermediate-Term","sat":1}
{"hxmapsat":46,"szMCCat":"Muni New York Long-Term","sat":1}
{"hxmapsat":47,"szMCCat":"Muni California Intermediate-Term","sat":1}
{"hxmapsat":48,"szMCCat":"Muni California Long","sat":1}
{"hxmapsat":49,"szMCCat":"Muni New York Interm","sat":1}
{"hxmapsat":50,"szMCCat":"Muni New York Long","sat":1}
{"hxmapsat":51,"szMCCat":"Muni California Interm","sat":1}
