{"hpay":1,"amtBal":0.0000}
{"hpay":2,"amtBal":0.0000}
{"hpay":3,"amtBal":0.0000}
{"hpay":4,"amtBal":0.0000}
{"hpay":5,"amtBal":0.0000}
{"hpay":6,"amtBal":0.0000}
{"hpay":7,"amtBal":0.0000}
{"hpay":8,"amtBal":0.0000}
{"hpay":9,"amtBal":0.0000}
{"hpay":10,"amtBal":0.0000}
{"hpay":11,"amtBal":0.0000}
{"hpay":12,"amtBal":0.0000}
{"hpay":13,"amtBal":0.0000}
{"hpay":14,"amtBal":0.0000}
{"hpay":15,"amtBal":0.0000}
{"hpay":16,"amtBal":0.0000}
{"hpay":17,"amtBal":0.0000}
{"hpay":18,"amtBal":0.0000}
{"hpay":19,"amtBal":0.0000}
{"hpay":20,"amtBal":0.0000}
{"hpay":21,"amtBal":0.0000}
{"hpay":22,"amtBal":0.0000}
{"hpay":23,"amtBal":0.0000}
{"hpay":24,"amtBal":0.0000}
{"hpay":25,"amtBal":0.0000}
{"hpay":26,"amtBal":0.0000}
{"hpay":27,"amtBal":0.0000}
{"hpay":28,"amtBal":0.0000}
{"hpay":29,"amtBal":0.0000}
{"hpay":30,"amtBal":0.0000}
{"hpay":31,"amtBal":0.0000}
{"hpay":32,"amtBal":0.0000}
{"hpay":33,"amtBal":0.0000}
{"hpay":34,"amtBal":0.0000}
{"hpay":35,"amtBal":0.0000}
{"hpay":36,"amtBal":0.0000}
{"hpay":37,"amtBal":0.0000}
{"hpay":38,"amtBal":0.0000}
{"hpay":39,"amtBal":0.0000}
{"hpay":40,"amtBal":0.0000}
{"hpay":41,"amtBal":0.0000}
{"hpay":42,"amtBal":0.0000}
{"hpay":43,"amtBal":0.0000}
{"hpay":44,"amtBal":0.0000}
{"hpay":45,"amtBal":0.0000}
{"hpay":46,"amtBal":0.0000}
{"hpay":47,"amtBal":0.0000}
{"hpay":48,"amtBal":0.0000}
{"hpay":49,"amtBal":0.0000}
{"hpay":50,"amtBal":0.0000}
{"hpay":51,"amtBal":0.0000}
{"hpay":52,"amtBal":0.0000}
{"hpay":53,"amtBal":0.0000}
{"hpay":54,"amtBal":0.0000}
{"hpay":55,"amtBal":0.0000}
{"hpay":56,"amtBal":0.0000}
{"hpay":57,"amtBal":0.0000}
{"hpay":58,"amtBal":0.0000}
{"hpay":59,"amtBal":0.0000}
{"hpay":60,"amtBal":0.0000}
{"hpay":61,"amtBal":0.0000}
{"hpay":62,"amtBal":0.0000}
{"hpay":63,"amtBal":0.0000}
{"hpay":64,"amtBal":0.0000}
{"hpay":65,"amtBal":0.0000}
{"hpay":66,"amtBal":0.0000}
{"hpay":67,"amtBal":0.0000}
{"hpay":68,"amtBal":0.0000}
{"hpay":69,"amtBal":0.0000}
{"hpay":70,"amtBal":0.0000}
{"hpay":71,"amtBal":0.0000}
{"hpay":72,"amtBal":0.0000}
{"hpay":73,"amtBal":0.0000}
{"hpay":74,"amtBal":0.0000}
{"hpay":75,"amtBal":0.0000}
{"hpay":76,"amtBal":0.0000}
{"hpay":77,"amtBal":0.0000}
{"hpay":78,"amtBal":0.0000}
{"hpay":79,"amtBal":0.0000}
{"hpay":80,"amtBal":0.0000}
{"hpay":81,"amtBal":0.0000}
{"hpay":82,"amtBal":0.0000}
{"hpay":83,"amtBal":0.0000}
{"hpay":84,"amtBal":0.0000}
{"hpay":85,"amtBal":0.0000}
{"hpay":86,"amtBal":0.0000}
{"hpay":87,"amtBal":0.0000}
{"hpay":88,"amtBal":0.0000}
{"hpay":89,"amtBal":0.0000}
{"hpay":90,"amtBal":0.0000}
{"hpay":91,"amtBal":0.0000}
{"hpay":92,"amtBal":0.0000}
{"hpay":93,"amtBal":0.0000}
{"hpay":94,"amtBal":0.0000}
{"hpay":95,"amtBal":0.0000}
{"hpay":96,"amtBal":0.0000}
{"hpay":97,"amtBal":0.0000}
{"hpay":98,"amtBal":0.0000}
{"hpay":99,"amtBal":0.0000}
{"hpay":100,"amtBal":0.0000}
{"hpay":101,"amtBal":0.0000}
{"hpay":102,"amtBal":0.0000}
{"hpay":103,"amtBal":0.0000}
{"hpay":104,"amtBal":0.0000}
{"hpay":105,"amtBal":0.0000}
{"hpay":106,"amtBal":0.0000}
{"hpay":107,"amtBal":0.0000}
{"hpay":108,"amtBal":0.0000}
{"hpay":109,"amtBal":0.0000}
{"hpay":110,"amtBal":0.0000}
{"hpay":111,"amtBal":0.0000}
{"hpay":112,"amtBal":0.0000}
{"hpay":113,"amtBal":0.0000}
{"hpay":114,"amtBal":0.0000}
{"hpay":115,"amtBal":0.0000}
{"hpay":116,"amtBal":0.0000}
{"hpay":117,"amtBal":0.0000}
{"hpay":118,"amtBal":0.0000}
{"hpay":119,"amtBal":0.0000}
{"hpay":120,"amtBal":0.0000}
{"hpay":121,"amtBal":0.0000}
{"hpay":122,"amtBal":0.0000}
{"hpay":123,"amtBal":0.0000}
{"hpay":124,"amtBal":0.0000}
{"hpay":125,"amtBal":0.0000}
{"hpay":126,"amtBal":0.0000}
{"hpay":127,"amtBal":0.0000}
{"hpay":128,"amtBal":0.0000}
{"hpay":129,"amtBal":0.0000}
{"hpay":130,"amtBal":0.0000}
{"hpay":131,"amtBal":0.0000}
{"hpay":132,"amtBal":0.0000}
{"hpay":133,"amtBal":0.0000}
{"hpay":134,"amtBal":0.0000}
{"hpay":135,"amtBal":0.0000}
{"hpay":136,"amtBal":0.0000}
{"hpay":137,"amtBal":0.0000}
{"hpay":138,"amtBal":0.0000}
{"hpay":139,"amtBal":0.0000}
{"hpay":140,"amtBal":0.0000}
{"hpay":141,"amtBal":0.0000}
{"hpay":142,"amtBal":0.0000}
{"hpay":143,"amtBal":0.0000}
{"hpay":144,"amtBal":0.0000}
{"hpay":145,"amtBal":0.0000}
{"hpay":146,"amtBal":0.0000}
{"hpay":147,"amtBal":0.0000}
{"hpay":148,"amtBal":0.0000}
{"hpay":149,"amtBal":0.0000}
{"hpay":150,"amtBal":0.0000}
{"hpay":151,"amtBal":0.0000}
{"hpay":152,"amtBal":0.0000}
{"hpay":153,"amtBal":0.0000}
{"hpay":154,"amtBal":0.0000}
{"hpay":155,"amtBal":0.0000}
{"hpay":156,"amtBal":0.0000}
{"hpay":157,"amtBal":0.0000}
{"hpay":158,"amtBal":0.0000}
{"hpay":159,"amtBal":0.0000}
{"hpay":160,"amtBal":0.0000}
{"hpay":161,"amtBal":0.0000}
{"hpay":162,"amtBal":0.0000}
{"hpay":163,"amtBal":0.0000}
{"hpay":164,"amtBal":0.0000}
{"hpay":165,"amtBal":0.0000}
